state,state_no,state_name,state_fips,state_icpsr,year,std_bowen1,std_bowen2
AK,2,Alaska,2,81,1987,1.9701391,0.77498525
AK,2,Alaska,2,81,1988,1.9701391,0.77498525
AK,2,Alaska,2,81,1989,1.075467,0.3540453
AK,2,Alaska,2,81,1990,1.075467,0.3540453
AK,2,Alaska,2,81,1991,1.2316277,-0.061834201
AK,2,Alaska,2,81,1992,1.2316277,-0.061834201
AK,2,Alaska,2,81,1993,1.0684826,-0.12520589
AK,2,Alaska,2,81,1994,1.0684826,-0.12520589
AK,2,Alaska,2,81,1995,1.0200046,0.21242429
AK,2,Alaska,2,81,1996,1.0200046,0.21242429
AK,2,Alaska,2,81,1997,0.81798357,0.29248706
AK,2,Alaska,2,81,1998,0.81798357,0.29248706
AK,2,Alaska,2,81,1999,0.6705302,0.14830035
AK,2,Alaska,2,81,2000,0.6705302,0.14830035
AK,2,Alaska,2,81,2001,0.62530744,0.099076912
AK,2,Alaska,2,81,2002,0.62530744,0.099076912
AK,2,Alaska,2,81,2003,0.53789437,0.072404765
AK,2,Alaska,2,81,2004,0.53789437,0.072404765
AK,2,Alaska,2,81,2005,1.016494,-0.19099329
AK,2,Alaska,2,81,2006,1.016494,-0.19099329
AK,2,Alaska,2,81,2007,0.94543773,0.034306388
AK,2,Alaska,2,81,2008,0.94543773,0.034306388
AK,2,Alaska,2,81,2009,0.85425997,1.0190864
AK,2,Alaska,2,81,2010,0.85425997,1.0190864
AK,2,Alaska,2,81,2011,1.426373,0.8907901
AK,2,Alaska,2,81,2012,1.426373,0.8907901
AK,2,Alaska,2,81,2013,1.1745812,1.0819975
AK,2,Alaska,2,81,2014,1.1745812,1.0819975
AK,2,Alaska,2,81,2015,1.1745812,1.0819975
AK,2,Alaska,2,81,2016,1.1745812,1.0819975
AK,2,Alaska,2,81,2017,1.1745812,1.0819975
AK,2,Alaska,2,81,2018,1.1745812,1.0819975
AK,2,Alaska,2,81,2019,1.1745812,1.0819975
AK,2,Alaska,2,81,2020,1.1745812,1.0819975
AL,1,Alabama,1,41,1987,-1.0958773,-0.12651303
AL,1,Alabama,1,41,1988,-1.0958773,-0.12651303
AL,1,Alabama,1,41,1989,-1.1837428,-0.024184249
AL,1,Alabama,1,41,1990,-1.1837428,-0.024184249
AL,1,Alabama,1,41,1991,-1.0462546,-0.14790739
AL,1,Alabama,1,41,1992,-1.0462546,-0.14790739
AL,1,Alabama,1,41,1993,-1.0462546,-0.14790739
AL,1,Alabama,1,41,1994,-1.0462546,-0.14790739
AL,1,Alabama,1,41,1995,-1.0462546,-0.14790739
AL,1,Alabama,1,41,1996,-1.0462546,-0.14790739
AL,1,Alabama,1,41,1997,-1.4094241,0.37398788
AL,1,Alabama,1,41,1998,-1.4094241,0.37398788
AL,1,Alabama,1,41,1999,-1.3564557,0.31872517
AL,1,Alabama,1,41,2000,-1.3564557,0.31872517
AL,1,Alabama,1,41,2001,-1.2625586,0.29476798
AL,1,Alabama,1,41,2002,-1.2625586,0.29476798
AL,1,Alabama,1,41,2003,-1.2373048,0.34227264
AL,1,Alabama,1,41,2004,-1.2373048,0.34227264
AL,1,Alabama,1,41,2005,-1.3890501,0.50125408
AL,1,Alabama,1,41,2006,-1.3890501,0.50125408
AL,1,Alabama,1,41,2007,-1.2638743,0.56468171
AL,1,Alabama,1,41,2008,-1.2638743,0.56468171
AL,1,Alabama,1,41,2009,-0.94827598,0.14458013
AL,1,Alabama,1,41,2010,-0.94827598,0.14458013
AL,1,Alabama,1,41,2011,-0.94827598,0.14458013
AL,1,Alabama,1,41,2012,-0.94827598,0.14458013
AL,1,Alabama,1,41,2013,-1.439582,0.52761179
AL,1,Alabama,1,41,2014,-1.439582,0.52761179
AL,1,Alabama,1,41,2015,-1.439582,0.52761179
AL,1,Alabama,1,41,2016,-1.439582,0.52761179
AL,1,Alabama,1,41,2017,-1.439582,0.52761179
AL,1,Alabama,1,41,2018,-1.439582,0.52761179
AL,1,Alabama,1,41,2019,-1.439582,0.52761179
AL,1,Alabama,1,41,2020,-1.439582,0.52761179
AR,4,Arkansas,5,42,1987,-1.0594815,0.29788938
AR,4,Arkansas,5,42,1988,-1.0594815,0.29788938
AR,4,Arkansas,5,42,1989,-1.0594815,0.29788938
AR,4,Arkansas,5,42,1990,-1.0594815,0.29788938
AR,4,Arkansas,5,42,1991,-1.223858,0.48443428
AR,4,Arkansas,5,42,1992,-1.223858,0.48443428
AR,4,Arkansas,5,42,1993,-1.0129132,0.41943604
AR,4,Arkansas,5,42,1994,-1.0129132,0.41943604
AR,4,Arkansas,5,42,1995,-0.94814873,0.5129146
AR,4,Arkansas,5,42,1996,-0.94814873,0.5129146
AR,4,Arkansas,5,42,1997,-0.92561376,0.52545279
AR,4,Arkansas,5,42,1998,-0.92561376,0.52545279
AR,4,Arkansas,5,42,1999,-0.35936213,-0.20451443
AR,4,Arkansas,5,42,2000,-0.35936213,-0.20451443
AR,4,Arkansas,5,42,2001,-0.86360919,0.58497024
AR,4,Arkansas,5,42,2002,-0.86360919,0.58497024
AR,4,Arkansas,5,42,2003,-0.53633064,0.17071432
AR,4,Arkansas,5,42,2004,-0.53633064,0.17071432
AR,4,Arkansas,5,42,2005,-0.80775845,0.61958283
AR,4,Arkansas,5,42,2006,-0.80775845,0.61958283
AR,4,Arkansas,5,42,2007,-0.89595085,0.66156906
AR,4,Arkansas,5,42,2008,-0.89595085,0.66156906
AR,4,Arkansas,5,42,2009,-0.8184635,0.49081671
AR,4,Arkansas,5,42,2010,-0.8184635,0.49081671
AR,4,Arkansas,5,42,2011,-0.64541554,0.44585624
AR,4,Arkansas,5,42,2012,-0.64541554,0.44585624
AR,4,Arkansas,5,42,2013,-0.41706219,0.08789473
AR,4,Arkansas,5,42,2014,-0.41706219,0.08789473
AR,4,Arkansas,5,42,2015,-0.41706219,0.08789473
AR,4,Arkansas,5,42,2016,-0.41706219,0.08789473
AR,4,Arkansas,5,42,2017,-0.41706219,0.08789473
AR,4,Arkansas,5,42,2018,-0.41706219,0.08789473
AR,4,Arkansas,5,42,2019,-0.41706219,0.08789473
AR,4,Arkansas,5,42,2020,-0.41706219,0.08789473
AZ,3,Arizona,4,61,1987,0.41576687,-0.78148305
AZ,3,Arizona,4,61,1988,0.41576687,-0.78148305
AZ,3,Arizona,4,61,1989,0.48708919,-0.94967037
AZ,3,Arizona,4,61,1990,0.48708919,-0.94967037
AZ,3,Arizona,4,61,1991,1.6925718,-2.444277
AZ,3,Arizona,4,61,1992,1.6925718,-2.444277
AZ,3,Arizona,4,61,1993,-0.072319895,-0.26734987
AZ,3,Arizona,4,61,1994,-0.072319895,-0.26734987
AZ,3,Arizona,4,61,1995,-0.072319895,-0.26734987
AZ,3,Arizona,4,61,1996,-0.072319895,-0.26734987
AZ,3,Arizona,4,61,1997,-0.072319895,-0.26734987
AZ,3,Arizona,4,61,1998,-0.072319895,-0.26734987
AZ,3,Arizona,4,61,1999,-0.072319895,-0.26734987
AZ,3,Arizona,4,61,2000,-0.072319895,-0.26734987
AZ,3,Arizona,4,61,2001,0.70272005,-0.78651792
AZ,3,Arizona,4,61,2002,0.70272005,-0.78651792
AZ,3,Arizona,4,61,2003,0.67418897,-1.0242803
AZ,3,Arizona,4,61,2004,0.67418897,-1.0242803
AZ,3,Arizona,4,61,2005,0.53134137,-0.82096553
AZ,3,Arizona,4,61,2006,0.53134137,-0.82096553
AZ,3,Arizona,4,61,2007,0.75218379,-0.52787507
AZ,3,Arizona,4,61,2008,0.75218379,-0.52787507
AZ,3,Arizona,4,61,2009,0.88623285,-1.2280916
AZ,3,Arizona,4,61,2010,0.88623285,-1.2280916
AZ,3,Arizona,4,61,2011,-0.11437357,-0.22817259
AZ,3,Arizona,4,61,2012,-0.11437357,-0.22817259
AZ,3,Arizona,4,61,2013,0.05096994,-0.43451077
AZ,3,Arizona,4,61,2014,0.05096994,-0.43451077
AZ,3,Arizona,4,61,2015,0.05096994,-0.43451077
AZ,3,Arizona,4,61,2016,0.05096994,-0.43451077
AZ,3,Arizona,4,61,2017,0.05096994,-0.43451077
AZ,3,Arizona,4,61,2018,0.05096994,-0.43451077
AZ,3,Arizona,4,61,2019,0.05096994,-0.43451077
AZ,3,Arizona,4,61,2020,0.05096994,-0.43451077
CA,5,California,6,71,1987,5.9896784,2.4293506
CA,5,California,6,71,1988,5.9896784,2.4293506
CA,5,California,6,71,1989,5.9494314,2.978334
CA,5,California,6,71,1990,5.9494314,2.978334
CA,5,California,6,71,1991,6.4945273,1.6471671
CA,5,California,6,71,1992,6.4945273,1.6471671
CA,5,California,6,71,1993,6.4945273,1.6471671
CA,5,California,6,71,1994,6.4945273,1.6471671
CA,5,California,6,71,1995,6.4945273,1.6471671
CA,5,California,6,71,1996,6.4945273,1.6471671
CA,5,California,6,71,1997,6.4744706,1.4932901
CA,5,California,6,71,1998,6.4744706,1.4932901
CA,5,California,6,71,1999,7.1095605,2.3268652
CA,5,California,6,71,2000,7.1095605,2.3268652
CA,5,California,6,71,2001,8.5470572,1.3153201
CA,5,California,6,71,2002,8.5470572,1.3153201
CA,5,California,6,71,2003,7.2159743,3.1194153
CA,5,California,6,71,2004,7.2159743,3.1194153
CA,5,California,6,71,2005,7.6968589,2.6700428
CA,5,California,6,71,2006,7.6968589,2.6700428
CA,5,California,6,71,2007,7.9253936,2.3982201
CA,5,California,6,71,2008,7.9253936,2.3982201
CA,5,California,6,71,2009,7.6016769,2.582309
CA,5,California,6,71,2010,7.6016769,2.582309
CA,5,California,6,71,2011,6.3180823,2.8506291
CA,5,California,6,71,2012,6.3180823,2.8506291
CA,5,California,6,71,2013,6.1703849,2.9735067
CA,5,California,6,71,2014,6.1703849,2.9735067
CA,5,California,6,71,2015,6.1703849,2.9735067
CA,5,California,6,71,2016,6.1703849,2.9735067
CA,5,California,6,71,2017,6.1703849,2.9735067
CA,5,California,6,71,2018,6.1703849,2.9735067
CA,5,California,6,71,2019,6.1703849,2.9735067
CA,5,California,6,71,2020,6.1703849,2.9735067
CO,6,Colorado,8,62,1987,0.68803728,-1.217082
CO,6,Colorado,8,62,1988,0.68803728,-1.217082
CO,6,Colorado,8,62,1989,0.089784317,-0.49623236
CO,6,Colorado,8,62,1990,0.089784317,-0.49623236
CO,6,Colorado,8,62,1991,0.23109138,-0.73337853
CO,6,Colorado,8,62,1992,0.23109138,-0.73337853
CO,6,Colorado,8,62,1993,-0.030573145,-0.46735641
CO,6,Colorado,8,62,1994,-0.030573145,-0.46735641
CO,6,Colorado,8,62,1995,-0.083834849,-0.43055055
CO,6,Colorado,8,62,1996,-0.083834849,-0.43055055
CO,6,Colorado,8,62,1997,-0.071459383,-0.43803847
CO,6,Colorado,8,62,1998,-0.071459383,-0.43803847
CO,6,Colorado,8,62,1999,0.31550026,-0.35556775
CO,6,Colorado,8,62,2000,0.31550026,-0.35556775
CO,6,Colorado,8,62,2001,0.4989748,-0.52696079
CO,6,Colorado,8,62,2002,0.4989748,-0.52696079
CO,6,Colorado,8,62,2003,0.25878465,-0.3222253
CO,6,Colorado,8,62,2004,0.25878465,-0.3222253
CO,6,Colorado,8,62,2005,0.18674184,-0.40685341
CO,6,Colorado,8,62,2006,0.18674184,-0.40685341
CO,6,Colorado,8,62,2007,0.11325353,-0.36468554
CO,6,Colorado,8,62,2008,0.11325353,-0.36468554
CO,6,Colorado,8,62,2009,0.35126236,-0.66333133
CO,6,Colorado,8,62,2010,0.35126236,-0.66333133
CO,6,Colorado,8,62,2011,0.31234238,-0.7184211
CO,6,Colorado,8,62,2012,0.31234238,-0.7184211
CO,6,Colorado,8,62,2013,0.069940127,-0.33960667
CO,6,Colorado,8,62,2014,0.069940127,-0.33960667
CO,6,Colorado,8,62,2015,0.069940127,-0.33960667
CO,6,Colorado,8,62,2016,0.069940127,-0.33960667
CO,6,Colorado,8,62,2017,0.069940127,-0.33960667
CO,6,Colorado,8,62,2018,0.069940127,-0.33960667
CO,6,Colorado,8,62,2019,0.069940127,-0.33960667
CO,6,Colorado,8,62,2020,0.069940127,-0.33960667
CT,7,Connecticut,9,1,1987,0.22664899,-0.26158458
CT,7,Connecticut,9,1,1988,0.22664899,-0.26158458
CT,7,Connecticut,9,1,1989,0.17100979,-0.43617952
CT,7,Connecticut,9,1,1990,0.17100979,-0.43617952
CT,7,Connecticut,9,1,1991,0.89955521,-1.5154015
CT,7,Connecticut,9,1,1992,0.89955521,-1.5154015
CT,7,Connecticut,9,1,1993,0.42533445,-0.97779983
CT,7,Connecticut,9,1,1994,0.42533445,-0.97779983
CT,7,Connecticut,9,1,1995,0.42533445,-0.97779983
CT,7,Connecticut,9,1,1996,0.42533445,-0.97779983
CT,7,Connecticut,9,1,1997,0.42533445,-0.97779983
CT,7,Connecticut,9,1,1998,0.42533445,-0.97779983
CT,7,Connecticut,9,1,1999,0.15701687,-0.25880677
CT,7,Connecticut,9,1,2000,0.15701687,-0.25880677
CT,7,Connecticut,9,1,2001,0.46011308,-0.43657443
CT,7,Connecticut,9,1,2002,0.46011308,-0.43657443
CT,7,Connecticut,9,1,2003,0.31638351,-0.30502346
CT,7,Connecticut,9,1,2004,0.31638351,-0.30502346
CT,7,Connecticut,9,1,2005,0.27866244,-0.272504
CT,7,Connecticut,9,1,2006,0.27866244,-0.272504
CT,7,Connecticut,9,1,2007,0.38882175,-0.44285521
CT,7,Connecticut,9,1,2008,0.38882175,-0.44285521
CT,7,Connecticut,9,1,2009,0.10878541,-0.14441787
CT,7,Connecticut,9,1,2010,0.10878541,-0.14441787
CT,7,Connecticut,9,1,2011,-0.3524372,0.36219978
CT,7,Connecticut,9,1,2012,-0.3524372,0.36219978
CT,7,Connecticut,9,1,2013,0.077113181,-0.27863213
CT,7,Connecticut,9,1,2014,0.077113181,-0.27863213
CT,7,Connecticut,9,1,2015,0.077113181,-0.27863213
CT,7,Connecticut,9,1,2016,0.077113181,-0.27863213
CT,7,Connecticut,9,1,2017,0.077113181,-0.27863213
CT,7,Connecticut,9,1,2018,0.077113181,-0.27863213
CT,7,Connecticut,9,1,2019,0.077113181,-0.27863213
CT,7,Connecticut,9,1,2020,0.077113181,-0.27863213
DE,8,Delaware,10,11,1987,0.43314573,-0.79756671
DE,8,Delaware,10,11,1988,0.43314573,-0.79756671
DE,8,Delaware,10,11,1989,-0.33269632,0.24371247
DE,8,Delaware,10,11,1990,-0.33269632,0.24371247
DE,8,Delaware,10,11,1991,-0.28947312,0.13676897
DE,8,Delaware,10,11,1992,-0.28947312,0.13676897
DE,8,Delaware,10,11,1993,-0.28947312,0.13676897
DE,8,Delaware,10,11,1994,-0.28947312,0.13676897
DE,8,Delaware,10,11,1995,-0.28332695,0.18797885
DE,8,Delaware,10,11,1996,-0.28332695,0.18797885
DE,8,Delaware,10,11,1997,-0.24500851,0.13228934
DE,8,Delaware,10,11,1998,-0.24500851,0.13228934
DE,8,Delaware,10,11,1999,-0.18297714,0.1262363
DE,8,Delaware,10,11,2000,-0.18297714,0.1262363
DE,8,Delaware,10,11,2001,-0.20833831,0.27230296
DE,8,Delaware,10,11,2002,-0.20833831,0.27230296
DE,8,Delaware,10,11,2003,-0.24490522,0.29524809
DE,8,Delaware,10,11,2004,-0.24490522,0.29524809
DE,8,Delaware,10,11,2005,-0.19563119,0.32751372
DE,8,Delaware,10,11,2006,-0.19563119,0.32751372
DE,8,Delaware,10,11,2007,-0.15884911,0.28135049
DE,8,Delaware,10,11,2008,-0.15884911,0.28135049
DE,8,Delaware,10,11,2009,-0.20295608,0.21681991
DE,8,Delaware,10,11,2010,-0.20295608,0.21681991
DE,8,Delaware,10,11,2011,0.36507842,-0.61173135
DE,8,Delaware,10,11,2012,0.36507842,-0.61173135
DE,8,Delaware,10,11,2013,-0.21782103,0.17425238
DE,8,Delaware,10,11,2014,-0.21782103,0.17425238
DE,8,Delaware,10,11,2015,-0.21782103,0.17425238
DE,8,Delaware,10,11,2016,-0.21782103,0.17425238
DE,8,Delaware,10,11,2017,-0.21782103,0.17425238
DE,8,Delaware,10,11,2018,-0.21782103,0.17425238
DE,8,Delaware,10,11,2019,-0.21782103,0.17425238
DE,8,Delaware,10,11,2020,-0.21782103,0.17425238
FL,9,Florida,12,43,1987,0.3895444,0.87182647
FL,9,Florida,12,43,1988,0.3895444,0.87182647
FL,9,Florida,12,43,1989,0.53908086,1.2879457
FL,9,Florida,12,43,1990,0.53908086,1.2879457
FL,9,Florida,12,43,1991,1.1084622,1.2933015
FL,9,Florida,12,43,1992,1.1084622,1.2933015
FL,9,Florida,12,43,1993,0.98182625,1.7790786
FL,9,Florida,12,43,1994,0.98182625,1.7790786
FL,9,Florida,12,43,1995,0.98182625,1.7790786
FL,9,Florida,12,43,1996,0.98182625,1.7790786
FL,9,Florida,12,43,1997,0.98182625,1.7790786
FL,9,Florida,12,43,1998,0.98182625,1.7790786
FL,9,Florida,12,43,1999,1.0445468,1.9025842
FL,9,Florida,12,43,2000,1.0445468,1.9025842
FL,9,Florida,12,43,2001,1.1536163,1.7164305
FL,9,Florida,12,43,2002,1.1536163,1.7164305
FL,9,Florida,12,43,2003,1.2560633,1.6773425
FL,9,Florida,12,43,2004,1.2560633,1.6773425
FL,9,Florida,12,43,2005,0.9632107,1.9577192
FL,9,Florida,12,43,2006,0.9632107,1.9577192
FL,9,Florida,12,43,2007,1.0925363,1.7621704
FL,9,Florida,12,43,2008,1.0925363,1.7621704
FL,9,Florida,12,43,2009,0.95376259,1.7930584
FL,9,Florida,12,43,2010,0.95376259,1.7930584
FL,9,Florida,12,43,2011,0.69806975,1.5988765
FL,9,Florida,12,43,2012,0.69806975,1.5988765
FL,9,Florida,12,43,2013,0.51243043,1.5658857
FL,9,Florida,12,43,2014,0.51243043,1.5658857
FL,9,Florida,12,43,2015,0.51243043,1.5658857
FL,9,Florida,12,43,2016,0.51243043,1.5658857
FL,9,Florida,12,43,2017,0.51243043,1.5658857
FL,9,Florida,12,43,2018,0.51243043,1.5658857
FL,9,Florida,12,43,2019,0.51243043,1.5658857
FL,9,Florida,12,43,2020,0.51243043,1.5658857
GA,10,Georgia,13,44,1987,-0.92296535,0.18579619
GA,10,Georgia,13,44,1988,-0.92296535,0.18579619
GA,10,Georgia,13,44,1989,-0.97908884,0.24291815
GA,10,Georgia,13,44,1990,-0.97908884,0.24291815
GA,10,Georgia,13,44,1991,-0.94442761,0.1288451
GA,10,Georgia,13,44,1992,-0.94442761,0.1288451
GA,10,Georgia,13,44,1993,-1.0476842,0.21318106
GA,10,Georgia,13,44,1994,-1.0476842,0.21318106
GA,10,Georgia,13,44,1995,-0.9076165,0.053316794
GA,10,Georgia,13,44,1996,-0.9076165,0.053316794
GA,10,Georgia,13,44,1997,-1.0425791,0.23217343
GA,10,Georgia,13,44,1998,-1.0425791,0.23217343
GA,10,Georgia,13,44,1999,-1.0440547,0.24989611
GA,10,Georgia,13,44,2000,-1.0440547,0.24989611
GA,10,Georgia,13,44,2001,-0.65319258,-0.044221278
GA,10,Georgia,13,44,2002,-0.65319258,-0.044221278
GA,10,Georgia,13,44,2003,-0.88680685,0.2277353
GA,10,Georgia,13,44,2004,-0.88680685,0.2277353
GA,10,Georgia,13,44,2005,-0.99460608,0.34337997
GA,10,Georgia,13,44,2006,-0.99460608,0.34337997
GA,10,Georgia,13,44,2007,-0.93420166,0.28599715
GA,10,Georgia,13,44,2008,-0.93420166,0.28599715
GA,10,Georgia,13,44,2009,-0.98041958,0.24344029
GA,10,Georgia,13,44,2010,-0.98041958,0.24344029
GA,10,Georgia,13,44,2011,-0.8900069,0.078290775
GA,10,Georgia,13,44,2012,-0.8900069,0.078290775
GA,10,Georgia,13,44,2013,-0.98684698,0.14728014
GA,10,Georgia,13,44,2014,-0.98684698,0.14728014
GA,10,Georgia,13,44,2015,-0.98684698,0.14728014
GA,10,Georgia,13,44,2016,-0.98684698,0.14728014
GA,10,Georgia,13,44,2017,-0.98684698,0.14728014
GA,10,Georgia,13,44,2018,-0.98684698,0.14728014
GA,10,Georgia,13,44,2019,-0.98684698,0.14728014
GA,10,Georgia,13,44,2020,-0.98684698,0.14728014
HI,11,Hawaii,15,82,1987,0.056244627,0.19911325
HI,11,Hawaii,15,82,1988,0.056244627,0.19911325
HI,11,Hawaii,15,82,1989,0.14876361,0.38311663
HI,11,Hawaii,15,82,1990,0.14876361,0.38311663
HI,11,Hawaii,15,82,1991,0.39329129,0.36867276
HI,11,Hawaii,15,82,1992,0.39329129,0.36867276
HI,11,Hawaii,15,82,1993,0.51775259,0.39720467
HI,11,Hawaii,15,82,1994,0.51775259,0.39720467
HI,11,Hawaii,15,82,1995,0.51992959,0.43283635
HI,11,Hawaii,15,82,1996,0.51992959,0.43283635
HI,11,Hawaii,15,82,1997,0.42758459,0.39734611
HI,11,Hawaii,15,82,1998,0.42758459,0.39734611
HI,11,Hawaii,15,82,1999,0.35922906,0.35497326
HI,11,Hawaii,15,82,2000,0.35922906,0.35497326
HI,11,Hawaii,15,82,2001,0.3476572,0.2998316
HI,11,Hawaii,15,82,2002,0.3476572,0.2998316
HI,11,Hawaii,15,82,2003,0.17814384,0.34993806
HI,11,Hawaii,15,82,2004,0.17814384,0.34993806
HI,11,Hawaii,15,82,2005,0.10403332,0.25834277
HI,11,Hawaii,15,82,2006,0.10403332,0.25834277
HI,11,Hawaii,15,82,2007,0.26743075,0.23478779
HI,11,Hawaii,15,82,2008,0.26743075,0.23478779
HI,11,Hawaii,15,82,2009,0.53906703,0.3427968
HI,11,Hawaii,15,82,2010,0.53906703,0.3427968
HI,11,Hawaii,15,82,2011,0.41133344,0.15047747
HI,11,Hawaii,15,82,2012,0.41133344,0.15047747
HI,11,Hawaii,15,82,2013,0.35270691,0.19710106
HI,11,Hawaii,15,82,2014,0.35270691,0.19710106
HI,11,Hawaii,15,82,2015,0.35270691,0.19710106
HI,11,Hawaii,15,82,2016,0.35270691,0.19710106
HI,11,Hawaii,15,82,2017,0.35270691,0.19710106
HI,11,Hawaii,15,82,2018,0.35270691,0.19710106
HI,11,Hawaii,15,82,2019,0.35270691,0.19710106
HI,11,Hawaii,15,82,2020,0.35270691,0.19710106
IA,15,Iowa,19,31,1987,-0.19381107,-0.41122103
IA,15,Iowa,19,31,1988,-0.19381107,-0.41122103
IA,15,Iowa,19,31,1989,-0.22895215,-0.29865536
IA,15,Iowa,19,31,1990,-0.22895215,-0.29865536
IA,15,Iowa,19,31,1991,-0.074185893,-0.46651325
IA,15,Iowa,19,31,1992,-0.074185893,-0.46651325
IA,15,Iowa,19,31,1993,-0.20903511,-0.31930733
IA,15,Iowa,19,31,1994,-0.20903511,-0.31930733
IA,15,Iowa,19,31,1995,-0.11474729,-0.41099524
IA,15,Iowa,19,31,1996,-0.11474729,-0.41099524
IA,15,Iowa,19,31,1997,-0.20122324,-0.25457278
IA,15,Iowa,19,31,1998,-0.20122324,-0.25457278
IA,15,Iowa,19,31,1999,-0.15918054,-0.30165005
IA,15,Iowa,19,31,2000,-0.15918054,-0.30165005
IA,15,Iowa,19,31,2001,-0.023106653,-0.51210988
IA,15,Iowa,19,31,2002,-0.023106653,-0.51210988
IA,15,Iowa,19,31,2003,-0.20314889,-0.29430053
IA,15,Iowa,19,31,2004,-0.20314889,-0.29430053
IA,15,Iowa,19,31,2005,-0.14080028,-0.46411091
IA,15,Iowa,19,31,2006,-0.14080028,-0.46411091
IA,15,Iowa,19,31,2007,-0.18841061,-0.25006869
IA,15,Iowa,19,31,2008,-0.18841061,-0.25006869
IA,15,Iowa,19,31,2009,-0.34077421,-0.064965315
IA,15,Iowa,19,31,2010,-0.34077421,-0.064965315
IA,15,Iowa,19,31,2011,0.14108983,-0.79316115
IA,15,Iowa,19,31,2012,0.14108983,-0.79316115
IA,15,Iowa,19,31,2013,-0.15571168,-0.47359154
IA,15,Iowa,19,31,2014,-0.15571168,-0.47359154
IA,15,Iowa,19,31,2015,-0.15571168,-0.47359154
IA,15,Iowa,19,31,2016,-0.15571168,-0.47359154
IA,15,Iowa,19,31,2017,-0.15571168,-0.47359154
IA,15,Iowa,19,31,2018,-0.15571168,-0.47359154
IA,15,Iowa,19,31,2019,-0.15571168,-0.47359154
IA,15,Iowa,19,31,2020,-0.15571168,-0.47359154
ID,12,Idaho,16,63,1987,-1.0666804,-0.44781342
ID,12,Idaho,16,63,1988,-1.0666804,-0.44781342
ID,12,Idaho,16,63,1989,-1.060876,-0.43936518
ID,12,Idaho,16,63,1990,-1.060876,-0.43936518
ID,12,Idaho,16,63,1991,-0.95601594,-0.25895667
ID,12,Idaho,16,63,1992,-0.95601594,-0.25895667
ID,12,Idaho,16,63,1993,-0.86471081,-0.17450882
ID,12,Idaho,16,63,1994,-0.86471081,-0.17450882
ID,12,Idaho,16,63,1995,-0.93596637,0.017912181
ID,12,Idaho,16,63,1996,-0.93596637,0.017912181
ID,12,Idaho,16,63,1997,-0.90366971,-0.018191012
ID,12,Idaho,16,63,1998,-0.90366971,-0.018191012
ID,12,Idaho,16,63,1999,-0.60230011,-0.30416545
ID,12,Idaho,16,63,2000,-0.60230011,-0.30416545
ID,12,Idaho,16,63,2001,-0.49395087,-0.41126502
ID,12,Idaho,16,63,2002,-0.49395087,-0.41126502
ID,12,Idaho,16,63,2003,-0.41195977,-0.57840496
ID,12,Idaho,16,63,2004,-0.41195977,-0.57840496
ID,12,Idaho,16,63,2005,-0.69708812,-0.23340985
ID,12,Idaho,16,63,2006,-0.69708812,-0.23340985
ID,12,Idaho,16,63,2007,-0.74290252,-0.13969721
ID,12,Idaho,16,63,2008,-0.74290252,-0.13969721
ID,12,Idaho,16,63,2009,-0.59195387,-0.37036246
ID,12,Idaho,16,63,2010,-0.59195387,-0.37036246
ID,12,Idaho,16,63,2011,-0.64100856,-0.40952379
ID,12,Idaho,16,63,2012,-0.64100856,-0.40952379
ID,12,Idaho,16,63,2013,-0.85100132,-0.13220252
ID,12,Idaho,16,63,2014,-0.85100132,-0.13220252
ID,12,Idaho,16,63,2015,-0.85100132,-0.13220252
ID,12,Idaho,16,63,2016,-0.85100132,-0.13220252
ID,12,Idaho,16,63,2017,-0.85100132,-0.13220252
ID,12,Idaho,16,63,2018,-0.85100132,-0.13220252
ID,12,Idaho,16,63,2019,-0.85100132,-0.13220252
ID,12,Idaho,16,63,2020,-0.85100132,-0.13220252
IL,13,Illinois,17,21,1987,1.0317093,0.51597536
IL,13,Illinois,17,21,1988,1.0317093,0.51597536
IL,13,Illinois,17,21,1989,1.0671631,0.30394492
IL,13,Illinois,17,21,1990,1.0671631,0.30394492
IL,13,Illinois,17,21,1991,1.7442055,-0.66950184
IL,13,Illinois,17,21,1992,1.7442055,-0.66950184
IL,13,Illinois,17,21,1993,1.17738,0.028149698
IL,13,Illinois,17,21,1994,1.17738,0.028149698
IL,13,Illinois,17,21,1995,0.99556547,0.51509392
IL,13,Illinois,17,21,1996,0.99556547,0.51509392
IL,13,Illinois,17,21,1997,0.9684357,0.66208965
IL,13,Illinois,17,21,1998,0.9684357,0.66208965
IL,13,Illinois,17,21,1999,1.0503592,0.70196587
IL,13,Illinois,17,21,2000,1.0503592,0.70196587
IL,13,Illinois,17,21,2001,1.4779366,0.43566102
IL,13,Illinois,17,21,2002,1.4779366,0.43566102
IL,13,Illinois,17,21,2003,1.4147723,0.10608219
IL,13,Illinois,17,21,2004,1.4147723,0.10608219
IL,13,Illinois,17,21,2005,0.87400025,0.48612532
IL,13,Illinois,17,21,2006,0.87400025,0.48612532
IL,13,Illinois,17,21,2007,1.1520765,0.018571205
IL,13,Illinois,17,21,2008,1.1520765,0.018571205
IL,13,Illinois,17,21,2009,1.3323956,0.021687159
IL,13,Illinois,17,21,2010,1.3323956,0.021687159
IL,13,Illinois,17,21,2011,1.2417328,0.092734024
IL,13,Illinois,17,21,2012,1.2417328,0.092734024
IL,13,Illinois,17,21,2013,0.9198553,0.66764927
IL,13,Illinois,17,21,2014,0.9198553,0.66764927
IL,13,Illinois,17,21,2015,0.9198553,0.66764927
IL,13,Illinois,17,21,2016,0.9198553,0.66764927
IL,13,Illinois,17,21,2017,0.9198553,0.66764927
IL,13,Illinois,17,21,2018,0.9198553,0.66764927
IL,13,Illinois,17,21,2019,0.9198553,0.66764927
IL,13,Illinois,17,21,2020,0.9198553,0.66764927
IN,14,Indiana,18,22,1987,-0.65658468,0.23648259
IN,14,Indiana,18,22,1988,-0.65658468,0.23648259
IN,14,Indiana,18,22,1989,-0.56748182,0.20262666
IN,14,Indiana,18,22,1990,-0.56748182,0.20262666
IN,14,Indiana,18,22,1991,-0.69642729,0.18324257
IN,14,Indiana,18,22,1992,-0.69642729,0.18324257
IN,14,Indiana,18,22,1993,-0.69443953,0.11306931
IN,14,Indiana,18,22,1994,-0.69443953,0.11306931
IN,14,Indiana,18,22,1995,-0.69443953,0.11306931
IN,14,Indiana,18,22,1996,-0.69443953,0.11306931
IN,14,Indiana,18,22,1997,-0.69443953,0.11306931
IN,14,Indiana,18,22,1998,-0.69443953,0.11306931
IN,14,Indiana,18,22,1999,-0.70228297,0.10287944
IN,14,Indiana,18,22,2000,-0.70228297,0.10287944
IN,14,Indiana,18,22,2001,-0.82845241,0.29659885
IN,14,Indiana,18,22,2002,-0.82845241,0.29659885
IN,14,Indiana,18,22,2003,-0.90351874,0.39404172
IN,14,Indiana,18,22,2004,-0.90351874,0.39404172
IN,14,Indiana,18,22,2005,-0.70092666,0.1096679
IN,14,Indiana,18,22,2006,-0.70092666,0.1096679
IN,14,Indiana,18,22,2007,-0.33482325,-0.37632269
IN,14,Indiana,18,22,2008,-0.33482325,-0.37632269
IN,14,Indiana,18,22,2009,-0.21420278,-0.063694052
IN,14,Indiana,18,22,2010,-0.21420278,-0.063694052
IN,14,Indiana,18,22,2011,-0.069464877,0.36514407
IN,14,Indiana,18,22,2012,-0.069464877,0.36514407
IN,14,Indiana,18,22,2013,-0.35003784,0.0831099
IN,14,Indiana,18,22,2014,-0.35003784,0.0831099
IN,14,Indiana,18,22,2015,-0.35003784,0.0831099
IN,14,Indiana,18,22,2016,-0.35003784,0.0831099
IN,14,Indiana,18,22,2017,-0.35003784,0.0831099
IN,14,Indiana,18,22,2018,-0.35003784,0.0831099
IN,14,Indiana,18,22,2019,-0.35003784,0.0831099
IN,14,Indiana,18,22,2020,-0.35003784,0.0831099
KS,16,Kansas,20,32,1987,-0.82707322,-0.39398232
KS,16,Kansas,20,32,1988,-0.82707322,-0.39398232
KS,16,Kansas,20,32,1989,-0.8079589,-0.39692643
KS,16,Kansas,20,32,1990,-0.8079589,-0.39692643
KS,16,Kansas,20,32,1991,-0.82907826,-0.38275361
KS,16,Kansas,20,32,1992,-0.82907826,-0.38275361
KS,16,Kansas,20,32,1993,-0.95240945,-0.25101072
KS,16,Kansas,20,32,1994,-0.95240945,-0.25101072
KS,16,Kansas,20,32,1995,-0.95777255,-0.28154051
KS,16,Kansas,20,32,1996,-0.95777255,-0.28154051
KS,16,Kansas,20,32,1997,-0.92923921,-0.30961514
KS,16,Kansas,20,32,1998,-0.92923921,-0.30961514
KS,16,Kansas,20,32,1999,-0.91192681,-0.26804119
KS,16,Kansas,20,32,2000,-0.91192681,-0.26804119
KS,16,Kansas,20,32,2001,-0.78501153,-0.39513898
KS,16,Kansas,20,32,2002,-0.78501153,-0.39513898
KS,16,Kansas,20,32,2003,-0.79948169,-0.44397718
KS,16,Kansas,20,32,2004,-0.79948169,-0.44397718
KS,16,Kansas,20,32,2005,-0.93631798,-0.30933693
KS,16,Kansas,20,32,2006,-0.93631798,-0.30933693
KS,16,Kansas,20,32,2007,-0.76999098,-0.45300323
KS,16,Kansas,20,32,2008,-0.76999098,-0.45300323
KS,16,Kansas,20,32,2009,-0.78001124,-0.4230907
KS,16,Kansas,20,32,2010,-0.78001124,-0.4230907
KS,16,Kansas,20,32,2011,-0.91844928,-0.27723348
KS,16,Kansas,20,32,2012,-0.91844928,-0.27723348
KS,16,Kansas,20,32,2013,-0.99096382,-0.22780554
KS,16,Kansas,20,32,2014,-0.99096382,-0.22780554
KS,16,Kansas,20,32,2015,-0.99096382,-0.22780554
KS,16,Kansas,20,32,2016,-0.99096382,-0.22780554
KS,16,Kansas,20,32,2017,-0.99096382,-0.22780554
KS,16,Kansas,20,32,2018,-0.99096382,-0.22780554
KS,16,Kansas,20,32,2019,-0.99096382,-0.22780554
KS,16,Kansas,20,32,2020,-0.99096382,-0.22780554
KY,17,Kentucky,21,51,1987,-1.1614263,0.38709936
KY,17,Kentucky,21,51,1988,-1.1614263,0.38709936
KY,17,Kentucky,21,51,1989,-1.0905766,0.32005727
KY,17,Kentucky,21,51,1990,-1.0905766,0.32005727
KY,17,Kentucky,21,51,1991,-1.2449542,0.5862366
KY,17,Kentucky,21,51,1992,-1.2449542,0.5862366
KY,17,Kentucky,21,51,1993,-1.0529573,0.3086586
KY,17,Kentucky,21,51,1994,-1.0529573,0.3086586
KY,17,Kentucky,21,51,1995,-1.1096711,0.485017
KY,17,Kentucky,21,51,1996,-1.1096711,0.485017
KY,17,Kentucky,21,51,1997,-1.1502029,0.5736323
KY,17,Kentucky,21,51,1998,-1.1502029,0.5736323
KY,17,Kentucky,21,51,1999,-1.0903245,0.78388447
KY,17,Kentucky,21,51,2000,-1.0903245,0.78388447
KY,17,Kentucky,21,51,2001,-0.5528776,0.16048448
KY,17,Kentucky,21,51,2002,-0.5528776,0.16048448
KY,17,Kentucky,21,51,2003,-0.78622955,0.3670218
KY,17,Kentucky,21,51,2004,-0.78622955,0.3670218
KY,17,Kentucky,21,51,2005,-0.79650313,0.46451417
KY,17,Kentucky,21,51,2006,-0.79650313,0.46451417
KY,17,Kentucky,21,51,2007,-0.42603189,0.008749514
KY,17,Kentucky,21,51,2008,-0.42603189,0.008749514
KY,17,Kentucky,21,51,2009,-0.52145416,0.16111167
KY,17,Kentucky,21,51,2010,-0.52145416,0.16111167
KY,17,Kentucky,21,51,2011,-0.82631606,0.2537742
KY,17,Kentucky,21,51,2012,-0.82631606,0.2537742
KY,17,Kentucky,21,51,2013,-0.93078524,0.37239236
KY,17,Kentucky,21,51,2014,-0.93078524,0.37239236
KY,17,Kentucky,21,51,2015,-0.93078524,0.37239236
KY,17,Kentucky,21,51,2016,-0.93078524,0.37239236
KY,17,Kentucky,21,51,2017,-0.93078524,0.37239236
KY,17,Kentucky,21,51,2018,-0.93078524,0.37239236
KY,17,Kentucky,21,51,2019,-0.93078524,0.37239236
KY,17,Kentucky,21,51,2020,-0.93078524,0.37239236
LA,18,Louisiana,22,45,1987,0.20261919,-0.15144576
LA,18,Louisiana,22,45,1988,0.20261919,-0.15144576
LA,18,Louisiana,22,45,1989,-0.19034007,-0.07169468
LA,18,Louisiana,22,45,1990,-0.19034007,-0.07169468
LA,18,Louisiana,22,45,1991,-0.24075234,0.15463772
LA,18,Louisiana,22,45,1992,-0.24075234,0.15463772
LA,18,Louisiana,22,45,1993,-0.24075234,0.15463772
LA,18,Louisiana,22,45,1994,-0.24075234,0.15463772
LA,18,Louisiana,22,45,1995,-0.39958912,0.26195034
LA,18,Louisiana,22,45,1996,-0.39958912,0.26195034
LA,18,Louisiana,22,45,1997,-0.18715918,0.080543138
LA,18,Louisiana,22,45,1998,-0.18715918,0.080543138
LA,18,Louisiana,22,45,1999,-0.48256233,0.42638287
LA,18,Louisiana,22,45,2000,-0.48256233,0.42638287
LA,18,Louisiana,22,45,2001,-0.5248453,0.45111421
LA,18,Louisiana,22,45,2002,-0.5248453,0.45111421
LA,18,Louisiana,22,45,2003,-0.33419719,0.15194163
LA,18,Louisiana,22,45,2004,-0.33419719,0.15194163
LA,18,Louisiana,22,45,2005,-0.54934067,0.55332792
LA,18,Louisiana,22,45,2006,-0.54934067,0.55332792
LA,18,Louisiana,22,45,2007,-0.18351121,0.35865054
LA,18,Louisiana,22,45,2008,-0.18351121,0.35865054
LA,18,Louisiana,22,45,2009,-0.25421941,0.44006228
LA,18,Louisiana,22,45,2010,-0.25421941,0.44006228
LA,18,Louisiana,22,45,2011,-0.47705486,0.63407362
LA,18,Louisiana,22,45,2012,-0.47705486,0.63407362
LA,18,Louisiana,22,45,2013,-0.47705486,0.63407362
LA,18,Louisiana,22,45,2014,-0.47705486,0.63407362
LA,18,Louisiana,22,45,2015,-0.47705486,0.63407362
LA,18,Louisiana,22,45,2016,-0.47705486,0.63407362
LA,18,Louisiana,22,45,2017,-0.47705486,0.63407362
LA,18,Louisiana,22,45,2018,-0.47705486,0.63407362
LA,18,Louisiana,22,45,2019,-0.47705486,0.63407362
LA,18,Louisiana,22,45,2020,-0.47705486,0.63407362
MA,21,Massachusetts,25,3,1987,-0.47705486,0.63407362
MA,21,Massachusetts,25,3,1988,-0.47705486,0.63407362
MA,21,Massachusetts,25,3,1989,3.4503553,-3.0993967
MA,21,Massachusetts,25,3,1990,3.4503553,-3.0993967
MA,21,Massachusetts,25,3,1991,2.2390356,-2.2534561
MA,21,Massachusetts,25,3,1992,2.2390356,-2.2534561
MA,21,Massachusetts,25,3,1993,2.2390356,-2.2534561
MA,21,Massachusetts,25,3,1994,2.2390356,-2.2534561
MA,21,Massachusetts,25,3,1995,2.2390356,-2.2534561
MA,21,Massachusetts,25,3,1996,2.2390356,-2.2534561
MA,21,Massachusetts,25,3,1997,2.2390356,-2.2534561
MA,21,Massachusetts,25,3,1998,2.2390356,-2.2534561
MA,21,Massachusetts,25,3,1999,1.534444,-0.91314143
MA,21,Massachusetts,25,3,2000,1.534444,-0.91314143
MA,21,Massachusetts,25,3,2001,1.6006058,-0.82655168
MA,21,Massachusetts,25,3,2002,1.6006058,-0.82655168
MA,21,Massachusetts,25,3,2003,1.6131103,-1.061201
MA,21,Massachusetts,25,3,2004,1.6131103,-1.061201
MA,21,Massachusetts,25,3,2005,1.6302409,-1.1413789
MA,21,Massachusetts,25,3,2006,1.6302409,-1.1413789
MA,21,Massachusetts,25,3,2007,1.7249328,-1.3064407
MA,21,Massachusetts,25,3,2008,1.7249328,-1.3064407
MA,21,Massachusetts,25,3,2009,1.6159433,-1.2094843
MA,21,Massachusetts,25,3,2010,1.6159433,-1.2094843
MA,21,Massachusetts,25,3,2011,1.5186619,-1.2063907
MA,21,Massachusetts,25,3,2012,1.5186619,-1.2063907
MA,21,Massachusetts,25,3,2013,1.567394,-1.1319315
MA,21,Massachusetts,25,3,2014,1.567394,-1.1319315
MA,21,Massachusetts,25,3,2015,1.567394,-1.1319315
MA,21,Massachusetts,25,3,2016,1.567394,-1.1319315
MA,21,Massachusetts,25,3,2017,1.567394,-1.1319315
MA,21,Massachusetts,25,3,2018,1.567394,-1.1319315
MA,21,Massachusetts,25,3,2019,1.567394,-1.1319315
MA,21,Massachusetts,25,3,2020,1.567394,-1.1319315
MD,20,Maryland,24,52,1987,-0.086127751,0.11293641
MD,20,Maryland,24,52,1988,-0.086127751,0.11293641
MD,20,Maryland,24,52,1989,0.0781703,-0.010346791
MD,20,Maryland,24,52,1990,0.0781703,-0.010346791
MD,20,Maryland,24,52,1991,0.20571953,-0.24027784
MD,20,Maryland,24,52,1992,0.20571953,-0.24027784
MD,20,Maryland,24,52,1993,0.005056385,-0.068431325
MD,20,Maryland,24,52,1994,0.005056385,-0.068431325
MD,20,Maryland,24,52,1995,0.010908716,-0.053114031
MD,20,Maryland,24,52,1996,0.010908716,-0.053114031
MD,20,Maryland,24,52,1997,0.035534266,0.026518453
MD,20,Maryland,24,52,1998,0.035534266,0.026518453
MD,20,Maryland,24,52,1999,0.14988883,0.14665113
MD,20,Maryland,24,52,2000,0.14988883,0.14665113
MD,20,Maryland,24,52,2001,0.19289045,0.22251983
MD,20,Maryland,24,52,2002,0.19289045,0.22251983
MD,20,Maryland,24,52,2003,0.16050158,0.051133174
MD,20,Maryland,24,52,2004,0.16050158,0.051133174
MD,20,Maryland,24,52,2005,0.49432388,0.28694361
MD,20,Maryland,24,52,2006,0.49432388,0.28694361
MD,20,Maryland,24,52,2007,0.48861742,0.12551573
MD,20,Maryland,24,52,2008,0.48861742,0.12551573
MD,20,Maryland,24,52,2009,0.38849741,0.30080342
MD,20,Maryland,24,52,2010,0.38849741,0.30080342
MD,20,Maryland,24,52,2011,0.36546594,0.15394552
MD,20,Maryland,24,52,2012,0.36546594,0.15394552
MD,20,Maryland,24,52,2013,0.22304089,0.20425564
MD,20,Maryland,24,52,2014,0.22304089,0.20425564
MD,20,Maryland,24,52,2015,0.22304089,0.20425564
MD,20,Maryland,24,52,2016,0.22304089,0.20425564
MD,20,Maryland,24,52,2017,0.22304089,0.20425564
MD,20,Maryland,24,52,2018,0.22304089,0.20425564
MD,20,Maryland,24,52,2019,0.22304089,0.20425564
MD,20,Maryland,24,52,2020,0.22304089,0.20425564
ME,19,Maine,23,2,1987,-0.52492458,-0.62118751
ME,19,Maine,23,2,1988,-0.52492458,-0.62118751
ME,19,Maine,23,2,1989,-0.66932195,-0.35515261
ME,19,Maine,23,2,1990,-0.66932195,-0.35515261
ME,19,Maine,23,2,1991,-0.80309296,-0.19870415
ME,19,Maine,23,2,1992,-0.80309296,-0.19870415
ME,19,Maine,23,2,1993,-0.97880214,-0.13383332
ME,19,Maine,23,2,1994,-0.97880214,-0.13383332
ME,19,Maine,23,2,1995,-0.97880214,-0.13383332
ME,19,Maine,23,2,1996,-0.97880214,-0.13383332
ME,19,Maine,23,2,1997,-0.97880214,-0.13383332
ME,19,Maine,23,2,1998,-0.97880214,-0.13383332
ME,19,Maine,23,2,1999,-0.97880214,-0.13383332
ME,19,Maine,23,2,2000,-0.97880214,-0.13383332
ME,19,Maine,23,2,2001,-0.32255936,-0.71501011
ME,19,Maine,23,2,2002,-0.32255936,-0.71501011
ME,19,Maine,23,2,2003,-0.85945064,-0.1617607
ME,19,Maine,23,2,2004,-0.85945064,-0.1617607
ME,19,Maine,23,2,2005,-1.1483163,0.26217714
ME,19,Maine,23,2,2006,-1.1483163,0.26217714
ME,19,Maine,23,2,2007,-1.0284587,0.08780881
ME,19,Maine,23,2,2008,-1.0284587,0.08780881
ME,19,Maine,23,2,2009,-1.0505009,0.071563929
ME,19,Maine,23,2,2010,-1.0505009,0.071563929
ME,19,Maine,23,2,2011,-0.93070185,-0.16409224
ME,19,Maine,23,2,2012,-0.93070185,-0.16409224
ME,19,Maine,23,2,2013,-0.79784894,-0.35578671
ME,19,Maine,23,2,2014,-0.79784894,-0.35578671
ME,19,Maine,23,2,2015,-0.79784894,-0.35578671
ME,19,Maine,23,2,2016,-0.79784894,-0.35578671
ME,19,Maine,23,2,2017,-0.79784894,-0.35578671
ME,19,Maine,23,2,2018,-0.79784894,-0.35578671
ME,19,Maine,23,2,2019,-0.79784894,-0.35578671
ME,19,Maine,23,2,2020,-0.79784894,-0.35578671
MI,22,Michigan,26,23,1987,4.3080134,-2.1438696
MI,22,Michigan,26,23,1988,4.3080134,-2.1438696
MI,22,Michigan,26,23,1989,4.4977765,-1.9659213
MI,22,Michigan,26,23,1990,4.4977765,-1.9659213
MI,22,Michigan,26,23,1991,3.3123395,-0.70814669
MI,22,Michigan,26,23,1992,3.3123395,-0.70814669
MI,22,Michigan,26,23,1993,3.3030927,-1.0276868
MI,22,Michigan,26,23,1994,3.3030927,-1.0276868
MI,22,Michigan,26,23,1995,3.3030927,-1.0276868
MI,22,Michigan,26,23,1996,3.3030927,-1.0276868
MI,22,Michigan,26,23,1997,1.8978926,0.4936876
MI,22,Michigan,26,23,1998,1.8978926,0.4936876
MI,22,Michigan,26,23,1999,2.0763319,0.85962826
MI,22,Michigan,26,23,2000,2.0763319,0.85962826
MI,22,Michigan,26,23,2001,2.6911755,0.89603961
MI,22,Michigan,26,23,2002,2.6911755,0.89603961
MI,22,Michigan,26,23,2003,2.7857366,0.27471173
MI,22,Michigan,26,23,2004,2.7857366,0.27471173
MI,22,Michigan,26,23,2005,2.568083,0.241446
MI,22,Michigan,26,23,2006,2.568083,0.241446
MI,22,Michigan,26,23,2007,2.5261774,0.005476835
MI,22,Michigan,26,23,2008,2.5261774,0.005476835
MI,22,Michigan,26,23,2009,2.2694831,0.044504356
MI,22,Michigan,26,23,2010,2.2694831,0.044504356
MI,22,Michigan,26,23,2011,1.7449204,0.17514297
MI,22,Michigan,26,23,2012,1.7449204,0.17514297
MI,22,Michigan,26,23,2013,1.8907773,0.27461141
MI,22,Michigan,26,23,2014,1.8907773,0.27461141
MI,22,Michigan,26,23,2015,1.8907773,0.27461141
MI,22,Michigan,26,23,2016,1.8907773,0.27461141
MI,22,Michigan,26,23,2017,1.8907773,0.27461141
MI,22,Michigan,26,23,2018,1.8907773,0.27461141
MI,22,Michigan,26,23,2019,1.8907773,0.27461141
MI,22,Michigan,26,23,2020,1.8907773,0.27461141
MN,23,Minnesota,27,33,1987,0.1576355,0.33381969
MN,23,Minnesota,27,33,1988,0.1576355,0.33381969
MN,23,Minnesota,27,33,1989,0.3868269,0.11480574
MN,23,Minnesota,27,33,1990,0.3868269,0.11480574
MN,23,Minnesota,27,33,1991,0.11697561,0.47826579
MN,23,Minnesota,27,33,1992,0.11697561,0.47826579
MN,23,Minnesota,27,33,1993,0.11697561,0.47826579
MN,23,Minnesota,27,33,1994,0.11697561,0.47826579
MN,23,Minnesota,27,33,1995,0.11697561,0.47826579
MN,23,Minnesota,27,33,1996,0.11697561,0.47826579
MN,23,Minnesota,27,33,1997,0.13539924,0.27738243
MN,23,Minnesota,27,33,1998,0.13539924,0.27738243
MN,23,Minnesota,27,33,1999,0.13054341,0.26919025
MN,23,Minnesota,27,33,2000,0.13054341,0.26919025
MN,23,Minnesota,27,33,2001,0.11551353,0.19151318
MN,23,Minnesota,27,33,2002,0.11551353,0.19151318
MN,23,Minnesota,27,33,2003,0.17688678,-0.03123305
MN,23,Minnesota,27,33,2004,0.17688678,-0.03123305
MN,23,Minnesota,27,33,2005,0.021162568,0.019896466
MN,23,Minnesota,27,33,2006,0.021162568,0.019896466
MN,23,Minnesota,27,33,2007,-0.21698883,0.27183846
MN,23,Minnesota,27,33,2008,-0.21698883,0.27183846
MN,23,Minnesota,27,33,2009,-0.2226644,0.25175914
MN,23,Minnesota,27,33,2010,-0.2226644,0.25175914
MN,23,Minnesota,27,33,2011,-0.092417136,-0.12028681
MN,23,Minnesota,27,33,2012,-0.092417136,-0.12028681
MN,23,Minnesota,27,33,2013,-0.49976355,0.33306882
MN,23,Minnesota,27,33,2014,-0.49976355,0.33306882
MN,23,Minnesota,27,33,2015,-0.49976355,0.33306882
MN,23,Minnesota,27,33,2016,-0.49976355,0.33306882
MN,23,Minnesota,27,33,2017,-0.49976355,0.33306882
MN,23,Minnesota,27,33,2018,-0.49976355,0.33306882
MN,23,Minnesota,27,33,2019,-0.49976355,0.33306882
MN,23,Minnesota,27,33,2020,-0.49976355,0.33306882
MO,25,Missouri,29,34,1987,0.3741816,-0.63608974
MO,25,Missouri,29,34,1988,0.3741816,-0.63608974
MO,25,Missouri,29,34,1989,0.3258341,-0.63019919
MO,25,Missouri,29,34,1990,0.3258341,-0.63019919
MO,25,Missouri,29,34,1991,0.2880609,-0.66468531
MO,25,Missouri,29,34,1992,0.2880609,-0.66468531
MO,25,Missouri,29,34,1993,0.27992198,-0.74373788
MO,25,Missouri,29,34,1994,0.27992198,-0.74373788
MO,25,Missouri,29,34,1995,0.27992198,-0.74373788
MO,25,Missouri,29,34,1996,0.27992198,-0.74373788
MO,25,Missouri,29,34,1997,0.27992198,-0.74373788
MO,25,Missouri,29,34,1998,0.27992198,-0.74373788
MO,25,Missouri,29,34,1999,0.27992198,-0.74373788
MO,25,Missouri,29,34,2000,0.27992198,-0.74373788
MO,25,Missouri,29,34,2001,0.21288924,-0.31570637
MO,25,Missouri,29,34,2002,0.21288924,-0.31570637
MO,25,Missouri,29,34,2003,0.38655078,-0.74036008
MO,25,Missouri,29,34,2004,0.38655078,-0.74036008
MO,25,Missouri,29,34,2005,0.024689103,-0.40413484
MO,25,Missouri,29,34,2006,0.024689103,-0.40413484
MO,25,Missouri,29,34,2007,0.02323872,-0.44774881
MO,25,Missouri,29,34,2008,0.02323872,-0.44774881
MO,25,Missouri,29,34,2009,0.002987602,-0.2599782
MO,25,Missouri,29,34,2010,0.002987602,-0.2599782
MO,25,Missouri,29,34,2011,0.29898092,-0.75775874
MO,25,Missouri,29,34,2012,0.29898092,-0.75775874
MO,25,Missouri,29,34,2013,0.23052773,-0.73725557
MO,25,Missouri,29,34,2014,0.23052773,-0.73725557
MO,25,Missouri,29,34,2015,0.23052773,-0.73725557
MO,25,Missouri,29,34,2016,0.23052773,-0.73725557
MO,25,Missouri,29,34,2017,0.23052773,-0.73725557
MO,25,Missouri,29,34,2018,0.23052773,-0.73725557
MO,25,Missouri,29,34,2019,0.23052773,-0.73725557
MO,25,Missouri,29,34,2020,0.23052773,-0.73725557
MS,24,Mississippi,28,46,1987,-0.42802915,-0.56271237
MS,24,Mississippi,28,46,1988,-0.42802915,-0.56271237
MS,24,Mississippi,28,46,1989,-0.42207909,-0.65323699
MS,24,Mississippi,28,46,1990,-0.42207909,-0.65323699
MS,24,Mississippi,28,46,1991,-0.57740527,-0.47058693
MS,24,Mississippi,28,46,1992,-0.57740527,-0.47058693
MS,24,Mississippi,28,46,1993,-0.57740527,-0.47058693
MS,24,Mississippi,28,46,1994,-0.57740527,-0.47058693
MS,24,Mississippi,28,46,1995,-0.57740527,-0.47058693
MS,24,Mississippi,28,46,1996,-0.57740527,-0.47058693
MS,24,Mississippi,28,46,1997,-0.75718969,-0.23277996
MS,24,Mississippi,28,46,1998,-0.75718969,-0.23277996
MS,24,Mississippi,28,46,1999,-0.7245931,-0.27624539
MS,24,Mississippi,28,46,2000,-0.7245931,-0.27624539
MS,24,Mississippi,28,46,2001,-0.36286682,-0.78271049
MS,24,Mississippi,28,46,2002,-0.36286682,-0.78271049
MS,24,Mississippi,28,46,2003,-0.36286682,-0.78271049
MS,24,Mississippi,28,46,2004,-0.36286682,-0.78271049
MS,24,Mississippi,28,46,2005,-0.81463665,-0.24677506
MS,24,Mississippi,28,46,2006,-0.81463665,-0.24677506
MS,24,Mississippi,28,46,2007,0.058891285,-1.4202245
MS,24,Mississippi,28,46,2008,0.058891285,-1.4202245
MS,24,Mississippi,28,46,2009,-0.69407898,-0.45793906
MS,24,Mississippi,28,46,2010,-0.69407898,-0.45793906
MS,24,Mississippi,28,46,2011,-0.71646076,-0.44358817
MS,24,Mississippi,28,46,2012,-0.71646076,-0.44358817
MS,24,Mississippi,28,46,2013,-0.71646076,-0.44358817
MS,24,Mississippi,28,46,2014,-0.71646076,-0.44358817
MS,24,Mississippi,28,46,2015,-0.71646076,-0.44358817
MS,24,Mississippi,28,46,2016,-0.71646076,-0.44358817
MS,24,Mississippi,28,46,2017,-0.71646076,-0.44358817
MS,24,Mississippi,28,46,2018,-0.71646076,-0.44358817
MS,24,Mississippi,28,46,2019,-0.71646076,-0.44358817
MS,24,Mississippi,28,46,2020,-0.71646076,-0.44358817
MT,26,Montana,30,64,1987,-1.3104514,0.053967014
MT,26,Montana,30,64,1988,-1.3104514,0.053967014
MT,26,Montana,30,64,1989,-1.1807185,-0.13698277
MT,26,Montana,30,64,1990,-1.1807185,-0.13698277
MT,26,Montana,30,64,1991,-1.22394,-0.093022235
MT,26,Montana,30,64,1992,-1.22394,-0.093022235
MT,26,Montana,30,64,1993,-1.125887,-0.21602388
MT,26,Montana,30,64,1994,-1.125887,-0.21602388
MT,26,Montana,30,64,1995,-1.3764862,0.071854576
MT,26,Montana,30,64,1996,-1.3764862,0.071854576
MT,26,Montana,30,64,1997,-1.361002,0.074720949
MT,26,Montana,30,64,1998,-1.361002,0.074720949
MT,26,Montana,30,64,1999,-1.3111858,0.033779774
MT,26,Montana,30,64,2000,-1.3111858,0.033779774
MT,26,Montana,30,64,2001,-1.2737848,0.016091786
MT,26,Montana,30,64,2002,-1.2737848,0.016091786
MT,26,Montana,30,64,2003,-1.3244345,0.074610755
MT,26,Montana,30,64,2004,-1.3244345,0.074610755
MT,26,Montana,30,64,2005,-1.1637794,-0.11449163
MT,26,Montana,30,64,2006,-1.1637794,-0.11449163
MT,26,Montana,30,64,2007,-1.2718747,0.014838772
MT,26,Montana,30,64,2008,-1.2718747,0.014838772
MT,26,Montana,30,64,2009,-1.2870109,0.10198645
MT,26,Montana,30,64,2010,-1.2870109,0.10198645
MT,26,Montana,30,64,2011,-1.319867,0.10429528
MT,26,Montana,30,64,2012,-1.319867,0.10429528
MT,26,Montana,30,64,2013,-1.3400137,0.10199779
MT,26,Montana,30,64,2014,-1.3400137,0.10199779
MT,26,Montana,30,64,2015,-1.3400137,0.10199779
MT,26,Montana,30,64,2016,-1.3400137,0.10199779
MT,26,Montana,30,64,2017,-1.3400137,0.10199779
MT,26,Montana,30,64,2018,-1.3400137,0.10199779
MT,26,Montana,30,64,2019,-1.3400137,0.10199779
MT,26,Montana,30,64,2020,-1.3400137,0.10199779
NC,33,North Carolina,37,47,1987,-0.37812349,-0.44602573
NC,33,North Carolina,37,47,1988,-0.37812349,-0.44602573
NC,33,North Carolina,37,47,1989,-0.23485844,-0.60344291
NC,33,North Carolina,37,47,1990,-0.23485844,-0.60344291
NC,33,North Carolina,37,47,1991,-0.33545917,-0.30052
NC,33,North Carolina,37,47,1992,-0.33545917,-0.30052
NC,33,North Carolina,37,47,1993,0.037538007,-0.54404664
NC,33,North Carolina,37,47,1994,0.037538007,-0.54404664
NC,33,North Carolina,37,47,1995,-0.2012022,-0.18408999
NC,33,North Carolina,37,47,1996,-0.2012022,-0.18408999
NC,33,North Carolina,37,47,1997,0.34056008,-1.0573274
NC,33,North Carolina,37,47,1998,0.34056008,-1.0573274
NC,33,North Carolina,37,47,1999,-0.30700174,-0.20221037
NC,33,North Carolina,37,47,2000,-0.30700174,-0.20221037
NC,33,North Carolina,37,47,2001,1.1491396,-2.0985622
NC,33,North Carolina,37,47,2002,1.1491396,-2.0985622
NC,33,North Carolina,37,47,2003,-0.34702677,-0.17627662
NC,33,North Carolina,37,47,2004,-0.34702677,-0.17627662
NC,33,North Carolina,37,47,2005,0.1042317,-0.6874066
NC,33,North Carolina,37,47,2006,0.1042317,-0.6874066
NC,33,North Carolina,37,47,2007,-0.12161853,-0.44760397
NC,33,North Carolina,37,47,2008,-0.12161853,-0.44760397
NC,33,North Carolina,37,47,2009,-0.14228821,-0.39057663
NC,33,North Carolina,37,47,2010,-0.14228821,-0.39057663
NC,33,North Carolina,37,47,2011,-0.5238561,0.032006141
NC,33,North Carolina,37,47,2012,-0.5238561,0.032006141
NC,33,North Carolina,37,47,2013,-0.23803963,-0.3794792
NC,33,North Carolina,37,47,2014,-0.23803963,-0.3794792
NC,33,North Carolina,37,47,2015,-0.23803963,-0.3794792
NC,33,North Carolina,37,47,2016,-0.23803963,-0.3794792
NC,33,North Carolina,37,47,2017,-0.23803963,-0.3794792
NC,33,North Carolina,37,47,2018,-0.23803963,-0.3794792
NC,33,North Carolina,37,47,2019,-0.23803963,-0.3794792
NC,33,North Carolina,37,47,2020,-0.23803963,-0.3794792
ND,34,North Dakota,38,36,1987,-1.4354267,0.13803853
ND,34,North Dakota,38,36,1988,-1.4354267,0.13803853
ND,34,North Dakota,38,36,1989,-1.4280978,0.11937662
ND,34,North Dakota,38,36,1990,-1.4280978,0.11937662
ND,34,North Dakota,38,36,1991,-1.5030991,0.11777822
ND,34,North Dakota,38,36,1992,-1.5030991,0.11777822
ND,34,North Dakota,38,36,1993,-1.3835931,0.085799776
ND,34,North Dakota,38,36,1994,-1.3835931,0.085799776
ND,34,North Dakota,38,36,1995,-1.3069257,0.1943285
ND,34,North Dakota,38,36,1996,-1.3069257,0.1943285
ND,34,North Dakota,38,36,1997,-1.3205078,0.2179524
ND,34,North Dakota,38,36,1998,-1.3205078,0.2179524
ND,34,North Dakota,38,36,1999,-1.4763802,0.16078641
ND,34,North Dakota,38,36,2000,-1.4763802,0.16078641
ND,34,North Dakota,38,36,2001,-1.5744025,0.30129206
ND,34,North Dakota,38,36,2002,-1.5744025,0.30129206
ND,34,North Dakota,38,36,2003,-1.5969701,0.3033005
ND,34,North Dakota,38,36,2004,-1.5969701,0.3033005
ND,34,North Dakota,38,36,2005,-1.6156498,0.32380226
ND,34,North Dakota,38,36,2006,-1.6156498,0.32380226
ND,34,North Dakota,38,36,2007,-1.625093,0.35877019
ND,34,North Dakota,38,36,2008,-1.625093,0.35877019
ND,34,North Dakota,38,36,2009,-1.3712225,0.1420871
ND,34,North Dakota,38,36,2010,-1.3712225,0.1420871
ND,34,North Dakota,38,36,2011,-1.3200493,0.09729626
ND,34,North Dakota,38,36,2012,-1.3200493,0.09729626
ND,34,North Dakota,38,36,2013,-1.3663191,0.11802021
ND,34,North Dakota,38,36,2014,-1.3663191,0.11802021
ND,34,North Dakota,38,36,2015,-1.3663191,0.11802021
ND,34,North Dakota,38,36,2016,-1.3663191,0.11802021
ND,34,North Dakota,38,36,2017,-1.3663191,0.11802021
ND,34,North Dakota,38,36,2018,-1.3663191,0.11802021
ND,34,North Dakota,38,36,2019,-1.3663191,0.11802021
ND,34,North Dakota,38,36,2020,-1.3663191,0.11802021
NE,27,Nebraska,31,35,1987,-0.31645337,-0.16973768
NE,27,Nebraska,31,35,1988,-0.31645337,-0.16973768
NE,27,Nebraska,31,35,1989,-0.19911653,-0.16253695
NE,27,Nebraska,31,35,1990,-0.19911653,-0.16253695
NE,27,Nebraska,31,35,1991,0.07010375,-0.31627265
NE,27,Nebraska,31,35,1992,0.07010375,-0.31627265
NE,27,Nebraska,31,35,1993,-0.18180063,-0.009366395
NE,27,Nebraska,31,35,1994,-0.18180063,-0.009366395
NE,27,Nebraska,31,35,1995,-0.20786688,-0.012889408
NE,27,Nebraska,31,35,1996,-0.20786688,-0.012889408
NE,27,Nebraska,31,35,1997,-0.18251397,-0.080052741
NE,27,Nebraska,31,35,1998,-0.18251397,-0.080052741
NE,27,Nebraska,31,35,1999,-0.26606083,-0.022789683
NE,27,Nebraska,31,35,2000,-0.26606083,-0.022789683
NE,27,Nebraska,31,35,2001,-0.041589096,-0.30990705
NE,27,Nebraska,31,35,2002,-0.041589096,-0.30990705
NE,27,Nebraska,31,35,2003,-0.29663849,-0.018731898
NE,27,Nebraska,31,35,2004,-0.29663849,-0.018731898
NE,27,Nebraska,31,35,2005,-0.3262164,-0.04639405
NE,27,Nebraska,31,35,2006,-0.3262164,-0.04639405
NE,27,Nebraska,31,35,2007,-0.27889264,-0.086115949
NE,27,Nebraska,31,35,2008,-0.27889264,-0.086115949
NE,27,Nebraska,31,35,2009,-0.23242864,-0.057054888
NE,27,Nebraska,31,35,2010,-0.23242864,-0.057054888
NE,27,Nebraska,31,35,2011,-0.3264035,-0.080379605
NE,27,Nebraska,31,35,2012,-0.3264035,-0.080379605
NE,27,Nebraska,31,35,2013,-0.38366997,-0.056065224
NE,27,Nebraska,31,35,2014,-0.38366997,-0.056065224
NE,27,Nebraska,31,35,2015,-0.38366997,-0.056065224
NE,27,Nebraska,31,35,2016,-0.38366997,-0.056065224
NE,27,Nebraska,31,35,2017,-0.38366997,-0.056065224
NE,27,Nebraska,31,35,2018,-0.38366997,-0.056065224
NE,27,Nebraska,31,35,2019,-0.38366997,-0.056065224
NE,27,Nebraska,31,35,2020,-0.38366997,-0.056065224
NH,29,New Hampshire,33,4,1987,-1.7556112,0.29169118
NH,29,New Hampshire,33,4,1988,-1.7556112,0.29169118
NH,29,New Hampshire,33,4,1989,-1.7515938,0.26271883
NH,29,New Hampshire,33,4,1990,-1.7515938,0.26271883
NH,29,New Hampshire,33,4,1991,-1.7073838,0.19926618
NH,29,New Hampshire,33,4,1992,-1.7073838,0.19926618
NH,29,New Hampshire,33,4,1993,-1.7190043,0.21958107
NH,29,New Hampshire,33,4,1994,-1.7190043,0.21958107
NH,29,New Hampshire,33,4,1995,-1.7845367,0.3114081
NH,29,New Hampshire,33,4,1996,-1.7845367,0.3114081
NH,29,New Hampshire,33,4,1997,-1.8069862,0.33578387
NH,29,New Hampshire,33,4,1998,-1.8069862,0.33578387
NH,29,New Hampshire,33,4,1999,-1.8010821,0.32603186
NH,29,New Hampshire,33,4,2000,-1.8010821,0.32603186
NH,29,New Hampshire,33,4,2001,-1.8548793,0.39788675
NH,29,New Hampshire,33,4,2002,-1.8548793,0.39788675
NH,29,New Hampshire,33,4,2003,-1.8517038,0.40176767
NH,29,New Hampshire,33,4,2004,-1.8517038,0.40176767
NH,29,New Hampshire,33,4,2005,-1.8267525,0.36384341
NH,29,New Hampshire,33,4,2006,-1.8267525,0.36384341
NH,29,New Hampshire,33,4,2007,-1.2472183,-0.39924082
NH,29,New Hampshire,33,4,2008,-1.2472183,-0.39924082
NH,29,New Hampshire,33,4,2009,-1.1100357,-0.57534999
NH,29,New Hampshire,33,4,2010,-1.1100357,-0.57534999
NH,29,New Hampshire,33,4,2011,-1.7832452,0.31420189
NH,29,New Hampshire,33,4,2012,-1.7832452,0.31420189
NH,29,New Hampshire,33,4,2013,-1.8341022,0.37254947
NH,29,New Hampshire,33,4,2014,-1.8341022,0.37254947
NH,29,New Hampshire,33,4,2015,-1.8341022,0.37254947
NH,29,New Hampshire,33,4,2016,-1.8341022,0.37254947
NH,29,New Hampshire,33,4,2017,-1.8341022,0.37254947
NH,29,New Hampshire,33,4,2018,-1.8341022,0.37254947
NH,29,New Hampshire,33,4,2019,-1.8341022,0.37254947
NH,29,New Hampshire,33,4,2020,-1.8341022,0.37254947
NJ,30,New Jersey,34,12,1987,0.74559498,1.1397375
NJ,30,New Jersey,34,12,1988,0.74559498,1.1397375
NJ,30,New Jersey,34,12,1989,1.0928619,0.95016527
NJ,30,New Jersey,34,12,1990,1.0928619,0.95016527
NJ,30,New Jersey,34,12,1991,1.3328822,0.38995856
NJ,30,New Jersey,34,12,1992,1.3328822,0.38995856
NJ,30,New Jersey,34,12,1993,1.3328822,0.38995856
NJ,30,New Jersey,34,12,1994,1.3328822,0.38995856
NJ,30,New Jersey,34,12,1995,1.3328822,0.38995856
NJ,30,New Jersey,34,12,1996,1.3328822,0.38995856
NJ,30,New Jersey,34,12,1997,0.47663185,1.2759759
NJ,30,New Jersey,34,12,1998,0.47663185,1.2759759
NJ,30,New Jersey,34,12,1999,0.51793909,1.3646206
NJ,30,New Jersey,34,12,2000,0.51793909,1.3646206
NJ,30,New Jersey,34,12,2001,0.9776485,1.4632703
NJ,30,New Jersey,34,12,2002,0.9776485,1.4632703
NJ,30,New Jersey,34,12,2003,0.82244313,1.2839965
NJ,30,New Jersey,34,12,2004,0.82244313,1.2839965
NJ,30,New Jersey,34,12,2005,0.70369375,1.3071772
NJ,30,New Jersey,34,12,2006,0.70369375,1.3071772
NJ,30,New Jersey,34,12,2007,0.53944999,1.3548698
NJ,30,New Jersey,34,12,2008,0.53944999,1.3548698
NJ,30,New Jersey,34,12,2009,0.62515426,1.109174
NJ,30,New Jersey,34,12,2010,0.62515426,1.109174
NJ,30,New Jersey,34,12,2011,0.56170654,1.025064
NJ,30,New Jersey,34,12,2012,0.56170654,1.025064
NJ,30,New Jersey,34,12,2013,0.56170654,1.025064
NJ,30,New Jersey,34,12,2014,0.56170654,1.025064
NJ,30,New Jersey,34,12,2015,0.56170654,1.025064
NJ,30,New Jersey,34,12,2016,0.56170654,1.025064
NJ,30,New Jersey,34,12,2017,0.56170654,1.025064
NJ,30,New Jersey,34,12,2018,0.56170654,1.025064
NJ,30,New Jersey,34,12,2019,0.56170654,1.025064
NJ,30,New Jersey,34,12,2020,0.56170654,1.025064
NM,31,New Mexico,35,66,1987,-1.4323794,0.3138566
NM,31,New Mexico,35,66,1988,-1.4323794,0.3138566
NM,31,New Mexico,35,66,1989,-1.4111826,0.32605916
NM,31,New Mexico,35,66,1990,-1.4111826,0.32605916
NM,31,New Mexico,35,66,1991,-1.3401679,0.31148887
NM,31,New Mexico,35,66,1992,-1.3401679,0.31148887
NM,31,New Mexico,35,66,1993,-1.437145,0.40438086
NM,31,New Mexico,35,66,1994,-1.437145,0.40438086
NM,31,New Mexico,35,66,1995,-1.5037073,0.34641492
NM,31,New Mexico,35,66,1996,-1.5037073,0.34641492
NM,31,New Mexico,35,66,1997,-1.4142311,0.42767704
NM,31,New Mexico,35,66,1998,-1.4142311,0.42767704
NM,31,New Mexico,35,66,1999,-1.356724,0.35160062
NM,31,New Mexico,35,66,2000,-1.356724,0.35160062
NM,31,New Mexico,35,66,2001,-1.3541468,0.3546311
NM,31,New Mexico,35,66,2002,-1.3541468,0.3546311
NM,31,New Mexico,35,66,2003,-1.3909042,0.40720737
NM,31,New Mexico,35,66,2004,-1.3909042,0.40720737
NM,31,New Mexico,35,66,2005,-1.4216355,0.49081883
NM,31,New Mexico,35,66,2006,-1.4216355,0.49081883
NM,31,New Mexico,35,66,2007,-1.3290104,0.42011231
NM,31,New Mexico,35,66,2008,-1.3290104,0.42011231
NM,31,New Mexico,35,66,2009,-1.3557793,0.43653458
NM,31,New Mexico,35,66,2010,-1.3557793,0.43653458
NM,31,New Mexico,35,66,2011,-1.3407625,0.3583945
NM,31,New Mexico,35,66,2012,-1.3407625,0.3583945
NM,31,New Mexico,35,66,2013,-1.4528095,0.44218785
NM,31,New Mexico,35,66,2014,-1.4528095,0.44218785
NM,31,New Mexico,35,66,2015,-1.4528095,0.44218785
NM,31,New Mexico,35,66,2016,-1.4528095,0.44218785
NM,31,New Mexico,35,66,2017,-1.4528095,0.44218785
NM,31,New Mexico,35,66,2018,-1.4528095,0.44218785
NM,31,New Mexico,35,66,2019,-1.4528095,0.44218785
NM,31,New Mexico,35,66,2020,-1.4528095,0.44218785
NV,28,Nevada,32,65,1987,-0.86132604,0.040774722
NV,28,Nevada,32,65,1988,-0.86132604,0.040774722
NV,28,Nevada,32,65,1989,-0.42905042,0.24657199
NV,28,Nevada,32,65,1990,-0.42905042,0.24657199
NV,28,Nevada,32,65,1991,-0.66114408,0.18463571
NV,28,Nevada,32,65,1992,-0.66114408,0.18463571
NV,28,Nevada,32,65,1993,-0.6610052,0.14807375
NV,28,Nevada,32,65,1994,-0.6610052,0.14807375
NV,28,Nevada,32,65,1995,-0.60797817,0.18585162
NV,28,Nevada,32,65,1996,-0.60797817,0.18585162
NV,28,Nevada,32,65,1997,-0.4900659,0.34043318
NV,28,Nevada,32,65,1998,-0.4900659,0.34043318
NV,28,Nevada,32,65,1999,-0.61865073,0.87070858
NV,28,Nevada,32,65,2000,-0.61865073,0.87070858
NV,28,Nevada,32,65,2001,-0.60067713,0.83923644
NV,28,Nevada,32,65,2002,-0.60067713,0.83923644
NV,28,Nevada,32,65,2003,-0.29369709,0.5177936
NV,28,Nevada,32,65,2004,-0.29369709,0.5177936
NV,28,Nevada,32,65,2005,-0.53845924,0.98316318
NV,28,Nevada,32,65,2006,-0.53845924,0.98316318
NV,28,Nevada,32,65,2007,-0.25822529,1.2888765
NV,28,Nevada,32,65,2008,-0.25822529,1.2888765
NV,28,Nevada,32,65,2009,-0.38859421,1.0944937
NV,28,Nevada,32,65,2010,-0.38859421,1.0944937
NV,28,Nevada,32,65,2011,-0.58375943,0.945889
NV,28,Nevada,32,65,2012,-0.58375943,0.945889
NV,28,Nevada,32,65,2013,-0.6131233,0.88131964
NV,28,Nevada,32,65,2014,-0.6131233,0.88131964
NV,28,Nevada,32,65,2015,-0.6131233,0.88131964
NV,28,Nevada,32,65,2016,-0.6131233,0.88131964
NV,28,Nevada,32,65,2017,-0.6131233,0.88131964
NV,28,Nevada,32,65,2018,-0.6131233,0.88131964
NV,28,Nevada,32,65,2019,-0.6131233,0.88131964
NV,28,Nevada,32,65,2020,-0.6131233,0.88131964
NY,32,New York,36,13,1987,-0.6131233,0.88131964
NY,32,New York,36,13,1988,-0.6131233,0.88131964
NY,32,New York,36,13,1989,4.2334013,0.57047009
NY,32,New York,36,13,1990,4.2334013,0.57047009
NY,32,New York,36,13,1991,4.4641657,0.43056002
NY,32,New York,36,13,1992,4.4641657,0.43056002
NY,32,New York,36,13,1993,4.4641657,0.43056002
NY,32,New York,36,13,1994,4.4641657,0.43056002
NY,32,New York,36,13,1995,4.4641657,0.43056002
NY,32,New York,36,13,1996,4.4641657,0.43056002
NY,32,New York,36,13,1997,4.4641657,0.43056002
NY,32,New York,36,13,1998,4.4641657,0.43056002
NY,32,New York,36,13,1999,4.4641657,0.43056002
NY,32,New York,36,13,2000,4.4641657,0.43056002
NY,32,New York,36,13,2001,5.5354795,-1.6372461
NY,32,New York,36,13,2002,5.5354795,-1.6372461
NY,32,New York,36,13,2003,4.1484923,0.037197083
NY,32,New York,36,13,2004,4.1484923,0.037197083
NY,32,New York,36,13,2005,5.1865449,-1.8915372
NY,32,New York,36,13,2006,5.1865449,-1.8915372
NY,32,New York,36,13,2007,4.9877224,-1.95812
NY,32,New York,36,13,2008,4.9877224,-1.95812
NY,32,New York,36,13,2009,4.6085591,-1.3354416
NY,32,New York,36,13,2010,4.6085591,-1.3354416
NY,32,New York,36,13,2011,4.7010403,-2.1007705
NY,32,New York,36,13,2012,4.7010403,-2.1007705
NY,32,New York,36,13,2013,4.4785709,-2.3236535
NY,32,New York,36,13,2014,4.4785709,-2.3236535
NY,32,New York,36,13,2015,4.4785709,-2.3236535
NY,32,New York,36,13,2016,4.4785709,-2.3236535
NY,32,New York,36,13,2017,4.4785709,-2.3236535
NY,32,New York,36,13,2018,4.4785709,-2.3236535
NY,32,New York,36,13,2019,4.4785709,-2.3236535
NY,32,New York,36,13,2020,4.4785709,-2.3236535
OH,35,Ohio,39,24,1987,4.4785709,-2.3236535
OH,35,Ohio,39,24,1988,4.4785709,-2.3236535
OH,35,Ohio,39,24,1989,1.5524987,-0.72480279
OH,35,Ohio,39,24,1990,1.5524987,-0.72480279
OH,35,Ohio,39,24,1991,1.6868366,-0.76331937
OH,35,Ohio,39,24,1992,1.6868366,-0.76331937
OH,35,Ohio,39,24,1993,2.0687656,-1.2937241
OH,35,Ohio,39,24,1994,2.0687656,-1.2937241
OH,35,Ohio,39,24,1995,1.2624377,-0.33995247
OH,35,Ohio,39,24,1996,1.2624377,-0.33995247
OH,35,Ohio,39,24,1997,2.0202725,-1.4332715
OH,35,Ohio,39,24,1998,2.0202725,-1.4332715
OH,35,Ohio,39,24,1999,1.1999556,-0.45299712
OH,35,Ohio,39,24,2000,1.1999556,-0.45299712
OH,35,Ohio,39,24,2001,1.8034105,-0.79348052
OH,35,Ohio,39,24,2002,1.8034105,-0.79348052
OH,35,Ohio,39,24,2003,1.7139474,-0.89294285
OH,35,Ohio,39,24,2004,1.7139474,-0.89294285
OH,35,Ohio,39,24,2005,1.619188,-0.85543036
OH,35,Ohio,39,24,2006,1.619188,-0.85543036
OH,35,Ohio,39,24,2007,2.3814528,-2.07951
OH,35,Ohio,39,24,2008,2.3814528,-2.07951
OH,35,Ohio,39,24,2009,1.5933985,-0.96561724
OH,35,Ohio,39,24,2010,1.5933985,-0.96561724
OH,35,Ohio,39,24,2011,1.4599814,-0.95480686
OH,35,Ohio,39,24,2012,1.4599814,-0.95480686
OH,35,Ohio,39,24,2013,1.1780857,-0.58529955
OH,35,Ohio,39,24,2014,1.1780857,-0.58529955
OH,35,Ohio,39,24,2015,1.1780857,-0.58529955
OH,35,Ohio,39,24,2016,1.1780857,-0.58529955
OH,35,Ohio,39,24,2017,1.1780857,-0.58529955
OH,35,Ohio,39,24,2018,1.1780857,-0.58529955
OH,35,Ohio,39,24,2019,1.1780857,-0.58529955
OH,35,Ohio,39,24,2020,1.1780857,-0.58529955
OK,36,Oklahoma,40,53,1987,0.32055581,-0.6181764
OK,36,Oklahoma,40,53,1988,0.32055581,-0.6181764
OK,36,Oklahoma,40,53,1989,0.63574409,-0.63812822
OK,36,Oklahoma,40,53,1990,0.63574409,-0.63812822
OK,36,Oklahoma,40,53,1991,0.43148917,-0.1430759
OK,36,Oklahoma,40,53,1992,0.43148917,-0.1430759
OK,36,Oklahoma,40,53,1993,0.34686711,-0.14658494
OK,36,Oklahoma,40,53,1994,0.34686711,-0.14658494
OK,36,Oklahoma,40,53,1995,0.2433425,-0.11164708
OK,36,Oklahoma,40,53,1996,0.2433425,-0.11164708
OK,36,Oklahoma,40,53,1997,0.24995659,-0.13197005
OK,36,Oklahoma,40,53,1998,0.24995659,-0.13197005
OK,36,Oklahoma,40,53,1999,0.50547397,-0.060377434
OK,36,Oklahoma,40,53,2000,0.50547397,-0.060377434
OK,36,Oklahoma,40,53,2001,0.3987515,-0.080544464
OK,36,Oklahoma,40,53,2002,0.3987515,-0.080544464
OK,36,Oklahoma,40,53,2003,0.314408,-0.074866764
OK,36,Oklahoma,40,53,2004,0.314408,-0.074866764
OK,36,Oklahoma,40,53,2005,0.22355628,-0.073410697
OK,36,Oklahoma,40,53,2006,0.22355628,-0.073410697
OK,36,Oklahoma,40,53,2007,0.064586297,0.035919711
OK,36,Oklahoma,40,53,2008,0.064586297,0.035919711
OK,36,Oklahoma,40,53,2009,0.073877022,-0.04511236
OK,36,Oklahoma,40,53,2010,0.073877022,-0.04511236
OK,36,Oklahoma,40,53,2011,-0.040201537,-0.14497684
OK,36,Oklahoma,40,53,2012,-0.040201537,-0.14497684
OK,36,Oklahoma,40,53,2013,-0.070377573,-0.11135411
OK,36,Oklahoma,40,53,2014,-0.070377573,-0.11135411
OK,36,Oklahoma,40,53,2015,-0.070377573,-0.11135411
OK,36,Oklahoma,40,53,2016,-0.070377573,-0.11135411
OK,36,Oklahoma,40,53,2017,-0.070377573,-0.11135411
OK,36,Oklahoma,40,53,2018,-0.070377573,-0.11135411
OK,36,Oklahoma,40,53,2019,-0.070377573,-0.11135411
OK,36,Oklahoma,40,53,2020,-0.070377573,-0.11135411
OR,37,Oregon,41,72,1987,-0.68109035,0.1750506
OR,37,Oregon,41,72,1988,-0.68109035,0.1750506
OR,37,Oregon,41,72,1989,0.015984984,0.24508077
OR,37,Oregon,41,72,1990,0.015984984,0.24508077
OR,37,Oregon,41,72,1991,-0.37938398,0.20596366
OR,37,Oregon,41,72,1992,-0.37938398,0.20596366
OR,37,Oregon,41,72,1993,-0.2481239,-0.05641003
OR,37,Oregon,41,72,1994,-0.2481239,-0.05641003
OR,37,Oregon,41,72,1995,-0.42866683,0.26094481
OR,37,Oregon,41,72,1996,-0.42866683,0.26094481
OR,37,Oregon,41,72,1997,-0.42235053,0.15969668
OR,37,Oregon,41,72,1998,-0.42235053,0.15969668
OR,37,Oregon,41,72,1999,-0.22781886,0.10919024
OR,37,Oregon,41,72,2000,-0.22781886,0.10919024
OR,37,Oregon,41,72,2001,-0.003090409,-0.085680038
OR,37,Oregon,41,72,2002,-0.003090409,-0.085680038
OR,37,Oregon,41,72,2003,-0.092183866,-0.095960803
OR,37,Oregon,41,72,2004,-0.092183866,-0.095960803
OR,37,Oregon,41,72,2005,-0.17526381,0.020161755
OR,37,Oregon,41,72,2006,-0.17526381,0.020161755
OR,37,Oregon,41,72,2007,-0.12378397,0.24875192
OR,37,Oregon,41,72,2008,-0.12378397,0.24875192
OR,37,Oregon,41,72,2009,-0.17467159,0.38265586
OR,37,Oregon,41,72,2010,-0.17467159,0.38265586
OR,37,Oregon,41,72,2011,-0.19066732,0.20036195
OR,37,Oregon,41,72,2012,-0.19066732,0.20036195
OR,37,Oregon,41,72,2013,-0.13717958,0.1786138
OR,37,Oregon,41,72,2014,-0.13717958,0.1786138
OR,37,Oregon,41,72,2015,-0.13717958,0.1786138
OR,37,Oregon,41,72,2016,-0.13717958,0.1786138
OR,37,Oregon,41,72,2017,-0.13717958,0.1786138
OR,37,Oregon,41,72,2018,-0.13717958,0.1786138
OR,37,Oregon,41,72,2019,-0.13717958,0.1786138
OR,37,Oregon,41,72,2020,-0.13717958,0.1786138
PA,38,Pennsylvania,42,14,1987,2.1067607,0.076590635
PA,38,Pennsylvania,42,14,1988,2.1067607,0.076590635
PA,38,Pennsylvania,42,14,1989,2.0356638,1.0280337
PA,38,Pennsylvania,42,14,1990,2.0356638,1.0280337
PA,38,Pennsylvania,42,14,1991,2.0216217,0.95602161
PA,38,Pennsylvania,42,14,1992,2.0216217,0.95602161
PA,38,Pennsylvania,42,14,1993,1.629375,1.2711424
PA,38,Pennsylvania,42,14,1994,1.629375,1.2711424
PA,38,Pennsylvania,42,14,1995,2.1508303,0.65578979
PA,38,Pennsylvania,42,14,1996,2.1508303,0.65578979
PA,38,Pennsylvania,42,14,1997,1.6521163,1.3494298
PA,38,Pennsylvania,42,14,1998,1.6521163,1.3494298
PA,38,Pennsylvania,42,14,1999,1.985136,1.7803088
PA,38,Pennsylvania,42,14,2000,1.985136,1.7803088
PA,38,Pennsylvania,42,14,2001,2.1621149,1.5858648
PA,38,Pennsylvania,42,14,2002,2.1621149,1.5858648
PA,38,Pennsylvania,42,14,2003,2.695204,1.5417324
PA,38,Pennsylvania,42,14,2004,2.695204,1.5417324
PA,38,Pennsylvania,42,14,2005,3.4472246,0.93773657
PA,38,Pennsylvania,42,14,2006,3.4472246,0.93773657
PA,38,Pennsylvania,42,14,2007,3.5846155,0.71518588
PA,38,Pennsylvania,42,14,2008,3.5846155,0.71518588
PA,38,Pennsylvania,42,14,2009,3.4468091,0.97785562
PA,38,Pennsylvania,42,14,2010,3.4468091,0.97785562
PA,38,Pennsylvania,42,14,2011,2.9522793,1.0872194
PA,38,Pennsylvania,42,14,2012,2.9522793,1.0872194
PA,38,Pennsylvania,42,14,2013,2.6022792,1.5660282
PA,38,Pennsylvania,42,14,2014,2.6022792,1.5660282
PA,38,Pennsylvania,42,14,2015,2.6022792,1.5660282
PA,38,Pennsylvania,42,14,2016,2.6022792,1.5660282
PA,38,Pennsylvania,42,14,2017,2.6022792,1.5660282
PA,38,Pennsylvania,42,14,2018,2.6022792,1.5660282
PA,38,Pennsylvania,42,14,2019,2.6022792,1.5660282
PA,38,Pennsylvania,42,14,2020,2.6022792,1.5660282
RI,39,Rhode Island,44,5,1987,-0.99395561,-0.39328372
RI,39,Rhode Island,44,5,1988,-0.99395561,-0.39328372
RI,39,Rhode Island,44,5,1989,-0.79416317,-0.59841532
RI,39,Rhode Island,44,5,1990,-0.79416317,-0.59841532
RI,39,Rhode Island,44,5,1991,-0.78274059,-0.6338973
RI,39,Rhode Island,44,5,1992,-0.78274059,-0.6338973
RI,39,Rhode Island,44,5,1993,-0.70132142,-0.69021493
RI,39,Rhode Island,44,5,1994,-0.70132142,-0.69021493
RI,39,Rhode Island,44,5,1995,-0.70132142,-0.69021493
RI,39,Rhode Island,44,5,1996,-0.70132142,-0.69021493
RI,39,Rhode Island,44,5,1997,-0.70132142,-0.69021493
RI,39,Rhode Island,44,5,1998,-0.70132142,-0.69021493
RI,39,Rhode Island,44,5,1999,-0.70132142,-0.69021493
RI,39,Rhode Island,44,5,2000,-0.70132142,-0.69021493
RI,39,Rhode Island,44,5,2001,-0.19470654,-0.52055246
RI,39,Rhode Island,44,5,2002,-0.19470654,-0.52055246
RI,39,Rhode Island,44,5,2003,-0.46382165,-0.072244309
RI,39,Rhode Island,44,5,2004,-0.46382165,-0.072244309
RI,39,Rhode Island,44,5,2005,-0.46839371,-0.081869222
RI,39,Rhode Island,44,5,2006,-0.46839371,-0.081869222
RI,39,Rhode Island,44,5,2007,-0.68073487,0.17089406
RI,39,Rhode Island,44,5,2008,-0.68073487,0.17089406
RI,39,Rhode Island,44,5,2009,-0.63436031,0.046436809
RI,39,Rhode Island,44,5,2010,-0.63436031,0.046436809
RI,39,Rhode Island,44,5,2011,-0.69602752,0.12793647
RI,39,Rhode Island,44,5,2012,-0.69602752,0.12793647
RI,39,Rhode Island,44,5,2013,0.25451887,-1.0642328
RI,39,Rhode Island,44,5,2014,0.25451887,-1.0642328
RI,39,Rhode Island,44,5,2015,0.25451887,-1.0642328
RI,39,Rhode Island,44,5,2016,0.25451887,-1.0642328
RI,39,Rhode Island,44,5,2017,0.25451887,-1.0642328
RI,39,Rhode Island,44,5,2018,0.25451887,-1.0642328
RI,39,Rhode Island,44,5,2019,0.25451887,-1.0642328
RI,39,Rhode Island,44,5,2020,0.25451887,-1.0642328
SC,40,South Carolina,45,48,1987,-0.059700634,-0.56677514
SC,40,South Carolina,45,48,1988,-0.059700634,-0.56677514
SC,40,South Carolina,45,48,1989,-0.072405621,-0.60166758
SC,40,South Carolina,45,48,1990,-0.072405621,-0.60166758
SC,40,South Carolina,45,48,1991,-0.53109759,-0.094550043
SC,40,South Carolina,45,48,1992,-0.53109759,-0.094550043
SC,40,South Carolina,45,48,1993,-0.53109759,-0.094550043
SC,40,South Carolina,45,48,1994,-0.53109759,-0.094550043
SC,40,South Carolina,45,48,1995,-0.53109759,-0.094550043
SC,40,South Carolina,45,48,1996,-0.53109759,-0.094550043
SC,40,South Carolina,45,48,1997,-0.53109759,-0.094550043
SC,40,South Carolina,45,48,1998,-0.53109759,-0.094550043
SC,40,South Carolina,45,48,1999,-0.53109759,-0.094550043
SC,40,South Carolina,45,48,2000,-0.53109759,-0.094550043
SC,40,South Carolina,45,48,2001,-0.54233521,-0.25311145
SC,40,South Carolina,45,48,2002,-0.54233521,-0.25311145
SC,40,South Carolina,45,48,2003,-0.73164088,-0.08937259
SC,40,South Carolina,45,48,2004,-0.73164088,-0.08937259
SC,40,South Carolina,45,48,2005,-0.51369667,0.13708749
SC,40,South Carolina,45,48,2006,-0.51369667,0.13708749
SC,40,South Carolina,45,48,2007,-0.18290837,-0.32506621
SC,40,South Carolina,45,48,2008,-0.18290837,-0.32506621
SC,40,South Carolina,45,48,2009,-0.23994106,-0.19784842
SC,40,South Carolina,45,48,2010,-0.23994106,-0.19784842
SC,40,South Carolina,45,48,2011,-0.49028069,0.12133681
SC,40,South Carolina,45,48,2012,-0.49028069,0.12133681
SC,40,South Carolina,45,48,2013,-0.06128747,-0.46829566
SC,40,South Carolina,45,48,2014,-0.06128747,-0.46829566
SC,40,South Carolina,45,48,2015,-0.06128747,-0.46829566
SC,40,South Carolina,45,48,2016,-0.06128747,-0.46829566
SC,40,South Carolina,45,48,2017,-0.06128747,-0.46829566
SC,40,South Carolina,45,48,2018,-0.06128747,-0.46829566
SC,40,South Carolina,45,48,2019,-0.06128747,-0.46829566
SC,40,South Carolina,45,48,2020,-0.06128747,-0.46829566
SD,41,South Dakota,46,37,1987,-1.43848,0.10704148
SD,41,South Dakota,46,37,1988,-1.43848,0.10704148
SD,41,South Dakota,46,37,1989,-1.4383887,0.11620963
SD,41,South Dakota,46,37,1990,-1.4383887,0.11620963
SD,41,South Dakota,46,37,1991,-1.383239,0.1363204
SD,41,South Dakota,46,37,1992,-1.383239,0.1363204
SD,41,South Dakota,46,37,1993,-1.374118,0.12323938
SD,41,South Dakota,46,37,1994,-1.374118,0.12323938
SD,41,South Dakota,46,37,1995,-1.4075776,0.16038832
SD,41,South Dakota,46,37,1996,-1.4075776,0.16038832
SD,41,South Dakota,46,37,1997,-1.4242435,0.14789648
SD,41,South Dakota,46,37,1998,-1.4242435,0.14789648
SD,41,South Dakota,46,37,1999,-1.3526472,0.14930153
SD,41,South Dakota,46,37,2000,-1.3526472,0.14930153
SD,41,South Dakota,46,37,2001,-1.3510746,0.12860541
SD,41,South Dakota,46,37,2002,-1.3510746,0.12860541
SD,41,South Dakota,46,37,2003,-1.3754377,0.1256436
SD,41,South Dakota,46,37,2004,-1.3754377,0.1256436
SD,41,South Dakota,46,37,2005,-1.4272554,0.11043646
SD,41,South Dakota,46,37,2006,-1.4272554,0.11043646
SD,41,South Dakota,46,37,2007,-1.4453908,0.11732376
SD,41,South Dakota,46,37,2008,-1.4453908,0.11732376
SD,41,South Dakota,46,37,2009,-1.4025828,0.087409928
SD,41,South Dakota,46,37,2010,-1.4025828,0.087409928
SD,41,South Dakota,46,37,2011,-1.4773207,0.1258436
SD,41,South Dakota,46,37,2012,-1.4773207,0.1258436
SD,41,South Dakota,46,37,2013,-1.4485012,0.097531669
SD,41,South Dakota,46,37,2014,-1.4485012,0.097531669
SD,41,South Dakota,46,37,2015,-1.4485012,0.097531669
SD,41,South Dakota,46,37,2016,-1.4485012,0.097531669
SD,41,South Dakota,46,37,2017,-1.4485012,0.097531669
SD,41,South Dakota,46,37,2018,-1.4485012,0.097531669
SD,41,South Dakota,46,37,2019,-1.4485012,0.097531669
SD,41,South Dakota,46,37,2020,-1.4485012,0.097531669
TN,42,Tennessee,47,54,1987,-0.71706825,0.23063317
TN,42,Tennessee,47,54,1988,-0.71706825,0.23063317
TN,42,Tennessee,47,54,1989,-0.64869916,0.2254159
TN,42,Tennessee,47,54,1990,-0.64869916,0.2254159
TN,42,Tennessee,47,54,1991,-0.52675021,0.14719591
TN,42,Tennessee,47,54,1992,-0.52675021,0.14719591
TN,42,Tennessee,47,54,1993,-0.65285844,0.24210064
TN,42,Tennessee,47,54,1994,-0.65285844,0.24210064
TN,42,Tennessee,47,54,1995,-0.69981605,0.27478248
TN,42,Tennessee,47,54,1996,-0.69981605,0.27478248
TN,42,Tennessee,47,54,1997,-0.68153381,0.30840701
TN,42,Tennessee,47,54,1998,-0.68153381,0.30840701
TN,42,Tennessee,47,54,1999,-0.4640165,0.040620036
TN,42,Tennessee,47,54,2000,-0.4640165,0.040620036
TN,42,Tennessee,47,54,2001,-0.62739724,0.22872882
TN,42,Tennessee,47,54,2002,-0.62739724,0.22872882
TN,42,Tennessee,47,54,2003,-0.72919631,0.35253817
TN,42,Tennessee,47,54,2004,-0.72919631,0.35253817
TN,42,Tennessee,47,54,2005,-0.62338668,0.25694528
TN,42,Tennessee,47,54,2006,-0.62338668,0.25694528
TN,42,Tennessee,47,54,2007,-0.68859798,0.36646155
TN,42,Tennessee,47,54,2008,-0.68859798,0.36646155
TN,42,Tennessee,47,54,2009,-0.55527574,0.34162033
TN,42,Tennessee,47,54,2010,-0.55527574,0.34162033
TN,42,Tennessee,47,54,2011,-0.74816728,0.42767689
TN,42,Tennessee,47,54,2012,-0.74816728,0.42767689
TN,42,Tennessee,47,54,2013,-0.64743292,0.28177771
TN,42,Tennessee,47,54,2014,-0.64743292,0.28177771
TN,42,Tennessee,47,54,2015,-0.64743292,0.28177771
TN,42,Tennessee,47,54,2016,-0.64743292,0.28177771
TN,42,Tennessee,47,54,2017,-0.64743292,0.28177771
TN,42,Tennessee,47,54,2018,-0.64743292,0.28177771
TN,42,Tennessee,47,54,2019,-0.64743292,0.28177771
TN,42,Tennessee,47,54,2020,-0.64743292,0.28177771
TX,43,Texas,48,49,1987,-0.14137098,0.43675137
TX,43,Texas,48,49,1988,-0.14137098,0.43675137
TX,43,Texas,48,49,1989,0.45727816,-0.23380719
TX,43,Texas,48,49,1990,0.45727816,-0.23380719
TX,43,Texas,48,49,1991,0.035552129,0.48187461
TX,43,Texas,48,49,1992,0.035552129,0.48187461
TX,43,Texas,48,49,1993,-0.29165223,0.91723812
TX,43,Texas,48,49,1994,-0.29165223,0.91723812
TX,43,Texas,48,49,1995,-0.27452826,0.95364988
TX,43,Texas,48,49,1996,-0.27452826,0.95364988
TX,43,Texas,48,49,1997,-0.22960682,1.0191227
TX,43,Texas,48,49,1998,-0.22960682,1.0191227
TX,43,Texas,48,49,1999,-0.088009834,1.1979667
TX,43,Texas,48,49,2000,-0.088009834,1.1979667
TX,43,Texas,48,49,2001,-0.047540095,1.2589771
TX,43,Texas,48,49,2002,-0.047540095,1.2589771
TX,43,Texas,48,49,2003,0.36531481,0.59026843
TX,43,Texas,48,49,2004,0.36531481,0.59026843
TX,43,Texas,48,49,2005,0.12370806,0.76683187
TX,43,Texas,48,49,2006,0.12370806,0.76683187
TX,43,Texas,48,49,2007,-0.15891054,1.1666105
TX,43,Texas,48,49,2008,-0.15891054,1.1666105
TX,43,Texas,48,49,2009,-0.076002471,1.245044
TX,43,Texas,48,49,2010,-0.076002471,1.245044
TX,43,Texas,48,49,2011,-0.058557928,0.94016945
TX,43,Texas,48,49,2012,-0.058557928,0.94016945
TX,43,Texas,48,49,2013,0.088089794,0.67585838
TX,43,Texas,48,49,2014,0.088089794,0.67585838
TX,43,Texas,48,49,2015,0.088089794,0.67585838
TX,43,Texas,48,49,2016,0.088089794,0.67585838
TX,43,Texas,48,49,2017,0.088089794,0.67585838
TX,43,Texas,48,49,2018,0.088089794,0.67585838
TX,43,Texas,48,49,2019,0.088089794,0.67585838
TX,43,Texas,48,49,2020,0.088089794,0.67585838
UT,44,Utah,49,67,1987,-1.4358916,0.30583709
UT,44,Utah,49,67,1988,-1.4358916,0.30583709
UT,44,Utah,49,67,1989,-1.4502791,0.34449235
UT,44,Utah,49,67,1990,-1.4502791,0.34449235
UT,44,Utah,49,67,1991,-1.3925588,0.34849599
UT,44,Utah,49,67,1992,-1.3925588,0.34849599
UT,44,Utah,49,67,1993,-1.3937669,0.38680995
UT,44,Utah,49,67,1994,-1.3937669,0.38680995
UT,44,Utah,49,67,1995,-1.406183,0.32119575
UT,44,Utah,49,67,1996,-1.406183,0.32119575
UT,44,Utah,49,67,1997,-1.4881918,0.30897465
UT,44,Utah,49,67,1998,-1.4881918,0.30897465
UT,44,Utah,49,67,1999,-1.460804,0.30878809
UT,44,Utah,49,67,2000,-1.460804,0.30878809
UT,44,Utah,49,67,2001,-1.3705815,0.23517357
UT,44,Utah,49,67,2002,-1.3705815,0.23517357
UT,44,Utah,49,67,2003,-1.4114635,0.27470794
UT,44,Utah,49,67,2004,-1.4114635,0.27470794
UT,44,Utah,49,67,2005,-1.4330583,0.2982994
UT,44,Utah,49,67,2006,-1.4330583,0.2982994
UT,44,Utah,49,67,2007,-1.4396816,0.3243553
UT,44,Utah,49,67,2008,-1.4396816,0.3243553
UT,44,Utah,49,67,2009,-1.4478292,0.33544847
UT,44,Utah,49,67,2010,-1.4478292,0.33544847
UT,44,Utah,49,67,2011,-1.0483648,-0.081353202
UT,44,Utah,49,67,2012,-1.0483648,-0.081353202
UT,44,Utah,49,67,2013,-1.3308183,0.39522797
UT,44,Utah,49,67,2014,-1.3308183,0.39522797
UT,44,Utah,49,67,2015,-1.3308183,0.39522797
UT,44,Utah,49,67,2016,-1.3308183,0.39522797
UT,44,Utah,49,67,2017,-1.3308183,0.39522797
UT,44,Utah,49,67,2018,-1.3308183,0.39522797
UT,44,Utah,49,67,2019,-1.3308183,0.39522797
UT,44,Utah,49,67,2020,-1.3308183,0.39522797
VA,46,Virginia,51,40,1987,-0.11233085,0.52198315
VA,46,Virginia,51,40,1988,-0.11233085,0.52198315
VA,46,Virginia,51,40,1989,-0.42474034,0.43659803
VA,46,Virginia,51,40,1990,-0.42474034,0.43659803
VA,46,Virginia,51,40,1991,-0.33955967,0.25630942
VA,46,Virginia,51,40,1992,-0.33955967,0.25630942
VA,46,Virginia,51,40,1993,0.23722057,-0.46497336
VA,46,Virginia,51,40,1994,0.23722057,-0.46497336
VA,46,Virginia,51,40,1995,-0.63298059,0.52677983
VA,46,Virginia,51,40,1996,-0.63298059,0.52677983
VA,46,Virginia,51,40,1997,-0.37189013,0.25691071
VA,46,Virginia,51,40,1998,-0.37189013,0.25691071
VA,46,Virginia,51,40,1999,-0.60231107,0.63868314
VA,46,Virginia,51,40,2000,-0.60231107,0.63868314
VA,46,Virginia,51,40,2001,-0.57935977,0.47112852
VA,46,Virginia,51,40,2002,-0.57935977,0.47112852
VA,46,Virginia,51,40,2003,-0.7027787,0.51383948
VA,46,Virginia,51,40,2004,-0.7027787,0.51383948
VA,46,Virginia,51,40,2005,-0.60126317,0.41035599
VA,46,Virginia,51,40,2006,-0.60126317,0.41035599
VA,46,Virginia,51,40,2007,-0.65463108,0.51679599
VA,46,Virginia,51,40,2008,-0.65463108,0.51679599
VA,46,Virginia,51,40,2009,-0.64905971,0.44614601
VA,46,Virginia,51,40,2010,-0.64905971,0.44614601
VA,46,Virginia,51,40,2011,-0.70284957,0.51735729
VA,46,Virginia,51,40,2012,-0.70284957,0.51735729
VA,46,Virginia,51,40,2013,-0.70284957,0.51735729
VA,46,Virginia,51,40,2014,-0.70284957,0.51735729
VA,46,Virginia,51,40,2015,-0.70284957,0.51735729
VA,46,Virginia,51,40,2016,-0.70284957,0.51735729
VA,46,Virginia,51,40,2017,-0.70284957,0.51735729
VA,46,Virginia,51,40,2018,-0.70284957,0.51735729
VA,46,Virginia,51,40,2019,-0.70284957,0.51735729
VA,46,Virginia,51,40,2020,-0.70284957,0.51735729
VT,45,Vermont,50,6,1987,-0.70710427,-0.7106477
VT,45,Vermont,50,6,1988,-0.70710427,-0.7106477
VT,45,Vermont,50,6,1989,-0.78314626,-0.61308509
VT,45,Vermont,50,6,1990,-0.78314626,-0.61308509
VT,45,Vermont,50,6,1991,-0.78566992,-0.59358788
VT,45,Vermont,50,6,1992,-0.78566992,-0.59358788
VT,45,Vermont,50,6,1993,-0.51879603,-0.89143556
VT,45,Vermont,50,6,1994,-0.51879603,-0.89143556
VT,45,Vermont,50,6,1995,-0.80230218,-0.55224234
VT,45,Vermont,50,6,1996,-0.80230218,-0.55224234
VT,45,Vermont,50,6,1997,-0.51603812,-0.95772874
VT,45,Vermont,50,6,1998,-0.51603812,-0.95772874
VT,45,Vermont,50,6,1999,-0.67304635,-0.69896132
VT,45,Vermont,50,6,2000,-0.67304635,-0.69896132
VT,45,Vermont,50,6,2001,-0.51365364,-0.88715917
VT,45,Vermont,50,6,2002,-0.51365364,-0.88715917
VT,45,Vermont,50,6,2003,-0.93616396,-0.45370704
VT,45,Vermont,50,6,2004,-0.93616396,-0.45370704
VT,45,Vermont,50,6,2005,-0.7046845,-0.69053549
VT,45,Vermont,50,6,2006,-0.7046845,-0.69053549
VT,45,Vermont,50,6,2007,-0.96966749,-0.39955011
VT,45,Vermont,50,6,2008,-0.96966749,-0.39955011
VT,45,Vermont,50,6,2009,-1.2742412,-0.073083438
VT,45,Vermont,50,6,2010,-1.2742412,-0.073083438
VT,45,Vermont,50,6,2011,-0.89045537,-0.52733576
VT,45,Vermont,50,6,2012,-0.89045537,-0.52733576
VT,45,Vermont,50,6,2013,-0.88605881,-0.51960546
VT,45,Vermont,50,6,2014,-0.88605881,-0.51960546
VT,45,Vermont,50,6,2015,-0.88605881,-0.51960546
VT,45,Vermont,50,6,2016,-0.88605881,-0.51960546
VT,45,Vermont,50,6,2017,-0.88605881,-0.51960546
VT,45,Vermont,50,6,2018,-0.88605881,-0.51960546
VT,45,Vermont,50,6,2019,-0.88605881,-0.51960546
VT,45,Vermont,50,6,2020,-0.88605881,-0.51960546
WA,47,Washington,53,73,1987,0.27390796,0.30367738
WA,47,Washington,53,73,1988,0.27390796,0.30367738
WA,47,Washington,53,73,1989,0.81943029,0.10470875
WA,47,Washington,53,73,1990,0.81943029,0.10470875
WA,47,Washington,53,73,1991,0.66106045,0.25849262
WA,47,Washington,53,73,1992,0.66106045,0.25849262
WA,47,Washington,53,73,1993,0.35979009,0.47350928
WA,47,Washington,53,73,1994,0.35979009,0.47350928
WA,47,Washington,53,73,1995,0.79251897,-0.15434524
WA,47,Washington,53,73,1996,0.79251897,-0.15434524
WA,47,Washington,53,73,1997,0.27178839,0.59607762
WA,47,Washington,53,73,1998,0.27178839,0.59607762
WA,47,Washington,53,73,1999,0.55635029,0.4086794
WA,47,Washington,53,73,2000,0.55635029,0.4086794
WA,47,Washington,53,73,2001,0.72992951,0.14136684
WA,47,Washington,53,73,2002,0.72992951,0.14136684
WA,47,Washington,53,73,2003,0.54289699,0.42314187
WA,47,Washington,53,73,2004,0.54289699,0.42314187
WA,47,Washington,53,73,2005,0.36686009,0.64345896
WA,47,Washington,53,73,2006,0.36686009,0.64345896
WA,47,Washington,53,73,2007,0.48368183,0.68955398
WA,47,Washington,53,73,2008,0.48368183,0.68955398
WA,47,Washington,53,73,2009,0.65723509,0.47694185
WA,47,Washington,53,73,2010,0.65723509,0.47694185
WA,47,Washington,53,73,2011,0.79684031,-0.007483496
WA,47,Washington,53,73,2012,0.79684031,-0.007483496
WA,47,Washington,53,73,2013,0.41008791,0.2811965
WA,47,Washington,53,73,2014,0.41008791,0.2811965
WA,47,Washington,53,73,2015,0.41008791,0.2811965
WA,47,Washington,53,73,2016,0.41008791,0.2811965
WA,47,Washington,53,73,2017,0.41008791,0.2811965
WA,47,Washington,53,73,2018,0.41008791,0.2811965
WA,47,Washington,53,73,2019,0.41008791,0.2811965
WA,47,Washington,53,73,2020,0.41008791,0.2811965
WI,49,Wisconsin,55,25,1987,0.82694143,0.010160331
WI,49,Wisconsin,55,25,1988,0.82694143,0.010160331
WI,49,Wisconsin,55,25,1989,1.3912991,-0.61118704
WI,49,Wisconsin,55,25,1990,1.3912991,-0.61118704
WI,49,Wisconsin,55,25,1991,1.0179679,0.050092228
WI,49,Wisconsin,55,25,1992,1.0179679,0.050092228
WI,49,Wisconsin,55,25,1993,3.4370518,-3.1350033
WI,49,Wisconsin,55,25,1994,3.4370518,-3.1350033
WI,49,Wisconsin,55,25,1995,3.6469603,-3.2583163
WI,49,Wisconsin,55,25,1996,3.6469603,-3.2583163
WI,49,Wisconsin,55,25,1997,3.488785,-3.0900443
WI,49,Wisconsin,55,25,1998,3.488785,-3.0900443
WI,49,Wisconsin,55,25,1999,3.5822773,-3.0395923
WI,49,Wisconsin,55,25,2000,3.5822773,-3.0395923
WI,49,Wisconsin,55,25,2001,2.5838833,-1.6990535
WI,49,Wisconsin,55,25,2002,2.5838833,-1.6990535
WI,49,Wisconsin,55,25,2003,1.0227816,0.17270635
WI,49,Wisconsin,55,25,2004,1.0227816,0.17270635
WI,49,Wisconsin,55,25,2005,0.51805973,0.59406286
WI,49,Wisconsin,55,25,2006,0.51805973,0.59406286
WI,49,Wisconsin,55,25,2007,0.90560293,0.053268727
WI,49,Wisconsin,55,25,2008,0.90560293,0.053268727
WI,49,Wisconsin,55,25,2009,0.90560293,0.053268727
WI,49,Wisconsin,55,25,2010,0.90560293,0.053268727
WI,49,Wisconsin,55,25,2011,1.3175859,-0.61412692
WI,49,Wisconsin,55,25,2012,1.3175859,-0.61412692
WI,49,Wisconsin,55,25,2013,0.75425315,0.017210696
WI,49,Wisconsin,55,25,2014,0.75425315,0.017210696
WI,49,Wisconsin,55,25,2015,0.75425315,0.017210696
WI,49,Wisconsin,55,25,2016,0.75425315,0.017210696
WI,49,Wisconsin,55,25,2017,0.75425315,0.017210696
WI,49,Wisconsin,55,25,2018,0.75425315,0.017210696
WI,49,Wisconsin,55,25,2019,0.75425315,0.017210696
WI,49,Wisconsin,55,25,2020,0.75425315,0.017210696
WV,48,West Virginia,54,56,1987,-0.92026854,0.022986874
WV,48,West Virginia,54,56,1988,-0.92026854,0.022986874
WV,48,West Virginia,54,56,1989,-0.95100921,-0.049235631
WV,48,West Virginia,54,56,1990,-0.95100921,-0.049235631
WV,48,West Virginia,54,56,1991,-0.93815553,-0.069015644
WV,48,West Virginia,54,56,1992,-0.93815553,-0.069015644
WV,48,West Virginia,54,56,1993,-1.0084286,-0.003851831
WV,48,West Virginia,54,56,1994,-1.0084286,-0.003851831
WV,48,West Virginia,54,56,1995,-1.0084286,-0.003851831
WV,48,West Virginia,54,56,1996,-1.0084286,-0.003851831
WV,48,West Virginia,54,56,1997,-1.0084286,-0.003851831
WV,48,West Virginia,54,56,1998,-1.0084286,-0.003851831
WV,48,West Virginia,54,56,1999,-0.55770975,-0.04105188
WV,48,West Virginia,54,56,2000,-0.55770975,-0.04105188
WV,48,West Virginia,54,56,2001,-0.60766315,-0.047537643
WV,48,West Virginia,54,56,2002,-0.60766315,-0.047537643
WV,48,West Virginia,54,56,2003,-0.60766315,-0.047537643
WV,48,West Virginia,54,56,2004,-0.60766315,-0.047537643
WV,48,West Virginia,54,56,2005,-0.73668534,0.15923132
WV,48,West Virginia,54,56,2006,-0.73668534,0.15923132
WV,48,West Virginia,54,56,2007,-0.88460088,0.27711281
WV,48,West Virginia,54,56,2008,-0.88460088,0.27711281
WV,48,West Virginia,54,56,2009,-0.67356747,0.18927
WV,48,West Virginia,54,56,2010,-0.67356747,0.18927
WV,48,West Virginia,54,56,2011,-0.63394988,0.16268052
WV,48,West Virginia,54,56,2012,-0.63394988,0.16268052
WV,48,West Virginia,54,56,2013,-0.59159517,0.04770989
WV,48,West Virginia,54,56,2014,-0.59159517,0.04770989
WV,48,West Virginia,54,56,2015,-0.59159517,0.04770989
WV,48,West Virginia,54,56,2016,-0.59159517,0.04770989
WV,48,West Virginia,54,56,2017,-0.59159517,0.04770989
WV,48,West Virginia,54,56,2018,-0.59159517,0.04770989
WV,48,West Virginia,54,56,2019,-0.59159517,0.04770989
WV,48,West Virginia,54,56,2020,-0.59159517,0.04770989
WY,50,Wyoming,56,68,1987,-1.5485404,0.22008482
WY,50,Wyoming,56,68,1988,-1.5485404,0.22008482
WY,50,Wyoming,56,68,1989,-1.5727199,0.28774279
WY,50,Wyoming,56,68,1990,-1.5727199,0.28774279
WY,50,Wyoming,56,68,1991,-1.4486284,0.24383566
WY,50,Wyoming,56,68,1992,-1.4486284,0.24383566
WY,50,Wyoming,56,68,1993,-1.6297007,0.25357497
WY,50,Wyoming,56,68,1994,-1.6297007,0.25357497
WY,50,Wyoming,56,68,1995,-1.5822775,0.27554396
WY,50,Wyoming,56,68,1996,-1.5822775,0.27554396
WY,50,Wyoming,56,68,1997,-1.5708802,0.27638859
WY,50,Wyoming,56,68,1998,-1.5708802,0.27638859
WY,50,Wyoming,56,68,1999,-1.5760863,0.27613997
WY,50,Wyoming,56,68,2000,-1.5760863,0.27613997
WY,50,Wyoming,56,68,2001,-1.5795481,0.29035929
WY,50,Wyoming,56,68,2002,-1.5795481,0.29035929
WY,50,Wyoming,56,68,2003,-1.5246266,0.24757926
WY,50,Wyoming,56,68,2004,-1.5246266,0.24757926
WY,50,Wyoming,56,68,2005,-1.5605581,0.31376442
WY,50,Wyoming,56,68,2006,-1.5605581,0.31376442
WY,50,Wyoming,56,68,2007,-1.4744576,0.22856486
WY,50,Wyoming,56,68,2008,-1.4744576,0.22856486
WY,50,Wyoming,56,68,2009,-1.7023729,0.47823414
WY,50,Wyoming,56,68,2010,-1.7023729,0.47823414
WY,50,Wyoming,56,68,2011,-1.5463464,0.3440989
WY,50,Wyoming,56,68,2012,-1.5463464,0.3440989
WY,50,Wyoming,56,68,2013,-1.569172,0.35880834
WY,50,Wyoming,56,68,2014,-1.569172,0.35880834
WY,50,Wyoming,56,68,2015,-1.569172,0.35880834
WY,50,Wyoming,56,68,2016,-1.569172,0.35880834
WY,50,Wyoming,56,68,2017,-1.569172,0.35880834
WY,50,Wyoming,56,68,2018,-1.569172,0.35880834
WY,50,Wyoming,56,68,2019,-1.569172,0.35880834
WY,50,Wyoming,56,68,2020,-1.569172,0.35880834
