state_name,white_pop,hispanic_pop,female_pop,year,pct_white,pct_hispanic,pct_female,state_fips,state,pct_male,black_pop,pct_black
ALABAMA,3324276,182795,2463055,2010,0.694670310805719,0.0381984707237701,0.514701902724558,1,AL,0.485298097275443,,
ALASKA,481446,40705,341549,2010,0.674156264965427,0.0569981488379127,0.478262148076164,2,AK,0.521737851923836,,
ARIZONA,5095378,1908914,3223037,2010,0.794519330414127,0.297655850674504,0.502566286375605,4,AZ,0.497433713624395,,
ARKANSAS,2289695,182674,1490769,2010,0.783715910662284,0.0625255854008163,0.510259831297226,5,AR,0.489740168702774,,
CALIFORNIA,23322954,14089411,18778858,2010,0.62464058924322,0.377345767998766,0.502939590175187,6,CA,0.497060409824813,,
COLORADO,4208365,1047700,2517709,2010,0.833720639056424,0.207560207714734,0.49878419681708,8,CO,0.50121580318292,,
CONNECTICUT,2797956,481901,1838155,2010,0.782536027149225,0.134778707749242,0.514097616611728,9,CT,0.485902383388272,,
DELAWARE,636052,73842,463161,2010,0.706887814072586,0.0820656329462809,0.514742295997297,10,DE,0.485257704002703,,
FLORIDA,14411461,4253197,9630778,2010,0.764995862487329,0.225770177454147,0.511225428326385,12,FL,0.488774571673615,,
GEORGIA,5895315,856924,4969833,2010,0.607003675908452,0.0882320992133879,0.511712588665937,13,GA,0.488287411334063,,
HAWAII,335563,121001,679534,2010,0.246129596093179,0.0887521188476403,0.498426313245447,15,HI,0.501573686754553,,
IDAHO,1449223,177326,783944,2010,0.922424514767342,0.112867274053499,0.498977151069759,16,ID,0.501022848930241,,
ILLINOIS,9305662,2037851,6548732,2010,0.724628289407085,0.158686666697815,0.509947219976982,17,IL,0.490052780023018,,
INDIANA,5522578,389550,3293497,2010,0.850854971988817,0.0600173604317121,0.507423941804037,18,IN,0.492576058195963,,
IOWA,2791596,151736,1544004,2010,0.915216762693094,0.0497462135294646,0.506197294474268,19,IA,0.493802705525732,,
KANSAS,2436845,301140,1442035,2010,0.852299098016434,0.105325267046804,0.504359173360689,20,KS,0.495640826639311,,
KENTUCKY,3837101,131063,2205773,2010,0.882655663167038,0.0301486719222823,0.507398171200327,21,KY,0.492601828799673,,
LOUISIANA,2855924,193732,2317214,2010,0.628318698940872,0.0426220859459891,0.509799590481951,22,LA,0.49020040951805,,
MAINE,1265687,16490,678678,2010,0.953523447334936,0.0124229779136177,0.511291801361932,23,ME,0.488708198638068,,
MARYLAND,3408003,473721,2986385,2010,0.589040944359013,0.081878174755919,0.516168278202687,24,MD,0.483831721797313,,
MASSACHUSETTS,5320148,631016,3387087,2010,0.811559086722439,0.0962579929481748,0.516681346528226,25,MA,0.483318653471775,,
MICHIGAN,7834808,439282,5028814,2010,0.79322613836815,0.0444746016130373,0.50913649827688,26,MI,0.49086350172312,,
MINNESOTA,4573199,248297,2675187,2010,0.861136040016134,0.0467544699734007,0.503739272986511,27,MN,0.496260727013489,,
MISSISSIPPI,1767532,73435,1528511,2010,0.595114192517892,0.0247249898318963,0.514637692284901,28,MS,0.485362307715099,,
MISSOURI,4983469,213180,3063848,2010,0.831171761833243,0.0355553924761267,0.511006276982812,29,MO,0.488993723017188,,
MONTANA,890335,28176,491663,2010,0.898458865057853,0.028433092018027,0.49614918089364,30,MT,0.50385081910636,,
NEBRASKA,1627046,168298,923889,2010,0.889027676009663,0.0919590348503203,0.50481848119899,31,NE,0.495181518801011,,
NEVADA,1970730,720068,1339144,2010,0.728743996098042,0.266269469578443,0.49519373527105,32,NV,0.50480626472895,,
NEW HAMPSHIRE,1238424,36941,669410,2010,0.940474951910189,0.0280534656939096,0.508358476223167,33,NH,0.491641523776833,,
NEW JERSEY,6103285,1564037,4517575,2010,0.693587192043996,0.177739697733747,0.513384539489497,34,NJ,0.486615460510503,,
NEW MEXICO,1515500,959411,1044936,2010,0.733573969474997,0.464400485402822,0.505798646893649,35,NM,0.494201353106351,,
NEW YORK,12775673,3434888,10004749,2010,0.658702619606103,0.177099846219731,0.515836181373892,36,NY,0.484163818626108,,
NORTH CAROLINA,6666233,804826,4904402,2010,0.697287639612168,0.0841847594943806,0.513000204806702,37,NC,0.486999795193298,,
NORTH DAKOTA,607058,13919,331054,2010,0.899839763781278,0.0206320807436384,0.490720084668759,38,ND,0.509279915331241,,
OHIO,9569990,355016,5906064,2010,0.829434611016429,0.0307693694418289,0.511880774847009,39,OH,0.488119225152991,,
OKLAHOMA,2764307,332611,1905457,2010,0.73515205638873,0.0884560436404176,0.506745680530527,40,OK,0.493254319469473,,
OREGON,3262714,451940,1936772,2010,0.850034337832163,0.117743853319619,0.504586888262923,41,OR,0.495413111737078,,
PENNSYLVANIA,10492442,722111,6517525,2010,0.825025267889957,0.0567799013062245,0.512475819175793,42,PA,0.487524180824207,,
RHODE ISLAND,857493,131383,544688,2010,0.814698516334007,0.124826132891477,0.517504522445009,44,RI,0.482495477554991,,
SOUTH CAROLINA,3110798,231001,2383277,2010,0.670849016606478,0.0498157687143663,0.513957843534308,45,SC,0.486042156465692,,
SOUTH DAKOTA,701880,20467,405293,2010,0.859517167565926,0.0250637400532453,0.496318874158399,46,SD,0.503681125841601,,
TENNESSEE,4982270,287505,3261867,2010,0.783691727293834,0.0452234202593624,0.513079014873292,47,TN,0.486920985126708,,
TEXAS,18716520,9533880,12725394,2010,0.741146581621707,0.377527583738406,0.503906830056516,48,TX,0.496093169943484,,
UTAH,2466280,361956,1378620,2010,0.888596166643668,0.130412083824089,0.496714260853712,49,UT,0.503285739146288,,
VERMONT,597325,9692,317788,2010,0.954332019510823,0.0154846790827421,0.507722368587127,50,VT,0.492277631412873,,
VIRGINIA,5573934,630112,4082660,2010,0.694661845601538,0.0785288747329402,0.508809062067039,51,VA,0.491190937932961,,
WASHINGTON,5308097,760434,3386073,2010,0.787206934650264,0.112774675772473,0.502164927813494,53,WA,0.497835072186506,,
WEST VIRGINIA,1740520,22018,940813,2010,0.938605497937842,0.0118735871197087,0.507349673851145,54,WV,0.492650326148855,,
WISCONSIN,4951854,336567,2864848,2010,0.870019444242882,0.0591333739424656,0.503341468629797,55,WI,0.496658531370203,,
WYOMING,513623,50693,277407,2010,0.909785423537872,0.0897930047435675,0.491373721557194,56,WY,0.508626278442806,,
ALABAMA,3318693.34,187306.86,2478213.84,2011,0.691,0.039,0.516,1,AL,0.484,,
ALASKA,482775.624,41917.644,349795.512,2011,0.668,0.058,0.484,2,AK,0.516,,
ARIZONA,5140626.465,1951234.005,3254217.51,2011,0.793,0.301,0.502,4,AZ,0.498,,
ARKANSAS,2297499.578,190968.635,1489555.353,2011,0.782,0.065,0.507,5,AR,0.493,,
CALIFORNIA,23708212.648,14360618.472,18959031.736,2011,0.629,0.381,0.503,6,CA,0.497,,
COLORADO,4318575.824,1069410.364,2548164.408,2011,0.844,0.209,0.498,8,CO,0.502,,
CONNECTICUT,2785791.602,494137.842,1836903.717,2011,0.778,0.138,0.513,9,CT,0.487,,
DELAWARE,636808.77,76199.34,467174.525,2011,0.702,0.084,0.515,10,DE,0.485,,
FLORIDA,14540904.546,4364177.118,9738403.962,2011,0.763,0.229,0.511,12,FL,0.489,,
GEORGIA,5957832.47,883368.9,5005757.1,2011,0.607,0.09,0.51,13,GA,0.49,,
HAWAII,343702.5,126482.52,686030.19,2011,0.25,0.092,0.499,15,HI,0.501,,
IDAHO,1466111.125,182273.275,789322.53,2011,0.925,0.115,0.498,16,ID,0.502,,
ILLINOIS,9330212.775,2071950.699,6563322.09,2011,0.725,0.161,0.51,17,IL,0.49,,
INDIANA,5513316.012,397532.242,3310596.376,2011,0.846,0.061,0.508,18,IN,0.492,,
IOWA,2802012.735,153115.45,1549528.354,2011,0.915,0.05,0.506,19,IA,0.494,,
KANSAS,2443423.538,307222.466,1447103.952,2011,0.851,0.107,0.504,20,KS,0.496,,
KENTUCKY,3836294.568,131080.68,2224002.204,2011,0.878,0.03,0.509,21,KY,0.491,,
LOUISIANA,2872997.008,196717.948,2337741.196,2011,0.628,0.043,0.511,22,LA,0.489,,
MAINE,1264434.976,17266.444,677375.88,2011,0.952,0.013,0.51,23,ME,0.49,,
MARYLAND,3415377.354,489576.276,3007397.124,2011,0.586,0.084,0.516,24,MD,0.484,,
MASSACHUSETTS,5302966.48,652166.064,3399168.576,2011,0.805,0.099,0.516,25,MA,0.484,,
MICHIGAN,7831816.291,444428.415,5026979.183,2011,0.793,0.045,0.509,26,MI,0.491,,
MINNESOTA,4580545.877,256553.328,2688465.083,2011,0.857,0.048,0.503,27,MN,0.497,,
MISSISSIPPI,1769236.128,80419.824,1530955.168,2011,0.594,0.027,0.514,28,MS,0.486,,
MISSOURI,4988871.04,216384.768,3065450.88,2011,0.83,0.036,0.51,29,MO,0.49,,
MONTANA,891391.707,28947.771,498101.301,2011,0.893,0.029,0.499,30,MT,0.501,,
NEBRASKA,1625209.362,173208.254,930533.705,2011,0.882,0.094,0.505,31,NE,0.495,,
NEVADA,1947175.23,738020.262,1350767.712,2011,0.715,0.271,0.496,32,NV,0.504,,
NEW HAMPSHIRE,1240420.554,38227.626,667006.164,2011,0.941,0.029,0.506,33,NH,0.494,,
NEW JERSEY,6104239.26,1596629.055,4525252.515,2011,0.692,0.181,0.513,34,NJ,0.487,,
NEW MEXICO,1492954.608,972398.608,1045276.448,2011,0.717,0.467,0.502,35,NM,0.498,,
NEW YORK,12710773.641,3503735.46,10024576.455,2011,0.653,0.18,0.515,36,NY,0.485,,
NORTH CAROLINA,6769137.101,830450.486,4973046.515,2011,0.701,0.086,0.515,37,NC,0.485,,
NORTH DAKOTA,614170.936,15046.504,339914.204,2011,0.898,0.022,0.497,38,ND,0.503,,
OHIO,9570764.379,369438.432,5899469.961,2011,0.829,0.032,0.511,39,OH,0.489,,
OKLAHOMA,2790549.888,348818.736,1914711.54,2011,0.736,0.092,0.505,40,OK,0.495,,
OREGON,3279464.573,464623.08,1959160.654,2011,0.847,0.12,0.506,41,OR,0.494,,
PENNSYLVANIA,10487395.178,751830.274,6524357.632,2011,0.823,0.059,0.512,42,PA,0.488,,
RHODE ISLAND,858913.734,134566.656,542471.832,2011,0.817,0.128,0.516,44,RI,0.484,,
SOUTH CAROLINA,3135084.1,243319.96,2405124.22,2011,0.67,0.052,0.514,45,SC,0.486,,
SOUTH DAKOTA,707886.438,23074.296,413689.164,2011,0.859,0.028,0.502,46,SD,0.498,,
TENNESSEE,4988211.987,294554.238,3284920.089,2011,0.779,0.046,0.513,47,TN,0.487,,
TEXAS,19153312.026,9782053.461,12940039.224,2011,0.746,0.381,0.504,48,TX,0.496,,
UTAH,2487607.026,371873.304,1400159.334,2011,0.883,0.132,0.497,49,UT,0.503,,
VERMONT,596362.312,9396.465,318226.948,2011,0.952,0.015,0.508,50,VT,0.492,,
VIRGINIA,5619043.176,647728.32,4121171.436,2011,0.694,0.08,0.509,51,VA,0.491,,
WASHINGTON,5354749.792,792284.408,3421849.038,2011,0.784,0.116,0.501,53,WA,0.499,,
WEST VIRGINIA,1742186.796,20409.004,940669.548,2011,0.939,0.011,0.507,54,WV,0.493,,
WISCONSIN,4980660.824,342706.02,2878730.568,2011,0.872,0.06,0.504,55,WI,0.496,,
WYOMING,515319.306,51702.378,278965.578,2011,0.907,0.091,0.491,56,WY,0.509,,
ALABAMA,3332017.893,183236.874,2483341.845,2012,0.691,0.038,0.515,1,AL,0.485,,
ALASKA,486413.585,43886.94,350364.071,2012,0.665,0.06,0.479,2,AK,0.521,,
ARIZONA,5163964.94,1979083.01,3289734.01,2012,0.788,0.302,0.502,4,AZ,0.498,,
ARKANSAS,2309169.573,197591.777,1501107.679,2012,0.783,0.067,0.509,5,AR,0.491,,
CALIFORNIA,23623728.03,14531826.26,19134839.29,2012,0.621,0.382,0.503,6,CA,0.497,,
COLORADO,4378319.208,1089392.22,2588603.418,2012,0.844,0.21,0.499,8,CO,0.501,,
CONNECTICUT,2804061.007,509829.274,1841848.011,2012,0.781,0.142,0.513,9,CT,0.487,,
DELAWARE,639213.124,78869.912,472302.38,2012,0.697,0.086,0.515,10,DE,0.485,,
FLORIDA,14739304.384,4481675.776,9871277.248,2012,0.763,0.232,0.511,12,FL,0.489,,
GEORGIA,5991646.78,902714.995,5069091.895,2012,0.604,0.091,0.511,13,GA,0.489,,
HAWAII,346685.937,132269.735,690587.248,2012,0.249,0.095,0.496,15,HI,0.504,,
IDAHO,1458495.392,185104.448,796268.272,2012,0.914,0.116,0.499,16,ID,0.501,,
ILLINOIS,9360310.385,2098666.565,6553504.795,2012,0.727,0.163,0.509,17,IL,0.491,,
INDIANA,5510972.562,411852.042,3320965.672,2012,0.843,0.063,0.508,18,IN,0.492,,
IOWA,2819028.562,159857.672,1549389.744,2012,0.917,0.052,0.504,19,IA,0.496,,
KANSAS,2467448.775,314563.645,1451610.215,2012,0.855,0.109,0.503,20,KS,0.497,,
KENTUCKY,3846004.37,135792.865,2225250.82,2012,0.878,0.031,0.508,21,KY,0.492,,
LOUISIANA,2889988.804,207085.185,2351567.323,2012,0.628,0.045,0.511,22,LA,0.489,,
MAINE,1264061.592,18608.688,677887.92,2012,0.951,0.014,0.51,23,ME,0.49,,
MARYLAND,3418931.103,511956.981,3036434.508,2012,0.581,0.087,0.516,24,MD,0.484,,
MASSACHUSETTS,5323561.344,671260.544,3429410.304,2012,0.801,0.101,0.516,25,MA,0.484,,
MICHIGAN,7837504.48,454634.56,5030630.24,2012,0.793,0.046,0.509,26,MI,0.491,,
MINNESOTA,4599163.845,263577.811,2711086.056,2012,0.855,0.049,0.504,27,MN,0.496,,
MISSISSIPPI,1770061.118,80593.002,1543206.742,2012,0.593,0.027,0.517,28,MS,0.483,,
MISSOURI,4980184.076,222813.556,3071213.88,2012,0.827,0.037,0.51,29,MO,0.49,,
MONTANA,896585.772,31159.371,501565.359,2012,0.892,0.031,0.499,30,MT,0.501,,
NEBRASKA,1634717.525,178130.4,933329.075,2012,0.881,0.096,0.503,31,NE,0.497,,
NEVADA,1922974.907,753188.163,1368429.776,2012,0.697,0.273,0.496,32,NV,0.504,,
NEW HAMPSHIRE,1241474.92,39621.54,672245.462,2012,0.94,0.03,0.509,33,NH,0.491,,
NEW JERSEY,6107702.51,1639949.15,4547534.67,2012,0.689,0.185,0.513,34,NJ,0.487,,
NEW MEXICO,1499501.822,980202.86,1051111.152,2012,0.719,0.47,0.504,35,NM,0.496,,
NEW YORK,12759810.172,3561787.502,10078684.415,2012,0.652,0.182,0.515,36,NY,0.485,,
NORTH CAROLINA,6816699.027,848430.351,5002813.449,2012,0.699,0.087,0.513,37,NC,0.487,,
NORTH DAKOTA,626167.06,16791.072,342118.092,2012,0.895,0.024,0.489,38,ND,0.511,,
OHIO,9547074.075,369415.2,5899098.975,2012,0.827,0.032,0.511,39,OH,0.489,,
OKLAHOMA,2803892.7,354778.26,1926484.1,2012,0.735,0.093,0.505,40,OK,0.495,,
OREGON,3322248.756,475721.066,1965273.912,2012,0.852,0.122,0.504,41,OR,0.496,,
PENNSYLVANIA,10453335.984,778575.696,6534930.432,2012,0.819,0.061,0.512,42,PA,0.488,,
RHODE ISLAND,858088.564,138638.544,543000.964,2012,0.817,0.132,0.517,44,RI,0.483,,
SOUTH CAROLINA,3164894.41,250357.319,2427993.622,2012,0.67,0.053,0.514,45,SC,0.486,,
SOUTH DAKOTA,711684.316,25000.62,415843.646,2012,0.854,0.03,0.499,46,SD,0.501,,
TENNESSEE,5035869.54,309899.664,3312052.659,2012,0.78,0.048,0.513,47,TN,0.487,,
TEXAS,19544402.25,9954615.546,13107779.109,2012,0.75,0.382,0.503,48,TX,0.497,,
UTAH,2515507.847,379753.171,1419077.639,2012,0.881,0.133,0.497,49,UT,0.503,,
VERMONT,595336.461,10016.176,316761.566,2012,0.951,0.016,0.506,50,VT,0.494,,
VIRGINIA,5664619.964,687612.828,4174792.17,2012,0.692,0.084,0.51,51,VA,0.49,,
WASHINGTON,5400360.396,806950.404,3455403.012,2012,0.783,0.117,0.501,53,WA,0.499,,
WEST VIRGINIA,1738521.981,24120.369,944405.217,2012,0.937,0.013,0.509,54,WV,0.491,,
WISCONSIN,4964787.066,355036.676,2886104.592,2012,0.867,0.062,0.504,55,WI,0.496,,
WYOMING,523958.508,54182.728,283594.704,2012,0.909,0.094,0.492,56,WY,0.508,,
ALABAMA,3330434.458,188515.158,2494200.552,2013,0.689,0.039,0.516,1,AL,0.484,,
ALASKA,488127.648,48518.712,348452.568,2013,0.664,0.066,0.474,2,AK,0.526,,
ARIZONA,5235032.96,2007867.072,3326565.248,2013,0.79,0.303,0.502,4,AZ,0.498,,
ARKANSAS,2305351.567,204196.737,1497442.738,2013,0.779,0.069,0.506,5,AR,0.494,,
CALIFORNIA,23727830.499,14719688.064,19242925.542,2013,0.619,0.384,0.502,6,CA,0.498,,
COLORADO,4414891.546,1106357.07,2623646.766,2013,0.838,0.21,0.498,8,CO,0.502,,
CONNECTICUT,2779769.84,528623.76,1844789.04,2013,0.773,0.147,0.513,9,CT,0.487,,
DELAWARE,637841.061,80540.163,477686.484,2013,0.689,0.087,0.516,10,DE,0.484,,
FLORIDA,14899279.32,4614474.96,9991511.46,2013,0.762,0.236,0.511,12,FL,0.489,,
GEORGIA,6035268.868,909287.197,5115989.504,2013,0.604,0.091,0.512,13,GA,0.488,,
HAWAII,359437.824,137597.292,693602.676,2013,0.256,0.098,0.494,15,HI,0.506,,
IDAHO,1475104.44,190232.048,801231.592,2013,0.915,0.118,0.497,16,ID,0.503,,
ILLINOIS,9365312.145,2112670.14,6557006.715,2013,0.727,0.164,0.509,17,IL,0.491,,
INDIANA,5532699.484,420537.728,3344589.118,2013,0.842,0.064,0.509,18,IN,0.491,,
IOWA,2824640.224,166882.464,1560660.08,2013,0.914,0.054,0.505,19,IA,0.495,,
KANSAS,2477227.192,321229.227,1452766.414,2013,0.856,0.111,0.502,20,KS,0.498,,
KENTUCKY,3854673.715,145044.735,2232809.86,2013,0.877,0.033,0.508,21,KY,0.492,,
LOUISIANA,2909420.63,217397.09,2368240.64,2013,0.629,0.047,0.512,22,LA,0.488,,
MAINE,1260558.598,18596.228,678762.322,2013,0.949,0.014,0.511,23,ME,0.489,,
MARYLAND,3414996.864,533593.26,3053339.21,2013,0.576,0.09,0.515,24,MD,0.485,,
MASSACHUSETTS,5327487.904,702746.52,3446804.36,2013,0.796,0.105,0.515,25,MA,0.485,,
MICHIGAN,7827437.002,465094.234,5036871.598,2013,0.791,0.047,0.509,26,MI,0.491,,
MINNESOTA,4596482.24,265598.62,2731871.52,2013,0.848,0.049,0.504,27,MN,0.496,,
MISSISSIPPI,1764812.13,80762.589,1540471.605,2013,0.59,0.027,0.515,28,MS,0.485,,
MISSOURI,5004573.588,229678.498,3082527.21,2013,0.828,0.038,0.51,29,MO,0.49,,
MONTANA,904512.015,33500.445,508597.665,2013,0.891,0.033,0.501,30,MT,0.499,,
NEBRASKA,1649899.628,183114.568,943600.58,2013,0.883,0.098,0.505,31,NE,0.495,,
NEVADA,1905662.888,767287.4,1386697.592,2013,0.683,0.275,0.497,32,NV,0.503,,
NEW HAMPSHIRE,1236110.706,42350.688,670993.713,2013,0.934,0.032,0.507,33,NH,0.493,,
NEW JERSEY,6069349.198,1681975.071,4556461.568,2013,0.682,0.189,0.512,34,NJ,0.488,,
NEW MEXICO,1570221.111,986340.751,1050984.648,2013,0.753,0.473,0.504,35,NM,0.496,,
NEW YORK,12694628.042,3615807.368,10120330.405,2013,0.646,0.184,0.515,36,NY,0.485,,
NORTH CAROLINA,6814857.52,866629.28,5052054.78,2013,0.692,0.088,0.513,37,NC,0.487,,
NORTH DAKOTA,643819.77,17361.432,354462.57,2013,0.89,0.024,0.49,38,ND,0.51,,
OHIO,9545916.6,381836.664,5912682.888,2013,0.825,0.033,0.511,39,OH,0.489,,
OKLAHOMA,2814765.208,369654.528,1944536.84,2013,0.731,0.096,0.505,40,OK,0.495,,
OREGON,3371995.77,483397.995,1984682.825,2013,0.858,0.123,0.505,41,OR,0.495,,
PENNSYLVANIA,10423421.616,804749.463,6527412.311,2013,0.816,0.063,0.511,42,PA,0.489,,
RHODE ISLAND,846466.355,143005.496,538373.632,2013,0.805,0.136,0.512,44,RI,0.488,,
SOUTH CAROLINA,3208691.808,253066.467,2454267.246,2013,0.672,0.053,0.514,45,SC,0.486,,
SOUTH DAKOTA,718990.327,27036.064,420748.746,2013,0.851,0.032,0.498,46,SD,0.502,,
TENNESSEE,5060366.862,311806.944,3319444.758,2013,0.779,0.048,0.511,47,TN,0.489,,
TEXAS,19836144.75,10156106.112,13303441.079,2013,0.75,0.384,0.503,48,TX,0.497,,
UTAH,2535362.128,388716.848,1441733.384,2013,0.874,0.134,0.497,49,UT,0.503,,
VERMONT,595298.5,9399.45,317701.41,2013,0.95,0.015,0.507,50,VT,0.493,,
VIRGINIA,5724460.665,710394.83,4196285.74,2013,0.693,0.086,0.508,51,VA,0.492,,
WASHINGTON,5437696.68,829597.314,3492674.406,2013,0.78,0.119,0.501,53,WA,0.499,,
WEST VIRGINIA,1737482.848,25960.256,938277.824,2013,0.937,0.014,0.506,54,WV,0.494,,
WISCONSIN,4973189.458,361790.919,2888584.639,2013,0.866,0.063,0.503,55,WI,0.497,,
WYOMING,528470.806,51856.562,284919.762,2013,0.907,0.089,0.489,56,WY,0.511,,
ALABAMA,161087732423.684,9406582915.2516,121344919606.746,2014,33218.23245,1939.7508,25022.78532,1,AL,-25021.78532,,
ALASKA,3560597701.24544,363658606.68208,2589032169.96048,2014,4832.96192,493.61044,3514.21164,2,AK,-3513.21164,,
ARIZONA,354799825674.865,138204274368.881,227923770516.548,2014,52707.51972,20531.0262,33859.36452,4,AZ,-33858.36452,,
ARKANSAS,68898871695.7806,6071548080.47109,44788666274.7795,2014,23226.66927,2046.79461,15098.81821,5,AR,-15097.81821,,
CALIFORNIA,9244592798375,5811747264125,7588395391500,2014,238247.35,149777.65,195564.6,6,CA,-195563.6,,
COLORADO,242103937148.029,60812837293.1067,142565944031.481,2014,45203.50904,11354.43592,26618.65402,8,CO,-26617.65402,,
CONNECTICUT,99349136197.0867,19404128163.4935,66232757464.7245,2014,27622.47936,5395.0155,18414.98624,9,CT,-18413.98624,,
DELAWARE,6057585014.41232,779082465.72644,4508173818.5294,2014,6474.44888,832.69646,4818.4121,10,DE,-4817.4121,,
FLORIDA,3007648818029.59,953741269927.804,2022248086859.37,2014,151189.0572,47942.84577,101654.74767,12,FL,-101653.74767,,
GEORGIA,610718450601.298,92780265450.2806,523036001933.999,2014,60483.08457,9188.58213,51799.36959,13,GA,-51798.36959,,
HAWAII,5118489719.11134,2035304967.04821,9975009491.96895,2014,3605.68494,1433.75661,7026.82695,15,HI,-7025.82695,,
IDAHO,24497403442.1043,3205767080.7552,13357362836.48,2014,14988.03488,1961.3568,8172.32,16,ID,-8171.32,,
ILLINOIS,1196206349593.44,277068599697.788,844478546384.276,2014,92868.9818,21510.5686,65562.1522,17,IL,-65561.1522,,
INDIANA,365990550443.52,27851837370.256,221073959126.407,2014,55479.55055,4221.9872,33512.0234,18,IN,-33511.0234,,
IOWA,88143137976.2679,5309827588.9318,48560786858.7763,2014,28368.06038,1708.9193,15628.84378,19,IA,-15627.84378,,
KANSAS,71599039352.0641,9529671904.33833,42335356601.5738,2014,24655.13829,3281.54373,14578.18542,20,KS,-14577.18542,,
KENTUCKY,170242987518.02,6427938887.98017,98756515642.6044,2014,38573.61418,1456.44081,22376.22699,21,KY,-22375.22699,,
LOUISIANA,135770377763.249,10377353714.3885,110475578084.427,2014,29199.96528,2231.84448,23759.84436,22,LA,-23758.84436,,
MAINE,16771416370.2911,265370512.18815,9075671516.83473,2014,12609.24372,199.51335,6823.35657,23,ME,-6822.35657,,
MARYLAND,205018109214.185,33217219785.5736,183944819242.692,2014,34304.57618,5558.05851,30778.49605,24,MD,-30777.49605,,
MASSACHUSETTS,360819195655.659,49140571413.3811,234327724795.29,2014,53491.08544,7285.04064,34738.8512,25,MA,-34737.8512,,
MICHIGAN,774842674403.968,47138717834.4619,499866820369.607,2014,78188.92953,4756.74096,50441.27393,26,MI,-50440.27393,,
MINNESOTA,251349421562.281,15188175947.4838,149797107874.203,2014,46058.54012,2783.15823,27449.58019,27,MN,-27448.58019,,
MISSISSIPPI,52711313262.4571,2420417445.72507,45987931468.7763,2014,17605.18452,808.40133,15359.62527,28,MS,-15358.62527,,
MISSOURI,302593328146.38,13971502393.15,187512268960.697,2014,49903.33747,2304.16382,30924.3039,29,MO,-30923.3039,,
MONTANA,9366562885.01454,356222749.54194,5217615566.82018,2014,9150.79626,348.01686,5097.42342,30,MT,-5096.42342,,
NEBRASKA,31258672749.4495,3575454074.39909,17771068765.8252,2014,16613.67149,1900.31803,9445.14506,31,NE,-9444.14506,,
NEVADA,54811285296.2468,22408143106.4068,40060601165.051,2014,19305.8732,7892.69522,14110.32203,32,NV,-14109.32203,,
NEW HAMPSHIRE,16442441763.2905,563338475.83008,8907789649.06314,2014,12392.43342,424.58016,6713.67378,33,NH,-6712.67378,,
NEW JERSEY,540861882678.331,154189576598.106,409041778332.8,2014,60511.44475,17250.67775,45763.456,34,NJ,-45762.456,,
NEW MEXICO,31795653246.115,20747642405.4677,21965533364.2792,2014,15245.53132,9948.17844,10532.1386,35,NM,-10531.1386,,
NEW YORK,2495446276707.39,725239074168.084,2008054425787.97,2014,126375.8528,36727.98222,101693.06905,36,NY,-101692.06905,,
NORTH CAROLINA,683277522430.075,88994178029.9664,507266814770.808,2014,68712.79124,8949.5676,51012.53532,37,NC,-51011.53532,,
NORTH DAKOTA,4839477610.6674,153113415.93072,2684953115.07084,2014,6544.4157,207.05496,3630.85662,38,ND,-3629.85662,,
OHIO,1103626094655.37,45704369327.9935,685565539919.902,2014,95188.07823,3942.01542,59130.2313,39,OH,-59129.2313,,
OKLAHOMA,109636347982.201,14738493967.429,75948361770.935,2014,28270.99179,3800.48998,19584.15755,40,OK,-19583.15755,,
OREGON,133353268686.844,19703497146.4013,79602128471.4611,2014,33588.22194,4962.79875,20049.70695,41,OR,-20048.70695,,
PENNSYLVANIA,1330993492038.8,106283264106.293,835549968589.47,2014,104087.88126,8311.68585,65342.63799,42,PA,-65341.63799,,
RHODE ISLAND,9051861187.22277,1558746083.9006,5733958808.63435,2014,8578.55649,1477.2422,5434.14095,44,RI,-5433.14095,,
SOUTH CAROLINA,157164897746.581,12377027608.5717,119800286098.062,2014,32522.60386,2561.21546,24790.63266,45,SC,-24789.63266,,
SOUTH DAKOTA,6179935359.50625,247488577.4125,3632258827.31875,2014,7243.45575,290.0795,4257.34325,46,SD,-4256.34325,,
TENNESSEE,332857530170.455,21018065693.753,220046279610.108,2014,50822.97152,3209.18248,33598.17576,47,TN,-33597.17576,,
TEXAS,5464615436295.51,2804975476609.13,3655188250607.23,2014,202716.32416,104053.85788,135593.49874,48,TX,-135592.49874,,
UTAH,75607668145.4029,11691907445.1654,43043540742.5719,2014,25691.53446,3972.9177,14626.22294,49,UT,-14625.22294,,
VERMONT,3709880431.5258,66738589.77348,1994306094.40752,2014,5921.0109,106.51554,3182.93496,50,VT,-3181.93496,,
VIRGINIA,477663639844.38,61007837890.1385,352181609638.527,2014,57368.13121,7327.13432,42297.54812,51,VA,-42296.54812,,
WASHINGTON,387452650160.793,60835551247.898,249326029704.5,2014,54868.0881,8615.0666,35307.65,53,WA,-35306.65,,
WEST VIRGINIA,32045891026.7434,445081819.81588,17323953909.7566,2014,17319.05136,240.54238,9362.64956,54,WV,-9361.64956,,
WISCONSIN,286080557937.648,21215707657.0214,167073697799.044,2014,49687.77732,3684.84096,29018.12256,55,WI,-29017.12256,,
WYOMING,3105236019.4219,334410032.86082,1675462511.57819,2014,5315.7923,572.46994,2868.19123,56,WY,-2867.19123,,
GUAM,,,,,,,,66,GU,,,
PUERTO RICO,,,,,,,,72,PR,,,
DISTRICT OF COLUMBIA,,,,,,,,11,DC,,,
VIRGIN ISLANDS,,,,,,,,78,VI,,,
ALABAMA,3329913,192870,2506169,2015,0.686247912608064,0.039747775664024,0.516485939690628,,AL,0.483514060309372,1303298,0.268591261094889
ALASKA,481314,51825,349737,2015,0.652630922388942,0.0702713770071241,0.474220947039856,,AK,0.525779052960144,26176,0.0354929776080749
ARIZONA,5285994,2098411,3440680,2015,0.773974343731679,0.307248982235761,0.503783781251117,,AZ,0.496216218748884,300685,0.044026246633076
ARKANSAS,2308047,207743,1514628,2015,0.775020080267343,0.0697581100103155,0.508597578010831,,AR,0.491402421989169,469555,0.157672072444769
CALIFORNIA,23824254,15184545,19704260,2015,0.612164716907029,0.390167209067156,0.50630138281612,,CA,0.49369861718388,2277229,0.0585134479391244
COLORADO,4607390,1164278,2715554,2015,0.845296033132359,0.213604573275385,0.498209837664428,,CO,0.501790162335572,224809,0.0412446430435567
CONNECTICUT,2747943,553783,1838823,2015,0.766057859197429,0.154380865774847,0.512617914863225,,CT,0.487382085136775,380571,0.106093687362738
DELAWARE,654904,85306,487726,2015,0.69577966368199,0.0906303519142589,0.518167292074811,,DE,0.481832707925189,203863,0.216587056388725
FLORIDA,15357374,4962905,10380034,2015,0.759925878722999,0.245578439591545,0.513633154901652,,FL,0.486366845098348,3280778,0.162342084300681
GEORGIA,6077438,950093,5239402,2015,0.59708892722043,0.0933436112601461,0.514754559315385,,GA,0.485245440684615,3197929,0.314186339035808
HAWAII,372252,148705,706968,2015,0.261771018218743,0.104570718932922,0.497146377207022,,HI,0.502853622792978,29644,0.0208459324975458
IDAHO,1514404,199840,828111,2015,0.91723190994386,0.121037467467849,0.501563541944897,,ID,0.498436458055103,8828,0.00534687131107974
ILLINOIS,9238679,2171988,6549560,2015,0.718465005556846,0.168909144964275,0.509340097409478,,IL,0.490659902590522,1844624,0.143451005539893
INDIANA,5559694,439094,3366591,2015,0.841304323482974,0.0664446065944336,0.509439469815941,,IN,0.490560530184059,605660,0.0916497160744275
IOWA,2826672,174318,1574610,2015,0.905705936634882,0.0558539680098431,0.504527453091357,,IA,0.495472546908644,106610,0.034159361222188
KANSAS,2465799,336321,1462417,2015,0.84764168990767,0.115613519508864,0.502719652830464,,KS,0.497280347169536,172109,0.0591640939137047
KENTUCKY,3865712,146127,2250200,2015,0.873414586974715,0.0330157687253614,0.508407637095185,,KY,0.491592362904815,355718,0.0803705216657298
LOUISIANA,2914693,228578,2384425,2015,0.624850041632473,0.0490024070515377,0.511171523216857,,LA,0.488828476783143,1502375,0.322078202163174
MAINE,1258074,20152,678298,2015,0.947158015512,0.0151717055821818,0.51066581743662,,ME,0.48933418256338,14795,0.0111386157249097
MARYLAND,3395048,572263,3094053,2015,0.567206220568762,0.0956072295299924,0.516919380335548,,MD,0.483080619664453,1770161,0.295738478692561
MASSACHUSETTS,5373238,757948,3497038,2015,0.790853353758514,0.111557633921028,0.514707189691014,,MA,0.485292810308986,499357,0.0734972391270944
MICHIGAN,7801483,485972,5045509,2015,0.785512169851833,0.0489313275703139,0.50801991398263,,MI,0.49198008601737,1378111,0.138758613190169
MINNESOTA,4614799,282040,2759564,2015,0.841804462286977,0.0514480761878077,0.503383416951962,,MN,0.496616583048038,320267,0.0584212204525621
MISSISSIPPI,1758586,85758,1543838,2015,0.588456772710861,0.028696279803284,0.516597952598503,,MS,0.483402047401497,1128475,0.3776094865903
MISSOURI,5011327,240413,3100027,2015,0.825353787024856,0.0395954564529528,0.510567166007986,,MO,0.489432833992014,709969,0.116930226828193
MONTANA,918701,37302,513923,2015,0.891531575244426,0.0361988403406196,0.498724374681579,,MT,0.501275625318421,4725,0.00458526407724593
NEBRASKA,1671988,196968,953601,2015,0.884052415378604,0.104145505920074,0.504210118348608,,NE,0.495789881651392,90535,0.047869772645678
NEVADA,1952341,813394,1443389,2015,0.680984492519722,0.283715140084948,0.503459962001284,,NV,0.496540037998716,246720,0.0860569408696872
NEW HAMPSHIRE,1245262,44355,672892,2015,0.931838216036218,0.0331911550117858,0.503529763909156,,NH,0.496470236090845,21292,0.015932951696786
NEW JERSEY,6060267,1762179,4583121,2015,0.68338992477291,0.198713253763638,0.516818601460157,,NJ,0.483181398539843,1198613,0.135162369562567
NEW MEXICO,1530670,1001264,1049966,2015,0.732626522585892,0.479236257658699,0.502546557659991,,NM,0.497453442340009,47873,0.0229135146803389
NEW YORK,12621132,3725193,10179199,2015,0.642144313212954,0.189532246439599,0.517902415640134,,NY,0.482097584359867,3081333,0.156773612942596
NORTH CAROLINA,6934715,911674,5146796,2015,0.691283863086875,0.0908798017792892,0.513055983036084,,NC,0.486944016963916,2172492,0.216563862002308
NORTH DAKOTA,667900,26059,368776,2015,0.885731487694711,0.0345579829882265,0.489050030103466,,ND,0.510949969896534,15681,0.0207952619531977
OHIO,9519055,411202,5929472,2015,0.819370163719009,0.0353949683095206,0.510390206108409,,OH,0.489609793891592,1426291,0.122770620632085
OKLAHOMA,2838386,396464,1971783,2015,0.726022765059471,0.101410410538432,0.504356823123162,,OK,0.495643176876838,286314,0.0732354521038496
OREGON,3433909,511898,2036815,2015,0.85510131002801,0.127471243530541,0.507201319191831,,OR,0.492798680808169,76980,0.0191693195265093
PENNSYLVANIA,10386678,870209,6540257,2015,0.812422320022189,0.0680657679658683,0.511564021285859,,PA,0.488435978714141,1408512,0.110170603807983
RHODE ISLAND,848845,152085,544525,2015,0.80378101726693,0.144011022048832,0.51561693645751,,RI,0.48438306354249,65504,0.0620264851121853
SOUTH CAROLINA,3292094,262555,2511050,2015,0.672963148756178,0.0536709582173773,0.513303725435605,,SC,0.486696274564396,1344114,0.27476104562241
SOUTH DAKOTA,725937,30079,426929,2015,0.850055270097472,0.035221806395406,0.499923886518312,,SD,0.500076113481688,13172,0.015424104319967
TENNESSEE,5129336,333460,3385610,2015,0.778213276246858,0.0505919282919421,0.51365842483201,,TN,0.48634157516799,1110412,0.168469634374474
TEXAS,20587917,10672216,13843701,2015,0.749467602104634,0.388503612806614,0.503956053092866,,TX,0.496043946907134,3298173,0.120064298376385
UTAH,2611340,409310,1489536,2015,0.875749328852871,0.137267823336972,0.499536694686326,,UT,0.500463305313674,34524,0.0115781054283688
VERMONT,593056,10422,317490,2015,0.948561777049852,0.0166694390418671,0.507808501381923,,VT,0.492191498618078,7996,0.0127891800593715
VIRGINIA,5718051,753353,4256667,2015,0.683829501945034,0.0900945106608523,0.509060600291229,,VA,0.490939399708771,1612831,0.192880654518736
WASHINGTON,5513655,886419,3585130,2015,0.769670435086437,0.123738336439056,0.500460867961713,,WA,0.499539132038287,262552,0.0366505543188346
WEST VIRGINIA,1722847,26663,935569,2015,0.935287858635759,0.0144746342390272,0.507895551152249,,WV,0.492104448847751,71194,0.0386493309084987
WISCONSIN,4965524,381149,2903040,2015,0.861929476786774,0.0661609042968682,0.503917763420553,,WI,0.496082236579447,362290,0.0628873065853836
WYOMING,536320,57845,291005,2015,0.915826663684037,0.098776837262834,0.49692373632416,,WY,0.503076263675841,4727,0.00807188365012389
ALABAMA,3316384,199686,2507248,2016,0.681888959139719,0.0410578746896541,0.515520738558967,,AL,0.484479261441033,1301102,0.267522424578881
ALASKA,477895,51304,351321,2016,0.644535886148335,0.0691935866727088,0.473825823784554,,AK,0.526174176215446,23753,0.0320356164087957
ARIZONA,5254944,2144775,3486843,2016,0.757079598079375,0.308997659151209,0.502349348919014,,AZ,0.497650651080986,299674,0.0431740226869855
ARKANSAS,2290066,214544,1519466,2016,0.76592936662477,0.0717558140390472,0.508196545858448,,AR,0.491803454141552,464516,0.15536078246962
CALIFORNIA,23420234,15280776,19758786,2016,0.597956546048564,0.390142986526172,0.504473842177355,,CA,0.495526157822645,2265280,0.0578362711761501
COLORADO,4654921,1181218,2749844,2016,0.840357523584118,0.213246461818146,0.496432075664151,,CO,0.503567924335849,234142,0.042269888422818
CONNECTICUT,2741892,562347,1831299,2016,0.766289534146363,0.15716177758227,0.511801798755275,,CT,0.488198201244725,378932,0.105901919460413
DELAWARE,659091,87152,491833,2016,0.694568884027227,0.0918432619786052,0.518307635725208,,DE,0.481692364274792,209911,0.221210195580032
FLORIDA,15574165,5126578,10541579,2016,0.755533139799753,0.248700304174788,0.511392570986447,,FL,0.488607429013553,3310428,0.160595323147085
GEORGIA,6054861,962334,5292221,2016,0.587742734585595,0.0934133445416327,0.513713600125802,,GA,0.486286399874198,3254495,0.315912419954008
HAWAII,357994,148150,710500,2016,0.250773523195889,0.103778547856866,0.497702721919024,,HI,0.502297278080976,25898,0.0181414568504699
IDAHO,1510119,207248,841937,2016,0.897608744754455,0.123187389293739,0.50044401383754,,ID,0.49955598616246,11437,0.00679810744302714
ILLINOIS,9123763,2178790,6511815,2016,0.711652726912084,0.169945432040352,0.507921008239365,,IL,0.492078991760635,1813477,0.141451049555139
INDIANA,5536418,448079,3365716,2016,0.834513763614088,0.0675397147914838,0.507320134862677,,IN,0.492679865137323,617745,0.0931137614435516
IOWA,2834162,179062,1578025,2016,0.905086621802399,0.0571832593455071,0.503940606207313,,IA,0.496059393792687,111867,0.0357246075281402
KANSAS,2458966,336909,1458436,2016,0.844760488710491,0.115742719293786,0.501035438518863,,KS,0.498964561481138,166551,0.0572174255988985
KENTUCKY,3866333,151920,2257160,2016,0.871152422320671,0.0342302321085526,0.508577611283179,,KY,0.491422388716821,366157,0.082501573842623
LOUISIANA,2901495,231168,2389786,2016,0.62022472630653,0.0494145637096835,0.510841606751408,,LA,0.489158393248592,1514755,0.323794631835122
MAINE,1257120,20714,680777,2016,0.944267969236478,0.0155590291418197,0.511356048183866,,ME,0.488643951816134,19963,0.0149949260769599
MARYLAND,3397255,586730,3098674,2016,0.565895754734503,0.0977342048728679,0.516159800164009,,MD,0.483840199835991,1793593,0.298766699709478
MASSACHUSETTS,5350175,779696,3505962,2016,0.784068340385321,0.114264477091885,0.513798858316597,,MA,0.486201141683403,506677,0.0742535327351747
MICHIGAN,7793481,491430,5045080,2016,0.783219475545675,0.0493871155735686,0.507014120094214,,MI,0.492985879905786,1363336,0.137010830835738
MINNESOTA,4596566,288460,2772006,2016,0.832297495592771,0.0522312821307669,0.501925492110444,,MN,0.498074507889556,331308,0.0599897442285936
MISSISSIPPI,1748734,86733,1547792,2016,0.585264486746378,0.0290277107490182,0.518013425981396,,MS,0.481986574018604,1134958,0.379846569774875
MISSOURI,5011507,243567,3098349,2016,0.823294866961222,0.0400134053212225,0.508999553977364,,MO,0.491000446022636,702946,0.115480599658131
MONTANA,927374,37090,516497,2016,0.890969862392505,0.0356340292008812,0.49622187058958,,MT,0.50377812941042,3949,0.00379398170165219
NEBRASKA,1674863,202449,956992,2016,0.878908972216858,0.106238087841412,0.502195615486016,,NE,0.497804384513984,89879,0.0471653260677912
NEVADA,1966690,836626,1466905,2016,0.674086557856677,0.286755076068623,0.502784344331211,,NV,0.497215655668789,260993,0.0894558232332944
NEW HAMPSHIRE,1247155,47271,670073,2016,0.929113086648583,0.0352162359281446,0.499195042564779,,NH,0.500804957435222,16671,0.0124196625660151
NEW JERSEY,6090908,1786669,4574258,2016,0.686622340848266,0.201409519089934,0.515651810141264,,NJ,0.484348189858736,1194585,0.13466444560355
NEW MEXICO,1539634,1009876,1050791,2016,0.736092903620621,0.482817706764581,0.502379005847114,,NM,0.497620994152886,41043,0.0196224953744209
NEW YORK,12530463,3747614,10163239,2016,0.638220844571819,0.19087924941075,0.517649745118377,,NY,0.482350254881623,3080534,0.156902503220528
NORTH CAROLINA,6989065,931110,5213407,2016,0.68825316688049,0.0916917221708617,0.513393977304105,,NC,0.486606022695895,2182212,0.214894885053238
NORTH DAKOTA,660919,26434,367772,2016,0.876046148503381,0.0350381875684288,0.487480680881297,,ND,0.512519319118704,19250,0.0255158171556425
OHIO,9476221,420081,5922773,2016,0.814502289337541,0.0361068970644736,0.509075523642449,,OH,0.490924476357551,1443510,0.124072897801944
OKLAHOMA,2841467,403936,1980288,2016,0.723695225899192,0.102878743539452,0.504360941550776,,OK,0.495639058449224,287373,0.0731912312028711
OREGON,3455810,522568,2067427,2016,0.84494627841337,0.127767986902613,0.505486340262143,,OR,0.494513659737857,79575,0.0194561043878986
PENNSYLVANIA,10340877,900002,6521357,2016,0.809001292805858,0.0704101578161947,0.510187505745261,,PA,0.48981249425474,1407047,0.110077979076495
RHODE ISLAND,850105,157352,545068,2016,0.80443710551965,0.148899003567474,0.515786784257691,,RI,0.484213215742309,67526,0.0638984831136387
SOUTH CAROLINA,3342552,272791,2555776,2016,0.674177808327928,0.0550207262330051,0.515488603395585,,SC,0.484511396604415,1337644,0.269796819987543
SOUTH DAKOTA,732939,32227,429786,2016,0.849295941116761,0.0373431626566056,0.498016213284882,,SD,0.501983786715118,14524,0.0168297419686766
TENNESSEE,5177478,347442,3404136,2016,0.779035541625727,0.0522782842637914,0.512207474860856,,TN,0.487792525139144,1114434,0.167684670952948
TEXAS,20702709,10883279,14031643,2016,0.741649527967813,0.389880316295419,0.502666651381849,,TX,0.497333348618151,3362283,0.120449724712075
UTAH,2633283,420440,1513072,2016,0.865679575839583,0.138217700439335,0.497415403955727,,UT,0.502584596044273,32800,0.0107828479079303
VERMONT,589379,12546,316720,2016,0.945037095711264,0.0201168270379391,0.5078432535833,,VT,0.4921567464167,7893,0.0126559952024911
VIRGINIA,5707035,760611,4276323,2016,0.678592517145444,0.0904401204931305,0.508474328385397,,VA,0.491525671614603,1601868,0.190469418578077
WASHINGTON,5516602,906451,3648274,2016,0.756240600287521,0.12426037774181,0.500121799573969,,WA,0.499878200426031,266977,0.0365984072700843
WEST VIRGINIA,1704195,26783,930189,2016,0.9307338029069,0.0146273422015999,0.508016010721875,,WV,0.491983989278125,69721,0.0380776210894129
WISCONSIN,4941688,387015,2905788,2016,0.856055162397438,0.0670431214344662,0.50337350683259,,WI,0.49662649316741,361653,0.0626496285573919
WYOMING,538819,56264,287296,2016,0.922295730167832,0.0963070102616331,0.491764162166326,,WY,0.508235837833674,5970,0.0102188406665354
ALABAMA,3312718,201970,2514851,2017,0.679603552046308,0.0414341122325513,0.515921268416814,,AL,0.484078731583186,1307467,0.268226639690831
ALASKA,474856,51712,354019,2017,0.641957550358253,0.0699094227389482,0.478598080302826,,AK,0.521401919697175,22107,0.0298864404488306
ARIZONA,5442417,2202173,3528548,2017,0.772630723871977,0.312630678443295,0.500929016548533,,AZ,0.499070983451467,307655,0.0436761287039992
ARKANSAS,2293307,223764,1524597,2017,0.764093098260946,0.07455457469901,0.507971259551968,,AR,0.492028740448033,458367,0.152720530295584
CALIFORNIA,23181769,15477306,19886602,2017,0.588990199498726,0.393239254029441,0.505268328716922,,CA,0.494731671283078,2271917,0.057723672730694
COLORADO,4720495,1206724,2786985,2017,0.841160323135631,0.215030065655301,0.496621901553578,,CO,0.503378098446422,229436,0.0408839454122813
CONNECTICUT,2723013,578833,1837537,2017,0.762044968554251,0.161988494099427,0.514241329506056,,CT,0.485758670493944,380578,0.106506120258126
DELAWARE,662084,89540,496429,2017,0.691960791076301,0.0935805263878481,0.518830546506512,,DE,0.481169453493488,210356,0.2198483941126
FLORIDA,15768315,5370860,10730133,2017,0.752175448001258,0.256199158036356,0.511845596462785,,FL,0.488154403537215,3394508,0.161923805786722
GEORGIA,6122956,1001472,5358658,2017,0.588161566444099,0.0961998322819738,0.514744297250904,,GA,0.485255702749096,3292061,0.316230225170576
HAWAII,357113,150125,711188,2017,0.250712408724278,0.105395772093797,0.499291979109698,,HI,0.500708020890302,23386,0.0164182216565232
IDAHO,1546011,213619,854223,2017,0.900039296390845,0.124362306901902,0.497301938913033,,ID,0.502698061086967,11347,0.00660586884320158
ILLINOIS,9119912,2206927,6507123,2017,0.713673585715372,0.172701831498162,0.509211251610868,,IL,0.490788748389132,1818986,0.142343726670396
INDIANA,5577897,461618,3380666,2017,0.837763841156562,0.0693320204419354,0.507754039529125,,IN,0.492245960470875,623961,0.093714882883619
IOWA,2831066,185746,1583446,2017,0.901168531457402,0.0591255908707485,0.504033359328994,,IA,0.495966640671006,107076,0.0340838121309545
KANSAS,2462215,345510,1460550,2017,0.846494916317085,0.118784289161067,0.502128429088004,,KS,0.497871570911996,167207,0.0574847750796055
KENTUCKY,3872670,155163,2259339,2017,0.869819606546596,0.0348503279676785,0.507457996688429,,KY,0.492542003311571,361637,0.0812253440269094
LOUISIANA,2890818,243620,2394638,2017,0.618944623342811,0.052160768730088,0.512708968517694,,LA,0.487291031482306,1521339,0.325729462848138
MAINE,1261611,21899,681144,2017,0.945301705664268,0.0164085142348488,0.510368556554265,,ME,0.489631443445736,16372,0.0122672357209436
MARYLAND,3322483,612709,3116355,2017,0.551553088480691,0.101713550164114,0.517334543187201,,MD,0.482665456812799,1806673,0.299919088532484
MASSACHUSETTS,5387411,811292,3526549,2017,0.785361036614975,0.118267777624064,0.514090010640269,,MA,0.485909989359731,531887,0.0775369329872974
MICHIGAN,7814775,504398,5055069,2017,0.783584244600032,0.0505757780368298,0.506869669794209,,MI,0.493130330205791,1374615,0.137832075317699
MINNESOTA,4610465,296666,2795892,2017,0.82829221932978,0.0532974742330087,0.502295449523286,,MN,0.497704550476714,361130,0.0648787419851497
MISSISSIPPI,1735887,86035,1537627,2017,0.580853669554393,0.0287885936470014,0.51451291780854,,MS,0.48548708219146,1134333,0.379564732927111
MISSOURI,5013597,255803,3110838,2017,0.821003427399876,0.0418891146893479,0.509416424991034,,MO,0.490583575008966,698380,0.114363474692426
MONTANA,930548,38933,524136,2017,0.884146237180303,0.0369916065072847,0.49799996579514,,MT,0.502000034204861,4635,0.00440387579074987
NEBRASKA,1677092,209917,960803,2017,0.875333190323114,0.109563051587544,0.501476815381636,,NE,0.498523184618364,88952,0.0464271715240557
NEVADA,1936859,864663,1491787,2017,0.652161937839763,0.291141635843571,0.502301252060251,,NV,0.497698747939749,274550,0.0924440344051409
NEW HAMPSHIRE,1249751,50393,677054,2017,0.926574025402084,0.0373617183439639,0.501972513080271,,NH,0.498027486919729,22409,0.0166141874143212
NEW JERSEY,6112238,1840433,4608796,2017,0.687887097273374,0.207127097160832,0.51868584017264,,NJ,0.48131415982736,1217572,0.13702870680123
NEW MEXICO,1582020,1018344,1053926,2017,0.756301797891178,0.486830380192219,0.503840740726576,,NM,0.496159259273424,44431,0.0212407208392454
NEW YORK,12523357,3811654,10211503,2017,0.63928691244505,0.194575665052815,0.521272389207891,,NY,0.478727610792109,3136984,0.160135402651982
NORTH CAROLINA,7066745,962466,5274881,2017,0.688214320808653,0.0937323880359941,0.513708736449592,,NC,0.486291263550408,2206579,0.214893740724427
NORTH DAKOTA,654116,26479,367093,2017,0.866445369313139,0.035074217622016,0.486253248593932,,ND,0.513746751406068,23294,0.0308553504772552
OHIO,9480074,436762,5949355,2017,0.813066773016343,0.0374592719335486,0.510251594173067,,OH,0.489748405826933,1441353,0.123618890790032
OKLAHOMA,2837492,417708,1981878,2017,0.721766451742877,0.106251443536973,0.504125844882477,,OK,0.495874155117523,286716,0.072931303410868
OREGON,3497242,540924,2088760,2017,0.844005430028055,0.13054366647561,0.504090017798425,,OR,0.495909982201575,77750,0.0187637636127787
PENNSYLVANIA,10339488,938428,6533016,2017,0.80855319601168,0.0733855446833392,0.51088515856834,,PA,0.489114841431661,1437081,0.112380461728633
RHODE ISLAND,866258,163346,546441,2017,0.820574174010323,0.154731626175909,0.517623354959348,,RI,0.482376645040652,66660,0.0631445532849661
SOUTH CAROLINA,3380219,285990,2587467,2017,0.673180360020616,0.0569557330937126,0.515301513482252,,SC,0.484698486517748,1357385,0.270327136492217
SOUTH DAKOTA,736581,31278,431237,2017,0.843862989592928,0.0358335968325108,0.494046064238808,,SD,0.505953935761192,16987,0.0194611327256813
TENNESSEE,5221591,361203,3443849,2017,0.778319785702329,0.0538401880873164,0.513333161419801,,TN,0.486666838580199,1122675,0.167343663150439
TEXAS,20929140,11158751,14241895,2017,0.739669131306844,0.39436802747936,0.503331245469871,,TX,0.49666875453013,3423231,0.120982434062396
UTAH,2657013,434290,1538400,2017,0.856812968028166,0.140046474701084,0.496091313822902,,UT,0.503908686177098,37669,0.0121472072935484
VERMONT,587265,11932,315847,2017,0.940611265584357,0.0191112591776328,0.505886178132568,,VT,0.494113821867432,8260,0.0132298860884384
VIRGINIA,5714699,790662,4306266,2017,0.675210049828755,0.0934192559254132,0.508799165176656,,VA,0.491200834823344,1627641,0.192311014230727
WASHINGTON,5582361,940792,3707128,2017,0.751999026856026,0.126733951543788,0.499386666041613,,WA,0.500613333958387,271584,0.0365850405786489
WEST VIRGINIA,1684321,22807,918691,2017,0.926977045730224,0.0125519811734041,0.505607582592003,,WV,0.494392417407997,71991,0.0396207163000192
WISCONSIN,4942176,397847,2915029,2017,0.853543564921749,0.068710573373636,0.503443067286612,,WI,0.496556932713388,370335,0.0639590852521836
WYOMING,528414,58122,283536,2017,0.912740896583531,0.100395383905854,0.489757846790032,,WY,0.510242153209968,5766,0.00995973613435798
ALABAMA,3306838,211485,2518600,2018,0.676565839710079,0.0432689858442071,0.515295494939216,,AL,0.484704505060785,1307040,0.267415160686632
ALASKA,474555,53069,354486,2018,0.645530981215797,0.0721890690059975,0.482202685478529,,AK,0.517797314521471,25197,0.0342751506857887
ARIZONA,5590505,2266342,3606517,2018,0.781012329659694,0.316615591118443,0.50384254090235,,AZ,0.49615745909765,336340,0.0469878279256957
ARKANSAS,2306096,230300,1537145,2018,0.766212816884421,0.0765184154209028,0.510724705480519,,AR,0.489275294519481,456714,0.151745686411386
CALIFORNIA,23535388,15540142,19883492,2018,0.59641259241772,0.39380427366481,0.503869535103352,,CA,0.496130464896648,2283850,0.0578752684762712
COLORADO,4790677,1235127,2830803,2018,0.841756354933427,0.217020684425157,0.497392417567415,,CO,0.502607582432585,237578,0.0417441608550052
CONNECTICUT,2688136,589810,1832132,2018,0.752658811934415,0.165142572350148,0.512983827614013,,CT,0.487016172385987,391552,0.109631753427112
DELAWARE,659781,91975,499247,2018,0.683371673542356,0.0952635945473697,0.517097730763694,,DE,0.482902269236307,217594,0.225374140711502
FLORIDA,15899574,5562452,10894649,2018,0.748415399751378,0.261832470302528,0.512826512615115,,FL,0.487173487384885,3410741,0.160548395130801
GEORGIA,6127645,1021754,5399185,2018,0.582967237303008,0.0972068562364982,0.513663562941038,,GA,0.486336437058962,3319691,0.31582624172413
HAWAII,345652,151356,709789,2018,0.2433152915719,0.106544238919944,0.499642754821402,,HI,0.500357245178598,28325,0.0199388565197773
IDAHO,1576846,222464,872050,2018,0.900778961415246,0.127083361896014,0.498161705900364,,ID,0.501838294099636,12075,0.00689788727566871
ILLINOIS,9135145,2208868,6475018,2018,0.717998429781615,0.173611229552991,0.508919426764183,,IL,0.491080573235817,1793079,0.140931305028479
INDIANA,5539927,472419,3395905,2018,0.827410870320754,0.0705577196136448,0.507192371230993,,IN,0.492807628769007,637277,0.0951799395922364
IOWA,2846099,191473,1591257,2018,0.90392006905887,0.0608117593178976,0.505382679003931,,IA,0.494617320996069,115137,0.0365674718241463
KANSAS,2446823,348443,1461765,2018,0.840440151832873,0.119683968895626,0.502090260939994,,KS,0.497909739060006,171141,0.0587838875246921
KENTUCKY,3875023,161506,2269381,2018,0.868614683244444,0.036202748482287,0.508698311848977,,KY,0.491301688151023,354761,0.0795222670013784
LOUISIANA,2877115,239954,2383448,2018,0.617447727209321,0.0514957003577491,0.511503554957519,,LA,0.488496445042481,1509407,0.323928630445373
MAINE,1261453,22411,682670,2018,0.942045782965176,0.0167364047983021,0.509813995968805,,ME,0.490186004031195,18954,0.0141547372516629
MARYLAND,3305047,628435,3112368,2018,0.54757379383883,0.104117895186091,0.515651109827658,,MD,0.484348890172342,1810885,0.30002392391268
MASSACHUSETTS,5335175,846780,3551262,2018,0.775164599023484,0.12303136807342,0.515974187211729,,MA,0.484025812788271,537523,0.0780984317779455
MICHIGAN,7825285,517381,5069099,2018,0.783776899846075,0.051820639915257,0.507718594176805,,MI,0.492281405823195,1376751,0.137894738739865
MINNESOTA,4629375,308013,2817199,2018,0.825752655652648,0.0549410131444394,0.502510502120045,,MN,0.497489497879955,367653,0.0655791421322885
MISSISSIPPI,1735455,87126,1539701,2018,0.582168184044388,0.029226908910373,0.516501398850058,,MS,0.483498601149942,1135599,0.380943100012747
MISSOURI,5035197,253474,3123287,2018,0.822526477047019,0.0414063394625902,0.510205708518803,,MO,0.489794291481197,704327,0.115055598817503
MONTANA,941438,41605,527523,2018,0.887592218089595,0.039225391617523,0.497351190055296,,MT,0.502648809944705,5056,0.00476682081524327
NEBRASKA,1666990,214483,968055,2018,0.865692708922972,0.111384213035427,0.502725364481147,,NE,0.497274635518853,91221,0.0473724225104304
NEVADA,1924976,881145,1512018,2018,0.635863617610306,0.291062354719868,0.499454141439633,,NV,0.500545858560367,280385,0.092617580906809
NEW HAMPSHIRE,1253931,52648,687016,2018,0.92645986412652,0.038898678576838,0.507597906115045,,NH,0.492402093884955,23432,0.0173126013602125
NEW JERSEY,5956539,1839359,4558134,2018,0.670326608354129,0.206994578565782,0.512955342799508,,NJ,0.487044657200492,1207995,0.135943236711578
NEW MEXICO,1599938,1029229,1055787,2018,0.764517921711287,0.491809067629487,0.50449960124067,,NM,0.495500398759331,46064,0.0220113239048693
NEW YORK,12375601,3752523,10050896,2018,0.633659937806545,0.192138021482563,0.514629562981229,,NY,0.485370437018772,3069259,0.157153294377556
NORTH CAROLINA,7098569,995529,5331376,2018,0.683763460694699,0.0958934616627567,0.513540138022841,,NC,0.486459861977159,2222533,0.214083550584374
NORTH DAKOTA,651687,27444,368855,2018,0.859654653862389,0.0362019839594766,0.486564742507387,,ND,0.513435257492613,25896,0.0341599831152385
OHIO,9470940,455918,5957347,2018,0.811122251397077,0.0390463074005804,0.510206664913264,,OH,0.489793335086737,1446306,0.123866372179435
OKLAHOMA,2845906,429079,1993003,2018,0.722268088070889,0.108896804378419,0.505808156112516,,OK,0.494191843887484,287680,0.073010873716923
OREGON,3514983,556397,2110770,2018,0.840525781907972,0.133049298809198,0.504741162241152,,OR,0.495258837758849,82046,0.0196193774770522
PENNSYLVANIA,10256084,974763,6535440,2018,0.801198851145253,0.0761478743484258,0.510544474843297,,PA,0.489455525156704,1428406,0.111586181057896
RHODE ISLAND,852805,168341,541415,2018,0.805835279087809,0.159069326184674,0.511595625761254,,RI,0.488404374238746,70749,0.0668523755843169
SOUTH CAROLINA,3407706,294502,2615420,2018,0.670259921214062,0.0579254452459759,0.514425599843907,,SC,0.485574400156093,1353599,0.266238683470767
SOUTH DAKOTA,740870,33983,436964,2018,0.84314519891931,0.038674265788701,0.497285756881204,,SD,0.502714243118796,19057,0.0216877698594967
TENNESSEE,5235588,372901,3467819,2018,0.773164987873675,0.0550681216977121,0.512109859500614,,TN,0.487890140499386,1137801,0.168024660528608
TEXAS,21099066,11368844,14451661,2018,0.736990888782593,0.397113997557553,0.504796870381596,,TX,0.495203129618404,3527027,0.123199138932984
UTAH,2708195,450220,1568648,2018,0.858776616828654,0.142766089010797,0.497422904345896,,UT,0.502577095654104,40365,0.0127998604747031
VERMONT,589337,12450,318181,2018,0.943908783102002,0.0199404828639979,0.509613074550178,,VT,0.490386925449822,7621,0.0122061381451027
VIRGINIA,5737580,812810,4326947,2018,0.674907302259917,0.095610240615361,0.508975583223526,,VA,0.491024416776474,1631512,0.191913552843652
WASHINGTON,5633263,970353,3768732,2018,0.74871891044355,0.128969948838822,0.50090345804798,,WA,0.49909654195202,291808,0.0387843010025826
WEST VIRGINIA,1679773,25569,911175,2018,0.930987850629416,0.0141712173923164,0.505004458815125,,WV,0.494995541184875,68679,0.0380642590358207
WISCONSIN,4957243,403833,2922286,2018,0.853607101001721,0.0695375870052826,0.503199879602012,,WI,0.496800120397988,370632,0.0638205766912112
WYOMING,528453,57895,285118,2018,0.914910119615444,0.10023355222723,0.493624491647348,,WY,0.506375508352652,3667,0.00634867321905606
ALABAMA,3326375,219296,2533574,2019,0.678411073618475,0.0447252143249745,0.516720050334629,,AL,0.483279949665371,1319551,0.269121193673092
ALASKA,469771,52548,351112,2019,0.642162819785523,0.0718315346287652,0.479959537690778,,AK,0.520040462309222,22551,0.0308265383537581
ARIZONA,5701810,2310592,3657782,2019,0.783353714672517,0.317444956302052,0.502531146629275,,AZ,0.497468853370725,343729,0.0472238445319416
ARKANSAS,2315020,231951,1543099,2019,0.767120727522397,0.0768608564373299,0.511331749841938,,AR,0.488668250158062,467468,0.154903366819051
CALIFORNIA,23484958,15574882,19871429,2019,0.594371974464712,0.394178834230613,0.502918527261805,,CA,0.497081472738196,2282144,0.0577579246806741
COLORADO,4822379,1256903,2853781,2019,0.837402339680097,0.218260222382134,0.495556837472668,,CO,0.504443162527332,240538,0.0417692354711173
CONNECTICUT,2660228,600954,1821510,2019,0.746146944131005,0.168556977320479,0.51090136642576,,CT,0.48909863357424,396745,0.111279961472947
DELAWARE,659719,93390,503476,2019,0.677493725379045,0.0959061949301884,0.517041090038243,,DE,0.482958909961757,219418,0.225329751356592
FLORIDA,16010079,5663629,10979732,2019,0.745426717907944,0.263697660512372,0.511214566041106,,FL,0.488785433958894,3441062,0.160215296425317
GEORGIA,6131699,1042642,5447297,2019,0.57751292380458,0.0982010418158907,0.513052649404663,,GA,0.486947350595337,3390968,0.31937768703385
HAWAII,341211,150864,708017,2019,0.240990004746192,0.10655200470099,0.500057208561226,,HI,0.499942791438774,26923,0.0190151369615332
IDAHO,1596918,229494,889021,2019,0.893598162349998,0.128419503487562,0.497475469554829,,ID,0.502524530445171,12708,0.00711110116308025
ILLINOIS,9044059,2216300,6454516,2019,0.71371423254795,0.174899882187414,0.509359783412345,,IL,0.490640216587655,1790212,0.141275038528401
INDIANA,5571899,485554,3412312,2019,0.827646723910794,0.0721239163491265,0.506862893200593,,IN,0.493137106799408,643105,0.0955264527193783
IOWA,2835536,197482,1584686,2019,0.898723641630772,0.0625919551705667,0.502266510727179,,IA,0.497733489272821,129335,0.0409927513494154
KANSAS,2436902,354804,1467027,2019,0.836470768341483,0.121787078220885,0.503559520189036,,KS,0.496440479810964,167237,0.0574043855210938
KENTUCKY,3873691,168017,2269468,2019,0.86704890890627,0.0376072734060886,0.507975404645774,,KY,0.492024595354226,363167,0.0812877307717015
LOUISIANA,2874784,250203,2380592,2019,0.618393501626443,0.0538210555253685,0.512088081338945,,LA,0.487911918661055,1504017,0.323528424791462
MAINE,1263287,23067,687882,2019,0.939797442665294,0.0171602396050623,0.511736243985324,,ME,0.488263756014676,21983,0.016353819189235
MARYLAND,3296909,643171,3117667,2019,0.545333031189213,0.106385220521099,0.51568508422543,,MD,0.48431491577457,1830059,0.302705237458814
MASSACHUSETTS,5305385,853735,3546947,2019,0.7697327081323,0.123864291390225,0.514609424181607,,MA,0.485390575818393,543629,0.0788725082890787
MICHIGAN,7812165,525973,5070952,2019,0.782244604083147,0.0526665196067191,0.507762552322518,,MI,0.492237447677483,1371069,0.137287336746686
MINNESOTA,4627588,314217,2835416,2019,0.820547865534489,0.0557158694042448,0.502766137932404,,MN,0.497233862067596,370291,0.0656587167389645
MISSISSIPPI,1726970,90143,1541192,2019,0.580270006642813,0.0302884701001193,0.517847728725948,,MS,0.482152271274052,1130608,0.379889582141217
MISSOURI,5022939,264334,3129259,2019,0.818411067307022,0.0430691814225764,0.509864881510626,,MO,0.490135118489374,703058,0.11455254546367
MONTANA,940423,40328,531608,2019,0.879904900737104,0.0377328126140321,0.497397962907171,,MT,0.502602037092829,7787,0.00728589098952261
NEBRASKA,1666763,219472,967758,2019,0.861639840199172,0.113456933594154,0.500286392529394,,NE,0.499713607470606,94659,0.0489343509745617
NEVADA,1989116,900599,1535377,2019,0.645784174567782,0.292387463492109,0.498473778600824,,NV,0.501526221399176,296184,0.09615876598458
NEW HAMPSHIRE,1258576,54182,686751,2019,0.925620223709303,0.039848173619247,0.505071298239111,,NH,0.494928701760889,22000,0.0161799088188593
NEW JERSEY,5964295,1856845,4539599,2019,0.671489238577423,0.20905260977304,0.511090057744768,,NJ,0.488909942255232,1203843,0.135534479672243
NEW MEXICO,1549953,1032950,1060121,2019,0.739189032582056,0.49262481585289,0.50558295407017,,NM,0.49441704592983,48337,0.0230524282142225
NEW YORK,12293680,3749257,10002751,2019,0.631950109288474,0.19272857036303,0.514186117390024,,NY,0.485813882609976,3084304,0.158547013577617
NORTH CAROLINA,7144510,1022995,5393757,2019,0.681202591436148,0.0975387878281677,0.514274771254693,,NC,0.485725228745308,2253481,0.214861074720607
NORTH DAKOTA,653910,30486,373723,2019,0.85807978878359,0.0400046190467442,0.490410229088972,,ND,0.509589770911028,22256,0.0292049728237335
OHIO,9452650,467589,5956893,2019,0.808672181776185,0.0400021387446424,0.509610919574647,,OH,0.490389080425354,1467331,0.125529852597719
OKLAHOMA,2865785,438106,1994494,2019,0.724237048995305,0.11071751599898,0.504045645014836,,OK,0.495954354985164,287414,0.0726348512536483
OREGON,3523853,566839,2128061,2019,0.835484289323872,0.13439410755104,0.504550425974877,,OR,0.495449574025123,77918,0.0184738877744155
PENNSYLVANIA,10193792,997830,6529462,2019,0.796266267686998,0.0779433570830283,0.510034964098157,,PA,0.489965035901843,1454753,0.113634920323709
RHODE ISLAND,833690,172643,542140,2019,0.786974411933232,0.162968997348402,0.51176133537104,,RI,0.48823866462896,78143,0.073764278654774
SOUTH CAROLINA,3434467,298478,2663713,2019,0.66705336517041,0.057971369161309,0.51735501331012,,SC,0.48264498668988,1362917,0.26471017811438
SOUTH DAKOTA,743764,33018,435201,2019,0.840735243749287,0.0373228554731258,0.491942092942026,,SD,0.508057907057974,20866,0.0235864892574427
TENNESSEE,5272910,389127,3500059,2019,0.77211533927822,0.0569800974466312,0.512515715663417,,TN,0.487484284336583,1141304,0.167121821760582
TEXAS,21273326,11524842,14610119,2019,0.73366717155447,0.397464798534661,0.503868773637194,,TX,0.496131226362807,3553922,0.122566443144114
UTAH,2799527,462054,1595287,2019,0.8732263491911,0.144123534993284,0.497600717164729,,UT,0.502399282835271,36918,0.0115154347000179
VERMONT,585117,12408,314825,2019,0.937704030038991,0.0198849659208736,0.504536137656273,,VT,0.495463862343727,9435,0.0151204588542426
VIRGINIA,5714646,828154,4333720,2019,0.669513593725232,0.0970244457308337,0.507727766759116,,VA,0.492272233240884,1659908,0.194470658433307
WASHINGTON,5651091,991723,3807321,2019,0.74211036189215,0.130234659896075,0.499983519138089,,WA,0.500016480861911,305924,0.0401744318666067
WEST VIRGINIA,1668004,26823,906286,2019,0.93072945467085,0.0149669642055032,0.505698472279339,,WV,0.494301527720661,65925,0.0367854869048131
WISCONSIN,4963354,412769,2929630,2019,0.852453458467713,0.0708928602711512,0.503162423137815,,WI,0.496837576862185,374747,0.0643626016198724
WYOMING,525860,58607,282754,2019,0.908599261523363,0.101263220096793,0.488552229857333,,WY,0.511447770142667,7116,0.0122952731620588
ALABAMA,3281881,237434,2593981,2021,0.649897244391215,0.0470180674816618,0.513675268513139,,AL,0.486324731486861,1305106,0.258444712967485
ALASKA,435004,52291,349552,2021,0.592501586800003,0.0712234840952243,0.476110828105293,,AK,0.523889171894707,22003,0.0299694081304091
ARIZONA,4241669,2351124,3646696,2021,0.583859712972429,0.323628879057416,0.50196252462361,,AZ,0.49803747537639,326638,0.0449612567425436
ARKANSAS,2115847,247641,1532210,2021,0.698732415668854,0.0817803906183437,0.505993483749994,,AR,0.494006516250006,447402,0.147749000865883
CALIFORNIA,15443776,15754608,19618902,2021,0.394547672659966,0.402488609007932,0.501211110821858,,CA,0.498788889178142,2161485,0.0552202308709623
COLORADO,4101383,1293214,2869032,2021,0.705760349195713,0.222534487567922,0.493699083010213,,CO,0.506300916989787,229367,0.0394691580898378
CONNECTICUT,2354580,637113,1837552,2021,0.649834200623455,0.175835103101959,0.507141033655273,,CT,0.492858966344728,380846,0.10510866310367
DELAWARE,609759,101213,517476,2021,0.60684191093414,0.100728796674386,0.515000393110319,,DE,0.484999606889681,208369,0.207372162017183
FLORIDA,12210739,5830915,11066608,2021,0.559405369297669,0.267129217889132,0.506989784575081,,FL,0.493010215424919,3285618,0.150522613796026
GEORGIA,5602328,1083524,5529422,2021,0.519309690398496,0.100437623962635,0.512551644049159,,GA,0.487448355950841,3323900,0.308110035670093
HAWAII,319677,160134,715949,2021,0.22090047085521,0.110654429314365,0.494728964574606,,HI,0.505271035425394,28484,0.0196827704584308
IDAHO,1548085,251916,946610,2021,0.812935786850278,0.132287007289764,0.497087140040981,,ID,0.502912859959019,14235,0.00747513277747262
ILLINOIS,7770962,2277330,6407105,2021,0.612539391378326,0.179508577209309,0.505034537190766,,IL,0.494965462809234,1722604,0.135782777698034
INDIANA,5308520,518001,3431054,2021,0.779114268488062,0.0760253272458396,0.503564671010571,,IN,0.496435328989429,601428,0.0882696375389446
IOWA,2696700,212306,1589812,2021,0.843327790788911,0.0663935736089407,0.497175303789706,,IA,0.502824696210294,115173,0.036017573941681
KANSAS,2230826,373723,1459972,2021,0.75932104392152,0.127206576621163,0.496940354440996,,KS,0.503059645559004,154732,0.0526671572628545
KENTUCKY,3756439,176747,2280066,2021,0.833543728971069,0.0392196847771119,0.505940523975006,,KY,0.494059476024994,324634,0.0720354130363341
LOUISIANA,2675200,256086,2363181,2021,0.578159356036981,0.0553448403297272,0.510726377526476,,LA,0.489273622473525,1441645,0.311565694091632
MAINE,1241485,26227,698764,2021,0.901430979975865,0.01904318643546,0.507366192335675,,ME,0.492633807664325,21069,0.0152980094943648
MARYLAND,3018844,684323,3162038,2021,0.48891249811729,0.110828538158685,0.512103274538797,,MD,0.487896725461203,1810345,0.293191796728862
MASSACHUSETTS,4832195,897350,3576471,2021,0.691331804414788,0.128381945408165,0.511678057252897,,MA,0.488321942747103,466735,0.0667747782805818
MICHIGAN,7438013,559716,5073942,2021,0.741022170451937,0.0557624684383687,0.505498378879849,,MI,0.494501621120151,1345050,0.134002437259303
MINNESOTA,4436857,332039,2846722,2021,0.776832623329437,0.0581354610747389,0.498421860147762,,MN,0.501578139852238,388575,0.0680341369149909
MISSISSIPPI,1654011,93868,1514542,2021,0.560760391458327,0.0318241271825944,0.513476128514307,,MS,0.486523871485693,1064950,0.361050669483785
MISSOURI,4775960,281445,3123006,2021,0.774083794624254,0.0456163815396325,0.506174326232697,,MO,0.493825673767303,666815,0.108076844343833
MONTANA,939189,47420,543360,2021,0.84900205834788,0.0428664279573722,0.491183093524204,,MT,0.508816906475796,5703,0.00515536142220358
NEBRASKA,1540520,233800,977673,2021,0.784556981880814,0.119069809131809,0.497909912332434,,NE,0.502090087667566,91635,0.0466679296826061
NEVADA,1560010,940759,1558784,2021,0.495807592291131,0.298995169720843,0.495417940873417,,NV,0.504582059126583,288117,0.0915703079263235
NEW HAMPSHIRE,1221431,60323,695758,2021,0.880307458351502,0.0434758793662005,0.501445400196756,,NH,0.498554599803244,20291,0.0146240914447155
NEW JERSEY,5062888,1991635,4703570,2021,0.546278518004122,0.214894624610527,0.507508609498896,,NJ,0.492491390501104,1194085,0.128840097622336
NEW MEXICO,955024,1059236,1063522,2021,0.451190238283876,0.500424013678043,0.502448885682605,,NM,0.497551114317395,42824,0.0202317122546331
NEW YORK,11022836,3864337,10139340,2021,0.555097088796511,0.194603477619429,0.510605266767827,,NY,0.489394733232173,2812364,0.141627351530596
NORTH CAROLINA,6587453,1070001,5401839,2021,0.623464385614646,0.101269415671285,0.511252867128499,,NC,0.488747132871501,2118333,0.200487985625435
NORTH DAKOTA,644265,32043,375404,2021,0.828174369548059,0.0411898695776248,0.482565359015032,,ND,0.517434640984968,22561,0.0290011749068687
OHIO,9110505,505113,5971442,2021,0.774416877714028,0.042935933008408,0.507588269705182,,OH,0.492411730294818,1406378,0.119545827552446
OKLAHOMA,2617058,467246,2001932,2021,0.655702948342927,0.117068318623981,0.501583348470708,,OK,0.498416651529292,274632,0.068808949633258
OREGON,3169447,596516,2124623,2021,0.744648228590976,0.140148922738312,0.49917122872654,,OR,0.50082877127346,80735,0.0189683483381462
PENNSYLVANIA,9704692,1082550,6564424,2021,0.745822932404472,0.0831959031234027,0.504487721735661,,PA,0.495512278264339,1351852,0.10389224334135
RHODE ISLAND,775695,187777,559021,2021,0.707115411787764,0.171175540230723,0.509597669977256,,RI,0.490402330022744,54408,0.0495977611362052
SOUTH CAROLINA,3301055,329424,2669016,2021,0.635641424875984,0.0634329148555071,0.513937857217404,,SC,0.486062142782596,1299709,0.250268135697266
SOUTH DAKOTA,722723,37785,443426,2021,0.806462879562223,0.0421630415861383,0.494804522386527,,SD,0.505195477613473,17810,0.0198735945652805
TENNESSEE,5097360,420391,3562037,2021,0.731501613509423,0.0603286200709465,0.51117359042333,,TN,0.48882640957667,1079627,0.15493292459005
TEXAS,14129750,11857387,14788930,2021,0.47802073855071,0.40114488161656,0.500321324933191,,TX,0.499678675066809,3525415,0.119267607848529
UTAH,2647741,493639,1643205,2021,0.792947408488422,0.147835368254983,0.492108233533876,,UT,0.507891766466124,35982,0.010775915639872
VERMONT,588142,13206,325277,2021,0.909068707764787,0.0204120116481084,0.502768280543826,,VT,0.497231719456174,7120,0.0110051130497147
VIRGINIA,5251112,879350,4368343,2021,0.606548528333968,0.101572476151808,0.504581128322532,,VA,0.495418871677468,1587833,0.183408346535002
WASHINGTON,5139448,1059156,3841372,2021,0.663947462421253,0.136828690261725,0.496253525984902,,WA,0.503746474015098,308785,0.0398908632179461
WEST VIRGINIA,1617386,30350,895599,2021,0.905831670891379,0.0169977922472145,0.501588327473249,,WV,0.498411672526751,50770,0.0284341981018479
WISCONSIN,4732002,441323,2940659,2021,0.804748421838333,0.0750536427860678,0.500103484617016,,WI,0.499896515382984,364138,0.0619271675775637
WYOMING,489477,61090,282796,2021,0.844678791267388,0.105421556801494,0.488014316209449,,WY,0.511985683790551,6687,0.0115395965023996
