state,state_no,state_name,state_fips,state_icpsr,year,female_pop,male_pop,black_pop,pct_hispanic,pct_white
AK,2,ALASKA,2,81,1987,,,21388,,
AK,2,ALASKA,2,81,1988,,,21822,,
AK,2,ALASKA,2,81,1989,,,22443,,
AK,2,ALASKA,2,81,1990,,,22665,,
AK,2,ALASKA,2,81,1991,,,23030,,
AK,2,ALASKA,2,81,1992,,,24744,,
AK,2,ALASKA,2,81,1993,,,26577,,
AK,2,ALASKA,2,81,1994,286678,319598,26129,,
AK,2,ALASKA,2,81,1995,286477,317140,24854,,
AK,2,ALASKA,2,81,1996,287709,319298,24463,,
AK,2,ALASKA,2,81,1997,289073,320238,25352,,
AK,2,ALASKA,2,81,1998,291786,322224,26194,,
AK,2,ALASKA,2,81,1999,294423,325077,26610,,
AK,2,ALASKA,2,81,2000,302820,324112,26849,,
AK,2,ALASKA,2,81,2001,,,27839,,
AK,2,ALASKA,2,81,2002,310665,333121,29080,,
AK,2,ALASKA,2,81,2003,313539,335279,29650,,
AK,2,ALASKA,2,81,2004,316525,338910,30696,,
AK,2,ALASKA,2,81,2005,320479,343182,31363,,
AK,2,ALASKA,2,81,2006,323642,346411,31886,,
AK,2,ALASKA,2,81,2007,328638,354840,32787,,
AK,2,ALASKA,2,81,2008,328686,357607,33941,,
AK,2,ALASKA,2,81,2009,336248,362225,34302,,
AK,2,ALASKA,2,81,2010,340603,369628,,,
AK,2,ALASKA,2,81,2011,,,,,
AK,2,ALASKA,2,81,2012,,,,,
AK,2,ALASKA,2,81,2013,,,,6.6,62.5
AK,2,ALASKA,2,81,2014,,,,6.7,61.8
AK,2,ALASKA,2,81,2015,,,,7,61.3
AK,2,ALASKA,2,81,2016,,,,6.9,61
AK,2,ALASKA,2,81,2017,,,,7,60.6
AK,2,ALASKA,2,81,2018,,,,,
AK,2,ALASKA,2,81,2019,,,,,
AK,2,ALASKA,2,81,2020,,,,,
AL,1,ALABAMA,1,41,1987,,,1013455,,
AL,1,ALABAMA,1,41,1988,,,1015878,,
AL,1,ALABAMA,1,41,1989,,,1018269,,
AL,1,ALABAMA,1,41,1990,,,1024198,,
AL,1,ALABAMA,1,41,1991,,,1040280,,
AL,1,ALABAMA,1,41,1992,,,1060627,,
AL,1,ALABAMA,1,41,1993,,,1081479,,
AL,1,ALABAMA,1,41,1994,2200000,2e+06,1099593,,
AL,1,ALABAMA,1,41,1995,2200000,2e+06,1114033,,
AL,1,ALABAMA,1,41,1996,2200000,2100000,1125093,,
AL,1,ALABAMA,1,41,1997,2200000,2100000,1140120,,
AL,1,ALABAMA,1,41,1998,2300000,2100000,1152248,,
AL,1,ALABAMA,1,41,1999,2300000,2100000,1162673,,
AL,1,ALABAMA,1,41,2000,2300000,2100000,1170722,,
AL,1,ALABAMA,1,41,2001,,,1176901,,
AL,1,ALABAMA,1,41,2002,2300000,2200000,1180598,,
AL,1,ALABAMA,1,41,2003,2300000,2200000,1186654,,
AL,1,ALABAMA,1,41,2004,2300000,2200000,1193528,,
AL,1,ALABAMA,1,41,2005,2300000,2200000,1203260,,
AL,1,ALABAMA,1,41,2006,2400000,2200000,1220450,,
AL,1,ALABAMA,1,41,2007,2400000,2200000,1232091,,
AL,1,ALABAMA,1,41,2008,2400000,2300000,1246105,,
AL,1,ALABAMA,1,41,2009,2400000,2300000,1255769,,
AL,1,ALABAMA,1,41,2010,2500000,2300000,,,
AL,1,ALABAMA,1,41,2011,,,,,
AL,1,ALABAMA,1,41,2012,,,,,
AL,1,ALABAMA,1,41,2013,,,,3.9,66.3
AL,1,ALABAMA,1,41,2014,,,,4,66.1
AL,1,ALABAMA,1,41,2015,,,,4,65.9
AL,1,ALABAMA,1,41,2016,,,,4.1,65.7
AL,1,ALABAMA,1,41,2017,,,,4.1,65.5
AL,1,ALABAMA,1,41,2018,,,,,
AL,1,ALABAMA,1,41,2019,,,,,
AL,1,ALABAMA,1,41,2020,,,,,
AR,4,ARKANSAS,5,42,1987,,,375062,,
AR,4,ARKANSAS,5,42,1988,,,374526,,
AR,4,ARKANSAS,5,42,1989,,,374693,,
AR,4,ARKANSAS,5,42,1990,,,375370,,
AR,4,ARKANSAS,5,42,1991,,,380194,,
AR,4,ARKANSAS,5,42,1992,,,386732,,
AR,4,ARKANSAS,5,42,1993,,,393794,,
AR,4,ARKANSAS,5,42,1994,1300000,1200000,398538,,
AR,4,ARKANSAS,5,42,1995,1300000,1200000,404627,,
AR,4,ARKANSAS,5,42,1996,1300000,1200000,411450,,
AR,4,ARKANSAS,5,42,1997,1300000,1200000,416291,,
AR,4,ARKANSAS,5,42,1998,1300000,1200000,420780,,
AR,4,ARKANSAS,5,42,1999,1300000,1200000,424438,,
AR,4,ARKANSAS,5,42,2000,1400000,1300000,427263,,
AR,4,ARKANSAS,5,42,2001,,,430202,,
AR,4,ARKANSAS,5,42,2002,1400000,1300000,432785,,
AR,4,ARKANSAS,5,42,2003,1400000,1300000,435551,,
AR,4,ARKANSAS,5,42,2004,1400000,1300000,439602,,
AR,4,ARKANSAS,5,42,2005,1400000,1400000,443516,,
AR,4,ARKANSAS,5,42,2006,1400000,1400000,451459,,
AR,4,ARKANSAS,5,42,2007,1400000,1400000,454984,,
AR,4,ARKANSAS,5,42,2008,1500000,1400000,460994,,
AR,4,ARKANSAS,5,42,2009,1500000,1400000,465473,,
AR,4,ARKANSAS,5,42,2010,1500000,1400000,,,
AR,4,ARKANSAS,5,42,2011,,,,,
AR,4,ARKANSAS,5,42,2012,,,,,
AR,4,ARKANSAS,5,42,2013,,,,6.9,73.6
AR,4,ARKANSAS,5,42,2014,,,,6.9,73.4
AR,4,ARKANSAS,5,42,2015,,,,7,73
AR,4,ARKANSAS,5,42,2016,,,,7.2,72.8
AR,4,ARKANSAS,5,42,2017,,,,7.4,72.3
AR,4,ARKANSAS,5,42,2018,,,,,
AR,4,ARKANSAS,5,42,2019,,,,,
AR,4,ARKANSAS,5,42,2020,,,,,
AZ,3,ARIZONA,4,61,1987,,,105045,,
AZ,3,ARIZONA,4,61,1988,,,109100,,
AZ,3,ARIZONA,4,61,1989,,,112936,,
AZ,3,ARIZONA,4,61,1990,,,115796,,
AZ,3,ARIZONA,4,61,1991,,,121994,,
AZ,3,ARIZONA,4,61,1992,,,127617,,
AZ,3,ARIZONA,4,61,1993,,,133252,,
AZ,3,ARIZONA,4,61,1994,2100000,2e+06,141948,,
AZ,3,ARIZONA,4,61,1995,2100000,2100000,150424,,
AZ,3,ARIZONA,4,61,1996,2200000,2200000,157868,,
AZ,3,ARIZONA,4,61,1997,2300000,2300000,164445,,
AZ,3,ARIZONA,4,61,1998,2400000,2300000,171440,,
AZ,3,ARIZONA,4,61,1999,2400000,2400000,177619,,
AZ,3,ARIZONA,4,61,2000,2600000,2600000,184811,,
AZ,3,ARIZONA,4,61,2001,,,195273,,
AZ,3,ARIZONA,4,61,2002,2700000,2700000,206303,,
AZ,3,ARIZONA,4,61,2003,2800000,2800000,216877,,
AZ,3,ARIZONA,4,61,2004,2900000,2900000,230765,,
AZ,3,ARIZONA,4,61,2005,3e+06,3e+06,248084,,
AZ,3,ARIZONA,4,61,2006,3100000,3100000,268418,,
AZ,3,ARIZONA,4,61,2007,3200000,3200000,286026,,
AZ,3,ARIZONA,4,61,2008,3200000,3300000,302727,,
AZ,3,ARIZONA,4,61,2009,3300000,3300000,317131,,
AZ,3,ARIZONA,4,61,2010,3200000,3200000,,,
AZ,3,ARIZONA,4,61,2011,,,,,
AZ,3,ARIZONA,4,61,2012,,,,,
AZ,3,ARIZONA,4,61,2013,,,,30.3,56.6
AZ,3,ARIZONA,4,61,2014,,,,30.5,56.1
AZ,3,ARIZONA,4,61,2015,,,,30.7,55.7
AZ,3,ARIZONA,4,61,2016,,,,30.9,55.3
AZ,3,ARIZONA,4,61,2017,,,,31.4,54.7
AZ,3,ARIZONA,4,61,2018,,,,,
AZ,3,ARIZONA,4,61,2019,,,,,
AZ,3,ARIZONA,4,61,2020,,,,,
CA,5,CALIFORNIA,6,71,1987,,,2137519,,
CA,5,CALIFORNIA,6,71,1988,,,2190151,,
CA,5,CALIFORNIA,6,71,1989,,,2247210,,
CA,5,CALIFORNIA,6,71,1990,,,2322371,,
CA,5,CALIFORNIA,6,71,1991,,,2361537,,
CA,5,CALIFORNIA,6,71,1992,,,2394610,,
CA,5,CALIFORNIA,6,71,1993,,,2406609,,
CA,5,CALIFORNIA,6,71,1994,1.6e+07,1.6e+07,2411731,,
CA,5,CALIFORNIA,6,71,1995,1.6e+07,1.6e+07,2418634,,
CA,5,CALIFORNIA,6,71,1996,1.6e+07,1.6e+07,2434897,,
CA,5,CALIFORNIA,6,71,1997,1.6e+07,1.6e+07,2455408,,
CA,5,CALIFORNIA,6,71,1998,1.6e+07,1.6e+07,2477681,,
CA,5,CALIFORNIA,6,71,1999,1.7e+07,1.7e+07,2502469,,
CA,5,CALIFORNIA,6,71,2000,1.7e+07,1.7e+07,2523199,,
CA,5,CALIFORNIA,6,71,2001,,,2542678,,
CA,5,CALIFORNIA,6,71,2002,1.8e+07,1.8e+07,2556618,,
CA,5,CALIFORNIA,6,71,2003,1.8e+07,1.8e+07,2568796,,
CA,5,CALIFORNIA,6,71,2004,1.8e+07,1.8e+07,2580607,,
CA,5,CALIFORNIA,6,71,2005,1.8e+07,1.8e+07,2585704,,
CA,5,CALIFORNIA,6,71,2006,1.8e+07,1.8e+07,2589939,,
CA,5,CALIFORNIA,6,71,2007,1.8e+07,1.8e+07,2595801,,
CA,5,CALIFORNIA,6,71,2008,1.8e+07,1.8e+07,2613181,,
CA,5,CALIFORNIA,6,71,2009,1.8e+07,1.9e+07,2638462,,
CA,5,CALIFORNIA,6,71,2010,1.9e+07,1.9e+07,,,
CA,5,CALIFORNIA,6,71,2011,,,,,
CA,5,CALIFORNIA,6,71,2012,,,,,
CA,5,CALIFORNIA,6,71,2013,,,,38.4,38.8
CA,5,CALIFORNIA,6,71,2014,,,,38.6,38.3
CA,5,CALIFORNIA,6,71,2015,,,,38.8,37.8
CA,5,CALIFORNIA,6,71,2016,,,,38.9,37.5
CA,5,CALIFORNIA,6,71,2017,,,,39.1,37
CA,5,CALIFORNIA,6,71,2018,,,,,
CA,5,CALIFORNIA,6,71,2019,,,,,
CA,5,CALIFORNIA,6,71,2020,,,,,
CO,6,COLORADO,8,62,1987,,,131190,,
CO,6,COLORADO,8,62,1988,,,132337,,
CO,6,COLORADO,8,62,1989,,,134241,,
CO,6,COLORADO,8,62,1990,,,136626,,
CO,6,COLORADO,8,62,1991,,,142090,,
CO,6,COLORADO,8,62,1992,,,147912,,
CO,6,COLORADO,8,62,1993,,,153962,,
CO,6,COLORADO,8,62,1994,1800000,1800000,158896,,
CO,6,COLORADO,8,62,1995,1900000,1900000,162559,,
CO,6,COLORADO,8,62,1996,1900000,1900000,166672,,
CO,6,COLORADO,8,62,1997,2e+06,1900000,171306,,
CO,6,COLORADO,8,62,1998,2e+06,2e+06,177472,,
CO,6,COLORADO,8,62,1999,2e+06,2e+06,183070,,
CO,6,COLORADO,8,62,2000,2100000,2200000,189968,,
CO,6,COLORADO,8,62,2001,,,197565,,
CO,6,COLORADO,8,62,2002,2200000,2300000,203335,,
CO,6,COLORADO,8,62,2003,2300000,2300000,205989,,
CO,6,COLORADO,8,62,2004,2300000,2300000,211880,,
CO,6,COLORADO,8,62,2005,2300000,2400000,215348,,
CO,6,COLORADO,8,62,2006,2400000,2400000,223018,,
CO,6,COLORADO,8,62,2007,2400000,2500000,229276,,
CO,6,COLORADO,8,62,2008,2400000,2500000,236938,,
CO,6,COLORADO,8,62,2009,2500000,2500000,245475,,
CO,6,COLORADO,8,62,2010,2500000,2500000,,,
CO,6,COLORADO,8,62,2011,,,,,
CO,6,COLORADO,8,62,2012,,,,,
CO,6,COLORADO,8,62,2013,,,,21,69.1
CO,6,COLORADO,8,62,2014,,,,21.2,68.8
CO,6,COLORADO,8,62,2015,,,,21.3,68.5
CO,6,COLORADO,8,62,2016,,,,21.3,68.5
CO,6,COLORADO,8,62,2017,,,,21.5,68.2
CO,6,COLORADO,8,62,2018,,,,,
CO,6,COLORADO,8,62,2019,,,,,
CO,6,COLORADO,8,62,2020,,,,,
CT,7,CONNECTICUT,9,1,1987,,,263542,,
CT,7,CONNECTICUT,9,1,1988,,,271015,,
CT,7,CONNECTICUT,9,1,1989,,,277332,,
CT,7,CONNECTICUT,9,1,1990,,,283440,,
CT,7,CONNECTICUT,9,1,1991,,,291762,,
CT,7,CONNECTICUT,9,1,1992,,,296477,,
CT,7,CONNECTICUT,9,1,1993,,,303637,,
CT,7,CONNECTICUT,9,1,1994,1700000,1600000,308487,,
CT,7,CONNECTICUT,9,1,1995,1700000,1600000,313387,,
CT,7,CONNECTICUT,9,1,1996,1700000,1600000,319188,,
CT,7,CONNECTICUT,9,1,1997,1700000,1600000,325427,,
CT,7,CONNECTICUT,9,1,1998,1700000,1600000,333828,,
CT,7,CONNECTICUT,9,1,1999,1700000,1600000,341801,,
CT,7,CONNECTICUT,9,1,2000,1800000,1600000,348661,,
CT,7,CONNECTICUT,9,1,2001,,,352940,,
CT,7,CONNECTICUT,9,1,2002,1800000,1700000,357841,,
CT,7,CONNECTICUT,9,1,2003,1800000,1700000,362561,,
CT,7,CONNECTICUT,9,1,2004,1800000,1700000,364877,,
CT,7,CONNECTICUT,9,1,2005,1800000,1700000,367594,,
CT,7,CONNECTICUT,9,1,2006,1800000,1700000,371498,,
CT,7,CONNECTICUT,9,1,2007,1800000,1700000,374779,,
CT,7,CONNECTICUT,9,1,2008,1800000,1700000,379637,,
CT,7,CONNECTICUT,9,1,2009,1800000,1700000,384784,,
CT,7,CONNECTICUT,9,1,2010,1800000,1700000,,,
CT,7,CONNECTICUT,9,1,2011,,,,,
CT,7,CONNECTICUT,9,1,2012,,,,,
CT,7,CONNECTICUT,9,1,2013,,,,14.7,69.3
CT,7,CONNECTICUT,9,1,2014,,,,15,68.6
CT,7,CONNECTICUT,9,1,2015,,,,15.4,67.9
CT,7,CONNECTICUT,9,1,2016,,,,15.7,67.4
CT,7,CONNECTICUT,9,1,2017,,,,16.1,66.7
CT,7,CONNECTICUT,9,1,2018,,,,,
CT,7,CONNECTICUT,9,1,2019,,,,,
CT,7,CONNECTICUT,9,1,2020,,,,,
DE,8,DELAWARE,10,11,1987,,,106118,,
DE,8,DELAWARE,10,11,1988,,,108667,,
DE,8,DELAWARE,10,11,1989,,,111298,,
DE,8,DELAWARE,10,11,1990,,,114248,,
DE,8,DELAWARE,10,11,1991,,,118601,,
DE,8,DELAWARE,10,11,1992,,,122479,,
DE,8,DELAWARE,10,11,1993,,,126379,,
DE,8,DELAWARE,10,11,1994,362820,343531,130516,,
DE,8,DELAWARE,10,11,1995,368105,349092,135172,,
DE,8,DELAWARE,10,11,1996,371585,353257,139519,,
DE,8,DELAWARE,10,11,1997,375055,356526,144294,,
DE,8,DELAWARE,10,11,1998,381987,361616,149003,,
DE,8,DELAWARE,10,11,1999,387263,366275,153643,,
DE,8,DELAWARE,10,11,2000,403059,380541,157794,,
DE,8,DELAWARE,10,11,2001,,,160949,,
DE,8,DELAWARE,10,11,2002,415010,392375,164197,,
DE,8,DELAWARE,10,11,2003,419372,398119,167710,,
DE,8,DELAWARE,10,11,2004,425688,404676,171297,,
DE,8,DELAWARE,10,11,2005,432218,411306,176255,,
DE,8,DELAWARE,10,11,2006,439232,414244,181017,,
DE,8,DELAWARE,10,11,2007,445470,419294,185353,,
DE,8,DELAWARE,10,11,2008,449756,423336,189420,,
DE,8,DELAWARE,10,11,2009,455460,429662,192349,,
DE,8,DELAWARE,10,11,2010,462995,434939,,,
DE,8,DELAWARE,10,11,2011,,,,,
DE,8,DELAWARE,10,11,2012,,,,,
DE,8,DELAWARE,10,11,2013,,,,8.7,64
DE,8,DELAWARE,10,11,2014,,,,8.9,63.5
DE,8,DELAWARE,10,11,2015,,,,9,63
DE,8,DELAWARE,10,11,2016,,,,9.2,62.7
DE,8,DELAWARE,10,11,2017,,,,9.3,62.2
DE,8,DELAWARE,10,11,2018,,,,,
DE,8,DELAWARE,10,11,2019,,,,,
DE,8,DELAWARE,10,11,2020,,,,,
FL,9,FLORIDA,12,43,1987,,,1629846,,
FL,9,FLORIDA,12,43,1988,,,1677163,,
FL,9,FLORIDA,12,43,1989,,,1726067,,
FL,9,FLORIDA,12,43,1990,,,1794796,,
FL,9,FLORIDA,12,43,1991,,,1863284,,
FL,9,FLORIDA,12,43,1992,,,1933726,,
FL,9,FLORIDA,12,43,1993,,,1998531,,
FL,9,FLORIDA,12,43,1994,7200000,6800000,2070713,,
FL,9,FLORIDA,12,43,1995,7300000,6900000,2137543,,
FL,9,FLORIDA,12,43,1996,7400000,7e+06,2206135,,
FL,9,FLORIDA,12,43,1997,7500000,7100000,2282637,,
FL,9,FLORIDA,12,43,1998,7700000,7200000,2351227,,
FL,9,FLORIDA,12,43,1999,7800000,7300000,2419083,,
FL,9,FLORIDA,12,43,2000,8200000,7800000,2478722,,
FL,9,FLORIDA,12,43,2001,,,2544787,,
FL,9,FLORIDA,12,43,2002,8500000,8200000,2611419,,
FL,9,FLORIDA,12,43,2003,8700000,8300000,2674715,,
FL,9,FLORIDA,12,43,2004,8900000,8500000,2752742,,
FL,9,FLORIDA,12,43,2005,9100000,8700000,2838293,,
FL,9,FLORIDA,12,43,2006,9200000,8900000,2916378,,
FL,9,FLORIDA,12,43,2007,9300000,9e+06,2968086,,
FL,9,FLORIDA,12,43,2008,9300000,9e+06,3015531,,
FL,9,FLORIDA,12,43,2009,9400000,9100000,3052489,,
FL,9,FLORIDA,12,43,2010,9600000,9200000,,,
FL,9,FLORIDA,12,43,2011,,,,,
FL,9,FLORIDA,12,43,2012,,,,,
FL,9,FLORIDA,12,43,2013,,,,23.6,56.2
FL,9,FLORIDA,12,43,2014,,,,24.1,55.6
FL,9,FLORIDA,12,43,2015,,,,24.5,55.1
FL,9,FLORIDA,12,43,2016,,,,24.9,54.7
FL,9,FLORIDA,12,43,2017,,,,25.6,53.8
FL,9,FLORIDA,12,43,2018,,,,,
FL,9,FLORIDA,12,43,2019,,,,,
FL,9,FLORIDA,12,43,2020,,,,,
GA,10,GEORGIA,13,44,1987,,,1673702,,
GA,10,GEORGIA,13,44,1988,,,1702886,,
GA,10,GEORGIA,13,44,1989,,,1731061,,
GA,10,GEORGIA,13,44,1990,,,1763068,,
GA,10,GEORGIA,13,44,1991,,,1815668,,
GA,10,GEORGIA,13,44,1992,,,1874193,,
GA,10,GEORGIA,13,44,1993,,,1936471,,
GA,10,GEORGIA,13,44,1994,3600000,3400000,2004326,,
GA,10,GEORGIA,13,44,1995,3700000,3500000,2066958,,
GA,10,GEORGIA,13,44,1996,3800000,3600000,2132804,,
GA,10,GEORGIA,13,44,1997,3800000,3700000,2202649,,
GA,10,GEORGIA,13,44,1998,3900000,3700000,2271997,,
GA,10,GEORGIA,13,44,1999,4e+06,3800000,2343624,,
GA,10,GEORGIA,13,44,2000,4200000,4e+06,2409998,,
GA,10,GEORGIA,13,44,2001,,,2473779,,
GA,10,GEORGIA,13,44,2002,4300000,4200000,2530535,,
GA,10,GEORGIA,13,44,2003,4400000,4300000,2584305,,
GA,10,GEORGIA,13,44,2004,4500000,4400000,2649182,,
GA,10,GEORGIA,13,44,2005,4600000,4500000,2715634,,
GA,10,GEORGIA,13,44,2006,4800000,4600000,2813612,,
GA,10,GEORGIA,13,44,2007,4900000,4700000,2893976,,
GA,10,GEORGIA,13,44,2008,4900000,4800000,2960727,,
GA,10,GEORGIA,13,44,2009,5e+06,4800000,3016709,,
GA,10,GEORGIA,13,44,2010,5e+06,4700000,,,
GA,10,GEORGIA,13,44,2011,,,,,
GA,10,GEORGIA,13,44,2012,,,,,
GA,10,GEORGIA,13,44,2013,,,,9.1,54.6
GA,10,GEORGIA,13,44,2014,,,,9.1,54.2
GA,10,GEORGIA,13,44,2015,,,,9.3,53.7
GA,10,GEORGIA,13,44,2016,,,,9.3,53.2
GA,10,GEORGIA,13,44,2017,,,,9.6,52.6
GA,10,GEORGIA,13,44,2018,,,,,
GA,10,GEORGIA,13,44,2019,,,,,
GA,10,GEORGIA,13,44,2020,,,,,
HI,11,HAWAII,15,82,1987,,,25645,,
HI,11,HAWAII,15,82,1988,,,26467,,
HI,11,HAWAII,15,82,1989,,,27339,,
HI,11,HAWAII,15,82,1990,,,27844,,
HI,11,HAWAII,15,82,1991,,,29892,,
HI,11,HAWAII,15,82,1992,,,32746,,
HI,11,HAWAII,15,82,1993,,,32613,,
HI,11,HAWAII,15,82,1994,581753,596811,33375,,
HI,11,HAWAII,15,82,1995,587157,599658,33451,,
HI,11,HAWAII,15,82,1996,586381,597342,33121,,
HI,11,HAWAII,15,82,1997,589847,596755,32799,,
HI,11,HAWAII,15,82,1998,594854,598147,32631,,
HI,11,HAWAII,15,82,1999,593460,592037,31161,,
HI,11,HAWAII,15,82,2000,602866,608671,31040,,
HI,11,HAWAII,15,82,2001,,,34466,,
HI,11,HAWAII,15,82,2002,620800,624098,37466,,
HI,11,HAWAII,15,82,2003,627091,630517,38787,,
HI,11,HAWAII,15,82,2004,632815,630025,39664,,
HI,11,HAWAII,15,82,2005,639474,635720,42363,,
HI,11,HAWAII,15,82,2006,642170,643328,44289,,
HI,11,HAWAII,15,82,2007,637568,645820,44133,,
HI,11,HAWAII,15,82,2008,638679,649519,46414,,
HI,11,HAWAII,15,82,2009,640757,654421,48478,,
HI,11,HAWAII,15,82,2010,679058,681243,,,
HI,11,HAWAII,15,82,2011,,,,,
HI,11,HAWAII,15,82,2012,,,,,
HI,11,HAWAII,15,82,2013,,,,9.8,23
HI,11,HAWAII,15,82,2014,,,,10.1,22.9
HI,11,HAWAII,15,82,2015,,,,10.4,22.8
HI,11,HAWAII,15,82,2016,,,,10.4,22.1
HI,11,HAWAII,15,82,2017,,,,10.5,21.8
HI,11,HAWAII,15,82,2018,,,,,
HI,11,HAWAII,15,82,2019,,,,,
HI,11,HAWAII,15,82,2020,,,,,
IA,15,IOWA,19,31,1987,,,45156,,
IA,15,IOWA,19,31,1988,,,46056,,
IA,15,IOWA,19,31,1989,,,47359,,
IA,15,IOWA,19,31,1990,,,48262,,
IA,15,IOWA,19,31,1991,,,50139,,
IA,15,IOWA,19,31,1992,,,52209,,
IA,15,IOWA,19,31,1993,,,54181,,
IA,15,IOWA,19,31,1994,1500000,1400000,56139,,
IA,15,IOWA,19,31,1995,1500000,1400000,57654,,
IA,15,IOWA,19,31,1996,1500000,1400000,59519,,
IA,15,IOWA,19,31,1997,1500000,1400000,61087,,
IA,15,IOWA,19,31,1998,1500000,1400000,63173,,
IA,15,IOWA,19,31,1999,1500000,1400000,65291,,
IA,15,IOWA,19,31,2000,1500000,1400000,70541,,
IA,15,IOWA,19,31,2001,,,72602,,
IA,15,IOWA,19,31,2002,1500000,1400000,74582,,
IA,15,IOWA,19,31,2003,1500000,1400000,76588,,
IA,15,IOWA,19,31,2004,1500000,1500000,79014,,
IA,15,IOWA,19,31,2005,1500000,1500000,81828,,
IA,15,IOWA,19,31,2006,1500000,1500000,85188,,
IA,15,IOWA,19,31,2007,1500000,1500000,88803,,
IA,15,IOWA,19,31,2008,1500000,1500000,92620,,
IA,15,IOWA,19,31,2009,1500000,1500000,95673,,
IA,15,IOWA,19,31,2010,1500000,1500000,,,
IA,15,IOWA,19,31,2011,,,,,
IA,15,IOWA,19,31,2012,,,,,
IA,15,IOWA,19,31,2013,,,,5.4,87.5
IA,15,IOWA,19,31,2014,,,,5.5,87.1
IA,15,IOWA,19,31,2015,,,,5.6,86.8
IA,15,IOWA,19,31,2016,,,,5.7,86.4
IA,15,IOWA,19,31,2017,,,,5.9,85.9
IA,15,IOWA,19,31,2018,,,,,
IA,15,IOWA,19,31,2019,,,,,
IA,15,IOWA,19,31,2020,,,,,
ID,12,IDAHO,16,63,1987,,,3290,,
ID,12,IDAHO,16,63,1988,,,3371,,
ID,12,IDAHO,16,63,1989,,,3471,,
ID,12,IDAHO,16,63,1990,,,3330,,
ID,12,IDAHO,16,63,1991,,,3739,,
ID,12,IDAHO,16,63,1992,,,4075,,
ID,12,IDAHO,16,63,1993,,,4634,,
ID,12,IDAHO,16,63,1994,568089,564945,4826,,
ID,12,IDAHO,16,63,1995,583006,580255,5253,,
ID,12,IDAHO,16,63,1996,594647,594604,5366,,
ID,12,IDAHO,16,63,1997,604980,605252,5388,,
ID,12,IDAHO,16,63,1998,615597,613087,5907,,
ID,12,IDAHO,16,63,1999,627196,624504,6243,,
ID,12,IDAHO,16,63,2000,645293,648660,7756,,
ID,12,IDAHO,16,63,2001,,,8920,,
ID,12,IDAHO,16,63,2002,669186,671945,9949,,
ID,12,IDAHO,16,63,2003,681517,684815,11066,,
ID,12,IDAHO,16,63,2004,694638,698624,12280,,
ID,12,IDAHO,16,63,2005,712219,716877,13666,,
ID,12,IDAHO,16,63,2006,728099,738366,15215,,
ID,12,IDAHO,16,63,2007,744903,754499,16665,,
ID,12,IDAHO,16,63,2008,757236,766580,18098,,
ID,12,IDAHO,16,63,2009,769883,775918,19238,,
ID,12,IDAHO,16,63,2010,782258,785324,,,
ID,12,IDAHO,16,63,2011,,,,,
ID,12,IDAHO,16,63,2012,,,,,
ID,12,IDAHO,16,63,2013,,,,11.8,83.2
ID,12,IDAHO,16,63,2014,,,,12,82.8
ID,12,IDAHO,16,63,2015,,,,12.1,82.6
ID,12,IDAHO,16,63,2016,,,,12.3,82.3
ID,12,IDAHO,16,63,2017,,,,12.4,82
ID,12,IDAHO,16,63,2018,,,,,
ID,12,IDAHO,16,63,2019,,,,,
ID,12,IDAHO,16,63,2020,,,,,
IL,13,ILLINOIS,17,21,1987,,,1690808,,
IL,13,ILLINOIS,17,21,1988,,,1692861,,
IL,13,ILLINOIS,17,21,1989,,,1700760,,
IL,13,ILLINOIS,17,21,1990,,,1711998,,
IL,13,ILLINOIS,17,21,1991,,,1739538,,
IL,13,ILLINOIS,17,21,1992,,,1770909,,
IL,13,ILLINOIS,17,21,1993,,,1801467,,
IL,13,ILLINOIS,17,21,1994,6e+06,5700000,1826784,,
IL,13,ILLINOIS,17,21,1995,6100000,5800000,1849927,,
IL,13,ILLINOIS,17,21,1996,6100000,5800000,1868813,,
IL,13,ILLINOIS,17,21,1997,6100000,5800000,1887497,,
IL,13,ILLINOIS,17,21,1998,6200000,5900000,1903979,,
IL,13,ILLINOIS,17,21,1999,6200000,5900000,1923260,,
IL,13,ILLINOIS,17,21,2000,6300000,6100000,1937506,,
IL,13,ILLINOIS,17,21,2001,,,1944129,,
IL,13,ILLINOIS,17,21,2002,6400000,6200000,1947145,,
IL,13,ILLINOIS,17,21,2003,6400000,6200000,1947667,,
IL,13,ILLINOIS,17,21,2004,6500000,6200000,1951795,,
IL,13,ILLINOIS,17,21,2005,6500000,6300000,1953125,,
IL,13,ILLINOIS,17,21,2006,6500000,6300000,1957136,,
IL,13,ILLINOIS,17,21,2007,6500000,6300000,1961100,,
IL,13,ILLINOIS,17,21,2008,6500000,6400000,1967617,,
IL,13,ILLINOIS,17,21,2009,6600000,6400000,1976428,,
IL,13,ILLINOIS,17,21,2010,6500000,6300000,,,
IL,13,ILLINOIS,17,21,2011,,,,,
IL,13,ILLINOIS,17,21,2012,,,,,
IL,13,ILLINOIS,17,21,2013,,,,16.4,62.7
IL,13,ILLINOIS,17,21,2014,,,,16.7,62.2
IL,13,ILLINOIS,17,21,2015,,,,16.9,61.8
IL,13,ILLINOIS,17,21,2016,,,,17,61.6
IL,13,ILLINOIS,17,21,2017,,,,17.2,61.2
IL,13,ILLINOIS,17,21,2018,,,,,
IL,13,ILLINOIS,17,21,2019,,,,,
IL,13,ILLINOIS,17,21,2020,,,,,
IN,14,INDIANA,18,22,1987,,,418601,,
IN,14,INDIANA,18,22,1988,,,423180,,
IN,14,INDIANA,18,22,1989,,,429389,,
IN,14,INDIANA,18,22,1990,,,435339,,
IN,14,INDIANA,18,22,1991,,,444543,,
IN,14,INDIANA,18,22,1992,,,455577,,
IN,14,INDIANA,18,22,1993,,,466171,,
IN,14,INDIANA,18,22,1994,3e+06,2800000,476804,,
IN,14,INDIANA,18,22,1995,3e+06,2800000,486870,,
IN,14,INDIANA,18,22,1996,3e+06,2800000,495311,,
IN,14,INDIANA,18,22,1997,3e+06,2900000,506723,,
IN,14,INDIANA,18,22,1998,3e+06,2900000,516404,,
IN,14,INDIANA,18,22,1999,3100000,2900000,525171,,
IN,14,INDIANA,18,22,2000,3100000,3e+06,535333,,
IN,14,INDIANA,18,22,2001,,,544262,,
IN,14,INDIANA,18,22,2002,3100000,3e+06,551520,,
IN,14,INDIANA,18,22,2003,3100000,3e+06,559565,,
IN,14,INDIANA,18,22,2004,3200000,3100000,567996,,
IN,14,INDIANA,18,22,2005,3200000,3100000,577163,,
IN,14,INDIANA,18,22,2006,3200000,3100000,588200,,
IN,14,INDIANA,18,22,2007,3200000,3100000,597844,,
IN,14,INDIANA,18,22,2008,3200000,3100000,606919,,
IN,14,INDIANA,18,22,2009,3300000,3200000,615324,,
IN,14,INDIANA,18,22,2010,3300000,3200000,,,
IN,14,INDIANA,18,22,2011,,,,,
IN,14,INDIANA,18,22,2012,,,,,
IN,14,INDIANA,18,22,2013,,,,6.4,80.6
IN,14,INDIANA,18,22,2014,,,,6.4,80.2
IN,14,INDIANA,18,22,2015,,,,6.6,79.9
IN,14,INDIANA,18,22,2016,,,,6.8,79.5
IN,14,INDIANA,18,22,2017,,,,6.9,79.2
IN,14,INDIANA,18,22,2018,,,,,
IN,14,INDIANA,18,22,2019,,,,,
IN,14,INDIANA,18,22,2020,,,,,
KS,16,KANSAS,20,32,1987,,,139599,,
KS,16,KANSAS,20,32,1988,,,141836,,
KS,16,KANSAS,20,32,1989,,,143181,,
KS,16,KANSAS,20,32,1990,,,144681,,
KS,16,KANSAS,20,32,1991,,,146550,,
KS,16,KANSAS,20,32,1992,,,151693,,
KS,16,KANSAS,20,32,1993,,,153165,,
KS,16,KANSAS,20,32,1994,1300000,1300000,155163,,
KS,16,KANSAS,20,32,1995,1300000,1300000,156575,,
KS,16,KANSAS,20,32,1996,1300000,1300000,157016,,
KS,16,KANSAS,20,32,1997,1300000,1300000,158557,,
KS,16,KANSAS,20,32,1998,1300000,1300000,162176,,
KS,16,KANSAS,20,32,1999,1300000,1300000,164954,,
KS,16,KANSAS,20,32,2000,1400000,1300000,168066,,
KS,16,KANSAS,20,32,2001,,,169673,,
KS,16,KANSAS,20,32,2002,1400000,1300000,171719,,
KS,16,KANSAS,20,32,2003,1400000,1400000,172926,,
KS,16,KANSAS,20,32,2004,1400000,1400000,174818,,
KS,16,KANSAS,20,32,2005,1400000,1400000,176001,,
KS,16,KANSAS,20,32,2006,1400000,1400000,179390,,
KS,16,KANSAS,20,32,2007,1400000,1400000,182164,,
KS,16,KANSAS,20,32,2008,1400000,1400000,186689,,
KS,16,KANSAS,20,32,2009,1400000,1400000,189651,,
KS,16,KANSAS,20,32,2010,1400000,1400000,,,
KS,16,KANSAS,20,32,2011,,,,,
KS,16,KANSAS,20,32,2012,,,,,
KS,16,KANSAS,20,32,2013,,,,11.1,77.1
KS,16,KANSAS,20,32,2014,,,,11.3,76.7
KS,16,KANSAS,20,32,2015,,,,11.6,76.4
KS,16,KANSAS,20,32,2016,,,,11.6,76.2
KS,16,KANSAS,20,32,2017,,,,11.9,75.9
KS,16,KANSAS,20,32,2018,,,,,
KS,16,KANSAS,20,32,2019,,,,,
KS,16,KANSAS,20,32,2020,,,,,
KY,17,KENTUCKY,21,51,1987,,,261093,,
KY,17,KENTUCKY,21,51,1988,,,261557,,
KY,17,KENTUCKY,21,51,1989,,,262396,,
KY,17,KENTUCKY,21,51,1990,,,264471,,
KY,17,KENTUCKY,21,51,1991,,,267149,,
KY,17,KENTUCKY,21,51,1992,,,271847,,
KY,17,KENTUCKY,21,51,1993,,,275311,,
KY,17,KENTUCKY,21,51,1994,2e+06,1900000,279676,,
KY,17,KENTUCKY,21,51,1995,2e+06,1900000,283800,,
KY,17,KENTUCKY,21,51,1996,2e+06,1900000,287875,,
KY,17,KENTUCKY,21,51,1997,2e+06,1900000,292820,,
KY,17,KENTUCKY,21,51,1998,2e+06,1900000,298150,,
KY,17,KENTUCKY,21,51,1999,2e+06,1900000,303644,,
KY,17,KENTUCKY,21,51,2000,2100000,2e+06,309155,,
KY,17,KENTUCKY,21,51,2001,,,313663,,
KY,17,KENTUCKY,21,51,2002,2100000,2e+06,317302,,
KY,17,KENTUCKY,21,51,2003,2100000,2e+06,320144,,
KY,17,KENTUCKY,21,51,2004,2100000,2e+06,326743,,
KY,17,KENTUCKY,21,51,2005,2100000,2100000,331952,,
KY,17,KENTUCKY,21,51,2006,2100000,2100000,336449,,
KY,17,KENTUCKY,21,51,2007,2200000,2100000,342594,,
KY,17,KENTUCKY,21,51,2008,2200000,2100000,347354,,
KY,17,KENTUCKY,21,51,2009,2200000,2100000,353624,,
KY,17,KENTUCKY,21,51,2010,2200000,2100000,,,
KY,17,KENTUCKY,21,51,2011,,,,,
KY,17,KENTUCKY,21,51,2012,,,,,
KY,17,KENTUCKY,21,51,2013,,,,3.3,85.7
KY,17,KENTUCKY,21,51,2014,,,,3.3,85.4
KY,17,KENTUCKY,21,51,2015,,,,3.3,85.2
KY,17,KENTUCKY,21,51,2016,,,,3.4,84.9
KY,17,KENTUCKY,21,51,2017,,,,3.5,84.6
KY,17,KENTUCKY,21,51,2018,,,,,
KY,17,KENTUCKY,21,51,2019,,,,,
KY,17,KENTUCKY,21,51,2020,,,,,
LA,18,LOUISIANA,22,45,1987,,,1317095,,
LA,18,LOUISIANA,22,45,1988,,,1310068,,
LA,18,LOUISIANA,22,45,1989,,,1306791,,
LA,18,LOUISIANA,22,45,1990,,,1302816,,
LA,18,LOUISIANA,22,45,1991,,,1321819,,
LA,18,LOUISIANA,22,45,1992,,,1345921,,
LA,18,LOUISIANA,22,45,1993,,,1366339,,
LA,18,LOUISIANA,22,45,1994,2200000,2100000,1386633,,
LA,18,LOUISIANA,22,45,1995,2300000,2100000,1405899,,
LA,18,LOUISIANA,22,45,1996,2300000,2100000,1421523,,
LA,18,LOUISIANA,22,45,1997,2300000,2100000,1435689,,
LA,18,LOUISIANA,22,45,1998,2300000,2100000,1448356,,
LA,18,LOUISIANA,22,45,1999,2300000,2100000,1461433,,
LA,18,LOUISIANA,22,45,2000,2300000,2200000,1469861,,
LA,18,LOUISIANA,22,45,2001,,,1469504,,
LA,18,LOUISIANA,22,45,2002,2300000,2200000,1473510,,
LA,18,LOUISIANA,22,45,2003,2300000,2200000,1478425,,
LA,18,LOUISIANA,22,45,2004,2300000,2200000,1485449,,
LA,18,LOUISIANA,22,45,2005,2300000,2200000,1490641,,
LA,18,LOUISIANA,22,45,2006,2200000,2100000,1343840,,
LA,18,LOUISIANA,22,45,2007,2200000,2100000,1404343,,
LA,18,LOUISIANA,22,45,2008,2300000,2100000,1441861,,
LA,18,LOUISIANA,22,45,2009,2300000,2200000,1460134,,
LA,18,LOUISIANA,22,45,2010,2300000,2200000,,,
LA,18,LOUISIANA,22,45,2011,,,,,
LA,18,LOUISIANA,22,45,2012,,,,,
LA,18,LOUISIANA,22,45,2013,,,,4.7,59.5
LA,18,LOUISIANA,22,45,2014,,,,4.8,59.2
LA,18,LOUISIANA,22,45,2015,,,,4.9,59
LA,18,LOUISIANA,22,45,2016,,,,4.9,58.8
LA,18,LOUISIANA,22,45,2017,,,,5.2,58.5
LA,18,LOUISIANA,22,45,2018,,,,,
LA,18,LOUISIANA,22,45,2019,,,,,
LA,18,LOUISIANA,22,45,2020,,,,,
MA,21,MASSACHUSETTS,25,3,1987,,,303520,,
MA,21,MASSACHUSETTS,25,3,1988,,,313025,,
MA,21,MASSACHUSETTS,25,3,1989,,,322508,,
MA,21,MASSACHUSETTS,25,3,1990,,,328341,,
MA,21,MASSACHUSETTS,25,3,1991,,,337565,,
MA,21,MASSACHUSETTS,25,3,1992,,,347268,,
MA,21,MASSACHUSETTS,25,3,1993,,,357301,,
MA,21,MASSACHUSETTS,25,3,1994,3100000,2900000,365072,,
MA,21,MASSACHUSETTS,25,3,1995,3100000,2900000,372244,,
MA,21,MASSACHUSETTS,25,3,1996,3200000,2900000,380476,,
MA,21,MASSACHUSETTS,25,3,1997,3200000,3e+06,392930,,
MA,21,MASSACHUSETTS,25,3,1998,3200000,3e+06,405072,,
MA,21,MASSACHUSETTS,25,3,1999,3200000,3e+06,416891,,
MA,21,MASSACHUSETTS,25,3,2000,3300000,3100000,427980,,
MA,21,MASSACHUSETTS,25,3,2001,,,438051,,
MA,21,MASSACHUSETTS,25,3,2002,3300000,3100000,446864,,
MA,21,MASSACHUSETTS,25,3,2003,3300000,3100000,453831,,
MA,21,MASSACHUSETTS,25,3,2004,3300000,3100000,459251,,
MA,21,MASSACHUSETTS,25,3,2005,3300000,3100000,465340,,
MA,21,MASSACHUSETTS,25,3,2006,3300000,3100000,473058,,
MA,21,MASSACHUSETTS,25,3,2007,3300000,3100000,481366,,
MA,21,MASSACHUSETTS,25,3,2008,3300000,3200000,489824,,
MA,21,MASSACHUSETTS,25,3,2009,3400000,3200000,498658,,
MA,21,MASSACHUSETTS,25,3,2010,3400000,3200000,,,
MA,21,MASSACHUSETTS,25,3,2011,,,,,
MA,21,MASSACHUSETTS,25,3,2012,,,,,
MA,21,MASSACHUSETTS,25,3,2013,,,,10.5,74.6
MA,21,MASSACHUSETTS,25,3,2014,,,,10.8,73.8
MA,21,MASSACHUSETTS,25,3,2015,,,,11.2,73
MA,21,MASSACHUSETTS,25,3,2016,,,,11.4,72.4
MA,21,MASSACHUSETTS,25,3,2017,,,,11.8,71.5
MA,21,MASSACHUSETTS,25,3,2018,,,,,
MA,21,MASSACHUSETTS,25,3,2019,,,,,
MA,21,MASSACHUSETTS,25,3,2020,,,,,
MD,20,MARYLAND,24,52,1987,,,1110139,,
MD,20,MARYLAND,24,52,1988,,,1144618,,
MD,20,MARYLAND,24,52,1989,,,1173201,,
MD,20,MARYLAND,24,52,1990,,,1203347,,
MD,20,MARYLAND,24,52,1991,,,1238558,,
MD,20,MARYLAND,24,52,1992,,,1270383,,
MD,20,MARYLAND,24,52,1993,,,1303386,,
MD,20,MARYLAND,24,52,1994,2600000,2400000,1337756,,
MD,20,MARYLAND,24,52,1995,2600000,2400000,1371811,,
MD,20,MARYLAND,24,52,1996,2600000,2500000,1406138,,
MD,20,MARYLAND,24,52,1997,2600000,2500000,1438668,,
MD,20,MARYLAND,24,52,1998,2600000,2500000,1471996,,
MD,20,MARYLAND,24,52,1999,2700000,2500000,1503532,,
MD,20,MARYLAND,24,52,2000,2700000,2600000,1529543,,
MD,20,MARYLAND,24,52,2001,,,1557043,,
MD,20,MARYLAND,24,52,2002,2800000,2600000,1584408,,
MD,20,MARYLAND,24,52,2003,2800000,2700000,1609937,,
MD,20,MARYLAND,24,52,2004,2900000,2700000,1634383,,
MD,20,MARYLAND,24,52,2005,2900000,2700000,1657230,,
MD,20,MARYLAND,24,52,2006,2900000,2700000,1678284,,
MD,20,MARYLAND,24,52,2007,2900000,2700000,1694409,,
MD,20,MARYLAND,24,52,2008,2900000,2700000,1707596,,
MD,20,MARYLAND,24,52,2009,2900000,2800000,1726477,,
MD,20,MARYLAND,24,52,2010,3e+06,2800000,,,
MD,20,MARYLAND,24,52,2011,,,,,
MD,20,MARYLAND,24,52,2012,,,,,
MD,20,MARYLAND,24,52,2013,,,,9,53.2
MD,20,MARYLAND,24,52,2014,,,,9.3,52.4
MD,20,MARYLAND,24,52,2015,,,,9.5,51.9
MD,20,MARYLAND,24,52,2016,,,,9.8,51.4
MD,20,MARYLAND,24,52,2017,,,,10.1,50.7
MD,20,MARYLAND,24,52,2018,,,,,
MD,20,MARYLAND,24,52,2019,,,,,
MD,20,MARYLAND,24,52,2020,,,,,
ME,19,MAINE,23,2,1987,,,4621,,
ME,19,MAINE,23,2,1988,,,4847,,
ME,19,MAINE,23,2,1989,,,5064,,
ME,19,MAINE,23,2,1990,,,5111,,
ME,19,MAINE,23,2,1991,,,5246,,
ME,19,MAINE,23,2,1992,,,5284,,
ME,19,MAINE,23,2,1993,,,5313,,
ME,19,MAINE,23,2,1994,636455,603754,5188,,
ME,19,MAINE,23,2,1995,636631,604751,5562,,
ME,19,MAINE,23,2,1996,636096,607220,6001,,
ME,19,MAINE,23,2,1997,635114,606937,6641,,
ME,19,MAINE,23,2,1998,637655,606595,7432,,
ME,19,MAINE,23,2,1999,641603,611437,7545,,
ME,19,MAINE,23,2,2000,654614,620309,8862,,
ME,19,MAINE,23,2,2001,,,9857,,
ME,19,MAINE,23,2,2002,664327,630137,10920,,
ME,19,MAINE,23,2,2003,669027,636701,12329,,
ME,19,MAINE,23,2,2004,674110,643143,13390,,
ME,19,MAINE,23,2,2005,675912,645593,14468,,
ME,19,MAINE,23,2,2006,675147,646427,15541,,
ME,19,MAINE,23,2,2007,674408,642799,16422,,
ME,19,MAINE,23,2,2008,674087,642369,17337,,
ME,19,MAINE,23,2,2009,674721,643580,17951,,
ME,19,MAINE,23,2,2010,678305,650056,,,
ME,19,MAINE,23,2,2011,,,,,
ME,19,MAINE,23,2,2012,,,,,
ME,19,MAINE,23,2,2013,,,,1.4,93.9
ME,19,MAINE,23,2,2014,,,,1.5,93.7
ME,19,MAINE,23,2,2015,,,,1.5,93.6
ME,19,MAINE,23,2,2016,,,,1.6,93.4
ME,19,MAINE,23,2,2017,,,,1.6,93.4
ME,19,MAINE,23,2,2018,,,,,
ME,19,MAINE,23,2,2019,,,,,
ME,19,MAINE,23,2,2020,,,,,
MI,22,MICHIGAN,26,23,1987,,,1250671,,
MI,22,MICHIGAN,26,23,1988,,,1263765,,
MI,22,MICHIGAN,26,23,1989,,,1282140,,
MI,22,MICHIGAN,26,23,1990,,,1302647,,
MI,22,MICHIGAN,26,23,1991,,,1325382,,
MI,22,MICHIGAN,26,23,1992,,,1345171,,
MI,22,MICHIGAN,26,23,1993,,,1364873,,
MI,22,MICHIGAN,26,23,1994,4900000,4600000,1382963,,
MI,22,MICHIGAN,26,23,1995,4900000,4600000,1401822,,
MI,22,MICHIGAN,26,23,1996,4900000,4700000,1416589,,
MI,22,MICHIGAN,26,23,1997,5e+06,4800000,1428471,,
MI,22,MICHIGAN,26,23,1998,5e+06,4800000,1441513,,
MI,22,MICHIGAN,26,23,1999,5100000,4800000,1455082,,
MI,22,MICHIGAN,26,23,2000,5100000,4900000,1468345,,
MI,22,MICHIGAN,26,23,2001,,,1477112,,
MI,22,MICHIGAN,26,23,2002,5100000,4900000,1481484,,
MI,22,MICHIGAN,26,23,2003,5100000,5e+06,1483759,,
MI,22,MICHIGAN,26,23,2004,5100000,5e+06,1486222,,
MI,22,MICHIGAN,26,23,2005,5100000,5e+06,1485353,,
MI,22,MICHIGAN,26,23,2006,5100000,5e+06,1484418,,
MI,22,MICHIGAN,26,23,2007,5100000,5e+06,1478093,,
MI,22,MICHIGAN,26,23,2008,5100000,4900000,1469497,,
MI,22,MICHIGAN,26,23,2009,5100000,4900000,1463833,,
MI,22,MICHIGAN,26,23,2010,5e+06,4800000,,,
MI,22,MICHIGAN,26,23,2011,,,,,
MI,22,MICHIGAN,26,23,2012,,,,,
MI,22,MICHIGAN,26,23,2013,,,,4.7,75.9
MI,22,MICHIGAN,26,23,2014,,,,4.8,75.7
MI,22,MICHIGAN,26,23,2015,,,,4.9,75.4
MI,22,MICHIGAN,26,23,2016,,,,4.9,75.3
MI,22,MICHIGAN,26,23,2017,,,,5.1,75
MI,22,MICHIGAN,26,23,2018,,,,,
MI,22,MICHIGAN,26,23,2019,,,,,
MI,22,MICHIGAN,26,23,2020,,,,,
MN,23,MINNESOTA,27,33,1987,,,83152,,
MN,23,MINNESOTA,27,33,1988,,,87988,,
MN,23,MINNESOTA,27,33,1989,,,92624,,
MN,23,MINNESOTA,27,33,1990,,,96863,,
MN,23,MINNESOTA,27,33,1991,,,102578,,
MN,23,MINNESOTA,27,33,1992,,,111100,,
MN,23,MINNESOTA,27,33,1993,,,119757,,
MN,23,MINNESOTA,27,33,1994,2300000,2200000,129044,,
MN,23,MINNESOTA,27,33,1995,2300000,2300000,138084,,
MN,23,MINNESOTA,27,33,1996,2400000,2300000,147109,,
MN,23,MINNESOTA,27,33,1997,2400000,2300000,157212,,
MN,23,MINNESOTA,27,33,1998,2400000,2300000,169213,,
MN,23,MINNESOTA,27,33,1999,2400000,2400000,182425,,
MN,23,MINNESOTA,27,33,2000,2500000,2400000,196135,,
MN,23,MINNESOTA,27,33,2001,,,205677,,
MN,23,MINNESOTA,27,33,2002,2500000,2500000,213944,,
MN,23,MINNESOTA,27,33,2003,2600000,2500000,222178,,
MN,23,MINNESOTA,27,33,2004,2600000,2500000,230822,,
MN,23,MINNESOTA,27,33,2005,2600000,2500000,238830,,
MN,23,MINNESOTA,27,33,2006,2600000,2600000,249534,,
MN,23,MINNESOTA,27,33,2007,2600000,2600000,259776,,
MN,23,MINNESOTA,27,33,2008,2600000,2600000,267630,,
MN,23,MINNESOTA,27,33,2009,2600000,2600000,273325,,
MN,23,MINNESOTA,27,33,2010,2700000,2600000,,,
MN,23,MINNESOTA,27,33,2011,,,,,
MN,23,MINNESOTA,27,33,2012,,,,,
MN,23,MINNESOTA,27,33,2013,,,,4.9,81.9
MN,23,MINNESOTA,27,33,2014,,,,5.1,81.3
MN,23,MINNESOTA,27,33,2015,,,,5.1,80.9
MN,23,MINNESOTA,27,33,2016,,,,5.2,80.5
MN,23,MINNESOTA,27,33,2017,,,,5.3,79.9
MN,23,MINNESOTA,27,33,2018,,,,,
MN,23,MINNESOTA,27,33,2019,,,,,
MN,23,MINNESOTA,27,33,2020,,,,,
MO,25,MISSOURI,29,34,1987,,,539251,,
MO,25,MISSOURI,29,34,1988,,,543758,,
MO,25,MISSOURI,29,34,1989,,,546427,,
MO,25,MISSOURI,29,34,1990,,,551614,,
MO,25,MISSOURI,29,34,1991,,,560523,,
MO,25,MISSOURI,29,34,1992,,,570748,,
MO,25,MISSOURI,29,34,1993,,,582279,,
MO,25,MISSOURI,29,34,1994,2700000,2500000,593401,,
MO,25,MISSOURI,29,34,1995,2700000,2600000,603017,,
MO,25,MISSOURI,29,34,1996,2800000,2600000,613411,,
MO,25,MISSOURI,29,34,1997,2800000,2600000,624475,,
MO,25,MISSOURI,29,34,1998,2800000,2600000,633777,,
MO,25,MISSOURI,29,34,1999,2800000,2600000,642019,,
MO,25,MISSOURI,29,34,2000,2900000,2700000,652310,,
MO,25,MISSOURI,29,34,2001,,,659561,,
MO,25,MISSOURI,29,34,2002,2900000,2800000,666121,,
MO,25,MISSOURI,29,34,2003,2900000,2800000,671873,,
MO,25,MISSOURI,29,34,2004,2900000,2800000,678989,,
MO,25,MISSOURI,29,34,2005,3e+06,2800000,686349,,
MO,25,MISSOURI,29,34,2006,3e+06,2900000,694554,,
MO,25,MISSOURI,29,34,2007,3e+06,2900000,700420,,
MO,25,MISSOURI,29,34,2008,3e+06,2900000,707075,,
MO,25,MISSOURI,29,34,2009,3100000,2900000,713001,,
MO,25,MISSOURI,29,34,2010,3100000,2900000,,,
MO,25,MISSOURI,29,34,2011,,,,,
MO,25,MISSOURI,29,34,2012,,,,,
MO,25,MISSOURI,29,34,2013,,,,3.8,80.4
MO,25,MISSOURI,29,34,2014,,,,3.8,79.9
MO,25,MISSOURI,29,34,2015,,,,4,79.9
MO,25,MISSOURI,29,34,2016,,,,4,79.6
MO,25,MISSOURI,29,34,2017,,,,4.2,79.4
MO,25,MISSOURI,29,34,2018,,,,,
MO,25,MISSOURI,29,34,2019,,,,,
MO,25,MISSOURI,29,34,2020,,,,,
MS,24,MISSISSIPPI,28,46,1987,,,914650,,
MS,24,MISSISSIPPI,28,46,1988,,,913384,,
MS,24,MISSISSIPPI,28,46,1989,,,913668,,
MS,24,MISSISSIPPI,28,46,1990,,,918137,,
MS,24,MISSISSIPPI,28,46,1991,,,931092,,
MS,24,MISSISSIPPI,28,46,1992,,,946494,,
MS,24,MISSISSIPPI,28,46,1993,,,961894,,
MS,24,MISSISSIPPI,28,46,1994,1400000,1300000,977069,,
MS,24,MISSISSIPPI,28,46,1995,1400000,1300000,992365,,
MS,24,MISSISSIPPI,28,46,1996,1400000,1300000,1004313,,
MS,24,MISSISSIPPI,28,46,1997,1400000,1300000,1016239,,
MS,24,MISSISSIPPI,28,46,1998,1400000,1300000,1028123,,
MS,24,MISSISSIPPI,28,46,1999,1400000,1300000,1038253,,
MS,24,MISSISSIPPI,28,46,2000,1500000,1400000,1043585,,
MS,24,MISSISSIPPI,28,46,2001,,,1046894,,
MS,24,MISSISSIPPI,28,46,2002,1500000,1400000,1049559,,
MS,24,MISSISSIPPI,28,46,2003,1500000,1400000,1053792,,
MS,24,MISSISSIPPI,28,46,2004,1500000,1400000,1062278,,
MS,24,MISSISSIPPI,28,46,2005,1500000,1400000,1069185,,
MS,24,MISSISSIPPI,28,46,2006,1500000,1400000,1077969,,
MS,24,MISSISSIPPI,28,46,2007,1500000,1400000,1090252,,
MS,24,MISSISSIPPI,28,46,2008,1500000,1400000,1101721,,
MS,24,MISSISSIPPI,28,46,2009,1500000,1400000,1108109,,
MS,24,MISSISSIPPI,28,46,2010,1500000,1400000,,,
MS,24,MISSISSIPPI,28,46,2011,,,,,
MS,24,MISSISSIPPI,28,46,2012,,,,,
MS,24,MISSISSIPPI,28,46,2013,,,,2.7,57.4
MS,24,MISSISSIPPI,28,46,2014,,,,2.7,57.2
MS,24,MISSISSIPPI,28,46,2015,,,,2.9,57
MS,24,MISSISSIPPI,28,46,2016,,,,2.9,56.8
MS,24,MISSISSIPPI,28,46,2017,,,,2.9,56.6
MS,24,MISSISSIPPI,28,46,2018,,,,,
MS,24,MISSISSIPPI,28,46,2019,,,,,
MS,24,MISSISSIPPI,28,46,2020,,,,,
MT,26,MONTANA,30,64,1987,,,2282,,
MT,26,MONTANA,30,64,1988,,,2334,,
MT,26,MONTANA,30,64,1989,,,2407,,
MT,26,MONTANA,30,64,1990,,,2200,,
MT,26,MONTANA,30,64,1991,,,2269,,
MT,26,MONTANA,30,64,1992,,,2321,,
MT,26,MONTANA,30,64,1993,,,2548,,
MT,26,MONTANA,30,64,1994,430542,425505,2666,,
MT,26,MONTANA,30,64,1995,437647,432634,2769,,
MT,26,MONTANA,30,64,1996,441261,438111,2929,,
MT,26,MONTANA,30,64,1997,440780,438030,2910,,
MT,26,MONTANA,30,64,1998,442791,437662,3034,,
MT,26,MONTANA,30,64,1999,444021,438758,3110,,
MT,26,MONTANA,30,64,2000,452715,449480,4088,,
MT,26,MONTANA,30,64,2001,,,4719,,
MT,26,MONTANA,30,64,2002,456316,453137,5234,,
MT,26,MONTANA,30,64,2003,460084,457537,5804,,
MT,26,MONTANA,30,64,2004,464600,462265,6421,,
MT,26,MONTANA,30,64,2005,468762,466908,6906,,
MT,26,MONTANA,30,64,2006,471972,472660,7559,,
MT,26,MONTANA,30,64,2007,478228,479633,8155,,
MT,26,MONTANA,30,64,2008,482955,484485,8705,,
MT,26,MONTANA,30,64,2009,487008,487981,9312,,
MT,26,MONTANA,30,64,2010,492748,496667,,,
MT,26,MONTANA,30,64,2011,,,,,
MT,26,MONTANA,30,64,2012,,,,,
MT,26,MONTANA,30,64,2013,,,,3.3,87
MT,26,MONTANA,30,64,2014,,,,3.4,86.7
MT,26,MONTANA,30,64,2015,,,,3.6,86.6
MT,26,MONTANA,30,64,2016,,,,3.6,86.4
MT,26,MONTANA,30,64,2017,,,,3.7,86.3
MT,26,MONTANA,30,64,2018,,,,,
MT,26,MONTANA,30,64,2019,,,,,
MT,26,MONTANA,30,64,2020,,,,,
NC,33,NORTH CAROLINA,37,47,1987,,,1407587,,
NC,33,NORTH CAROLINA,37,47,1988,,,1424539,,
NC,33,NORTH CAROLINA,37,47,1989,,,1444442,,
NC,33,NORTH CAROLINA,37,47,1990,,,1471373,,
NC,33,NORTH CAROLINA,37,47,1991,,,1504167,,
NC,33,NORTH CAROLINA,37,47,1992,,,1536007,,
NC,33,NORTH CAROLINA,37,47,1993,,,1572592,,
NC,33,NORTH CAROLINA,37,47,1994,3600000,3400000,1605865,,
NC,33,NORTH CAROLINA,37,47,1995,3700000,3500000,1639961,,
NC,33,NORTH CAROLINA,37,47,1996,3800000,3600000,1671635,,
NC,33,NORTH CAROLINA,37,47,1997,3800000,3600000,1703828,,
NC,33,NORTH CAROLINA,37,47,1998,3900000,3700000,1733013,,
NC,33,NORTH CAROLINA,37,47,1999,3900000,3700000,1758625,,
NC,33,NORTH CAROLINA,37,47,2000,4100000,3900000,1784395,,
NC,33,NORTH CAROLINA,37,47,2001,,,1810110,,
NC,33,NORTH CAROLINA,37,47,2002,4200000,4100000,1835213,,
NC,33,NORTH CAROLINA,37,47,2003,4300000,4100000,1855865,,
NC,33,NORTH CAROLINA,37,47,2004,4300000,4200000,1880535,,
NC,33,NORTH CAROLINA,37,47,2005,4400000,4300000,1909290,,
NC,33,NORTH CAROLINA,37,47,2006,4500000,4300000,1950060,,
NC,33,NORTH CAROLINA,37,47,2007,4600000,4400000,1991859,,
NC,33,NORTH CAROLINA,37,47,2008,4700000,4500000,2034474,,
NC,33,NORTH CAROLINA,37,47,2009,4800000,4600000,2068139,,
NC,33,NORTH CAROLINA,37,47,2010,4900000,4600000,,,
NC,33,NORTH CAROLINA,37,47,2011,,,,,
NC,33,NORTH CAROLINA,37,47,2012,,,,,
NC,33,NORTH CAROLINA,37,47,2013,,,,8.8,64.2
NC,33,NORTH CAROLINA,37,47,2014,,,,9,64
NC,33,NORTH CAROLINA,37,47,2015,,,,9.1,63.6
NC,33,NORTH CAROLINA,37,47,2016,,,,9.2,63.5
NC,33,NORTH CAROLINA,37,47,2017,,,,9.4,63
NC,33,NORTH CAROLINA,37,47,2018,,,,,
NC,33,NORTH CAROLINA,37,47,2019,,,,,
NC,33,NORTH CAROLINA,37,47,2020,,,,,
ND,34,NORTH DAKOTA,38,36,1987,,,3416,,
ND,34,NORTH DAKOTA,38,36,1988,,,3525,,
ND,34,NORTH DAKOTA,38,36,1989,,,3562,,
ND,34,NORTH DAKOTA,38,36,1990,,,3366,,
ND,34,NORTH DAKOTA,38,36,1991,,,3429,,
ND,34,NORTH DAKOTA,38,36,1992,,,3476,,
ND,34,NORTH DAKOTA,38,36,1993,,,3369,,
ND,34,NORTH DAKOTA,38,36,1994,320089,317899,3352,,
ND,34,NORTH DAKOTA,38,36,1995,321708,319659,3270,,
ND,34,NORTH DAKOTA,38,36,1996,322131,321408,3514,,
ND,34,NORTH DAKOTA,38,36,1997,321205,319678,3501,,
ND,34,NORTH DAKOTA,38,36,1998,320588,317656,3720,,
ND,34,NORTH DAKOTA,38,36,1999,318499,315167,4007,,
ND,34,NORTH DAKOTA,38,36,2000,321676,320524,4960,,
ND,34,NORTH DAKOTA,38,36,2001,,,5394,,
ND,34,NORTH DAKOTA,38,36,2002,317532,316578,5808,,
ND,34,NORTH DAKOTA,38,36,2003,317092,316745,6161,,
ND,34,NORTH DAKOTA,38,36,2004,317735,316631,6838,,
ND,34,NORTH DAKOTA,38,36,2005,318905,317772,7323,,
ND,34,NORTH DAKOTA,38,36,2006,316440,319427,7780,,
ND,34,NORTH DAKOTA,38,36,2007,318655,321060,8034,,
ND,34,NORTH DAKOTA,38,36,2008,319548,321933,8590,,
ND,34,NORTH DAKOTA,38,36,2009,321844,325000,9162,,
ND,34,NORTH DAKOTA,38,36,2010,332727,339864,,,
ND,34,NORTH DAKOTA,38,36,2011,,,,,
ND,34,NORTH DAKOTA,38,36,2012,,,,,
ND,34,NORTH DAKOTA,38,36,2013,,,,2.4,87.4
ND,34,NORTH DAKOTA,38,36,2014,,,,2.8,86.8
ND,34,NORTH DAKOTA,38,36,2015,,,,3.4,85.9
ND,34,NORTH DAKOTA,38,36,2016,,,,3.5,85.1
ND,34,NORTH DAKOTA,38,36,2017,,,,3.5,84.4
ND,34,NORTH DAKOTA,38,36,2018,,,,,
ND,34,NORTH DAKOTA,38,36,2019,,,,,
ND,34,NORTH DAKOTA,38,36,2020,,,,,
NE,27,NEBRASKA,31,35,1987,,,54320,,
NE,27,NEBRASKA,31,35,1988,,,55477,,
NE,27,NEBRASKA,31,35,1989,,,56753,,
NE,27,NEBRASKA,31,35,1990,,,57861,,
NE,27,NEBRASKA,31,35,1991,,,58992,,
NE,27,NEBRASKA,31,35,1992,,,60350,,
NE,27,NEBRASKA,31,35,1993,,,61405,,
NE,27,NEBRASKA,31,35,1994,830268,792590,63236,,
NE,27,NEBRASKA,31,35,1995,837029,800083,64813,,
NE,27,NEBRASKA,31,35,1996,842885,809208,66604,,
NE,27,NEBRASKA,31,35,1997,844697,812173,68697,,
NE,27,NEBRASKA,31,35,1998,849298,813421,70394,,
NE,27,NEBRASKA,31,35,1999,851365,814663,72024,,
NE,27,NEBRASKA,31,35,2000,867912,843351,74776,,
NE,27,NEBRASKA,31,35,2001,,,76528,,
NE,27,NEBRASKA,31,35,2002,875685,853495,77885,,
NE,27,NEBRASKA,31,35,2003,880007,859284,79543,,
NE,27,NEBRASKA,31,35,2004,883586,863628,81147,,
NE,27,NEBRASKA,31,35,2005,889033,869754,82624,,
NE,27,NEBRASKA,31,35,2006,891577,876754,84696,,
NE,27,NEBRASKA,31,35,2007,895180,879391,86300,,
NE,27,NEBRASKA,31,35,2008,899152,884280,88706,,
NE,27,NEBRASKA,31,35,2009,904967,891652,90827,,
NE,27,NEBRASKA,31,35,2010,920045,906296,,,
NE,27,NEBRASKA,31,35,2011,,,,,
NE,27,NEBRASKA,31,35,2012,,,,,
NE,27,NEBRASKA,31,35,2013,,,,9.8,81
NE,27,NEBRASKA,31,35,2014,,,,10.1,80.4
NE,27,NEBRASKA,31,35,2015,,,,10.4,80.1
NE,27,NEBRASKA,31,35,2016,,,,10.6,79.7
NE,27,NEBRASKA,31,35,2017,,,,10.9,79
NE,27,NEBRASKA,31,35,2018,,,,,
NE,27,NEBRASKA,31,35,2019,,,,,
NE,27,NEBRASKA,31,35,2020,,,,,
NH,29,NEW HAMPSHIRE,33,4,1987,,,6416,,
NH,29,NEW HAMPSHIRE,33,4,1988,,,6772,,
NH,29,NEW HAMPSHIRE,33,4,1989,,,7157,,
NH,29,NEW HAMPSHIRE,33,4,1990,,,7350,,
NH,29,NEW HAMPSHIRE,33,4,1991,,,6745,,
NH,29,NEW HAMPSHIRE,33,4,1992,,,6985,,
NH,29,NEW HAMPSHIRE,33,4,1993,,,7261,,
NH,29,NEW HAMPSHIRE,33,4,1994,579233,557587,7865,,
NH,29,NEW HAMPSHIRE,33,4,1995,584232,564021,8155,,
NH,29,NEW HAMPSHIRE,33,4,1996,590066,572415,8825,,
NH,29,NEW HAMPSHIRE,33,4,1997,594868,577841,9246,,
NH,29,NEW HAMPSHIRE,33,4,1998,602079,582969,9635,,
NH,29,NEW HAMPSHIRE,33,4,1999,610193,590941,10565,,
NH,29,NEW HAMPSHIRE,33,4,2000,628099,607687,11654,,
NH,29,NEW HAMPSHIRE,33,4,2001,,,12927,,
NH,29,NEW HAMPSHIRE,33,4,2002,647435,627621,13940,,
NH,29,NEW HAMPSHIRE,33,4,2003,653211,634476,15073,,
NH,29,NEW HAMPSHIRE,33,4,2004,658560,640940,16065,,
NH,29,NEW HAMPSHIRE,33,4,2005,664229,645711,17143,,
NH,29,NEW HAMPSHIRE,33,4,2006,666327,648568,18314,,
NH,29,NEW HAMPSHIRE,33,4,2007,666529,649299,19174,,
NH,29,NEW HAMPSHIRE,33,4,2008,666722,649087,20038,,
NH,29,NEW HAMPSHIRE,33,4,2009,671627,652948,20839,,
NH,29,NEW HAMPSHIRE,33,4,2010,667076,649394,,,
NH,29,NEW HAMPSHIRE,33,4,2011,,,,,
NH,29,NEW HAMPSHIRE,33,4,2012,,,,,
NH,29,NEW HAMPSHIRE,33,4,2013,,,,3.2,91.4
NH,29,NEW HAMPSHIRE,33,4,2014,,,,3.2,91.2
NH,29,NEW HAMPSHIRE,33,4,2015,,,,3.3,90.9
NH,29,NEW HAMPSHIRE,33,4,2016,,,,3.5,90.7
NH,29,NEW HAMPSHIRE,33,4,2017,,,,3.8,90.3
NH,29,NEW HAMPSHIRE,33,4,2018,,,,,
NH,29,NEW HAMPSHIRE,33,4,2019,,,,,
NH,29,NEW HAMPSHIRE,33,4,2020,,,,,
NJ,30,NEW JERSEY,34,12,1987,,,1029375,,
NJ,30,NEW JERSEY,34,12,1988,,,1045381,,
NJ,30,NEW JERSEY,34,12,1989,,,1058318,,
NJ,30,NEW JERSEY,34,12,1990,,,1080360,,
NJ,30,NEW JERSEY,34,12,1991,,,1098903,,
NJ,30,NEW JERSEY,34,12,1992,,,1120104,,
NJ,30,NEW JERSEY,34,12,1993,,,1137820,,
NJ,30,NEW JERSEY,34,12,1994,4100000,3800000,1155050,,
NJ,30,NEW JERSEY,34,12,1995,4100000,3800000,1170159,,
NJ,30,NEW JERSEY,34,12,1996,4100000,3900000,1184891,,
NJ,30,NEW JERSEY,34,12,1997,4100000,3900000,1200550,,
NJ,30,NEW JERSEY,34,12,1998,4200000,3900000,1217158,,
NJ,30,NEW JERSEY,34,12,1999,4200000,3900000,1231242,,
NJ,30,NEW JERSEY,34,12,2000,4300000,4100000,1244446,,
NJ,30,NEW JERSEY,34,12,2001,,,1255376,,
NJ,30,NEW JERSEY,34,12,2002,4400000,4200000,1264542,,
NJ,30,NEW JERSEY,34,12,2003,4400000,4200000,1272297,,
NJ,30,NEW JERSEY,34,12,2004,4500000,4200000,1277966,,
NJ,30,NEW JERSEY,34,12,2005,4500000,4200000,1280611,,
NJ,30,NEW JERSEY,34,12,2006,4500000,4300000,1282481,,
NJ,30,NEW JERSEY,34,12,2007,4400000,4200000,1285688,,
NJ,30,NEW JERSEY,34,12,2008,4400000,4300000,1291180,,
NJ,30,NEW JERSEY,34,12,2009,4400000,4300000,1301310,,
NJ,30,NEW JERSEY,34,12,2010,4500000,4300000,,,
NJ,30,NEW JERSEY,34,12,2011,,,,,
NJ,30,NEW JERSEY,34,12,2012,,,,,
NJ,30,NEW JERSEY,34,12,2013,,,,18.9,57.3
NJ,30,NEW JERSEY,34,12,2014,,,,19.3,56.6
NJ,30,NEW JERSEY,34,12,2015,,,,19.7,56
NJ,30,NEW JERSEY,34,12,2016,,,,20,55.5
NJ,30,NEW JERSEY,34,12,2017,,,,20.4,54.8
NJ,30,NEW JERSEY,34,12,2018,,,,,
NJ,30,NEW JERSEY,34,12,2019,,,,,
NJ,30,NEW JERSEY,34,12,2020,,,,,
NM,31,NEW MEXICO,35,66,1987,,,30100,,
NM,31,NEW MEXICO,35,66,1988,,,30634,,
NM,31,NEW MEXICO,35,66,1989,,,31274,,
NM,31,NEW MEXICO,35,66,1990,,,31537,,
NM,31,NEW MEXICO,35,66,1991,,,33416,,
NM,31,NEW MEXICO,35,66,1992,,,35471,,
NM,31,NEW MEXICO,35,66,1993,,,36971,,
NM,31,NEW MEXICO,35,66,1994,839006,814515,38246,,
NM,31,NEW MEXICO,35,66,1995,855219,830182,39394,,
NM,31,NEW MEXICO,35,66,1996,867786,845621,40623,,
NM,31,NEW MEXICO,35,66,1997,876831,852920,41632,,
NM,31,NEW MEXICO,35,66,1998,882382,854549,41649,,
NM,31,NEW MEXICO,35,66,1999,883796,856048,42091,,
NM,31,NEW MEXICO,35,66,2000,924729,894317,42954,,
NM,31,NEW MEXICO,35,66,2001,,,45618,,
NM,31,NEW MEXICO,35,66,2002,942900,912159,48637,,
NM,31,NEW MEXICO,35,66,2003,952159,922455,51511,,
NM,31,NEW MEXICO,35,66,2004,967222,936067,54708,,
NM,31,NEW MEXICO,35,66,2005,979980,948404,57512,,
NM,31,NEW MEXICO,35,66,2006,989791,964808,60695,,
NM,31,NEW MEXICO,35,66,2007,998142,971773,63738,,
NM,31,NEW MEXICO,35,66,2008,1e+06,978326,66523,,
NM,31,NEW MEXICO,35,66,2009,1e+06,994635,70292,,
NM,31,NEW MEXICO,35,66,2010,1e+06,1e+06,,,
NM,31,NEW MEXICO,35,66,2011,,,,,
NM,31,NEW MEXICO,35,66,2012,,,,,
NM,31,NEW MEXICO,35,66,2013,,,,47.3,39.3
NM,31,NEW MEXICO,35,66,2014,,,,47.7,38.7
NM,31,NEW MEXICO,35,66,2015,,,,48,38.3
NM,31,NEW MEXICO,35,66,2016,,,,48.5,37.8
NM,31,NEW MEXICO,35,66,2017,,,,48.8,37.4
NM,31,NEW MEXICO,35,66,2018,,,,,
NM,31,NEW MEXICO,35,66,2019,,,,,
NM,31,NEW MEXICO,35,66,2020,,,,,
NV,28,NEVADA,32,65,1987,,,66071,,
NV,28,NEVADA,32,65,1988,,,69915,,
NV,28,NEVADA,32,65,1989,,,74552,,
NV,28,NEVADA,32,65,1990,,,81467,,
NV,28,NEVADA,32,65,1991,,,87998,,
NV,28,NEVADA,32,65,1992,,,93558,,
NV,28,NEVADA,32,65,1993,,,98320,,
NV,28,NEVADA,32,65,1994,715421,741607,106532,,
NV,28,NEVADA,32,65,1995,750647,779461,113443,,
NV,28,NEVADA,32,65,1996,785741,817422,119873,,
NV,28,NEVADA,32,65,1997,821726,855083,128057,,
NV,28,NEVADA,32,65,1998,857784,889114,136640,,
NV,28,NEVADA,32,65,1999,888183,921070,143853,,
NV,28,NEVADA,32,65,2000,980206,1e+06,151217,,
NV,28,NEVADA,32,65,2001,,,160580,,
NV,28,NEVADA,32,65,2002,1100000,1100000,169436,,
NV,28,NEVADA,32,65,2003,1100000,1100000,177642,,
NV,28,NEVADA,32,65,2004,1100000,1200000,189061,,
NV,28,NEVADA,32,65,2005,1200000,1200000,200411,,
NV,28,NEVADA,32,65,2006,1200000,1300000,212849,,
NV,28,NEVADA,32,65,2007,1300000,1300000,223227,,
NV,28,NEVADA,32,65,2008,1300000,1300000,230672,,
NV,28,NEVADA,32,65,2009,1300000,1300000,235627,,
NV,28,NEVADA,32,65,2010,1300000,1400000,,,
NV,28,NEVADA,32,65,2011,,,,,
NV,28,NEVADA,32,65,2012,,,,,
NV,28,NEVADA,32,65,2013,,,,27.5,52.1
NV,28,NEVADA,32,65,2014,,,,27.8,51.3
NV,28,NEVADA,32,65,2015,,,,28.1,50.5
NV,28,NEVADA,32,65,2016,,,,28.5,49.8
NV,28,NEVADA,32,65,2017,,,,28.8,48.8
NV,28,NEVADA,32,65,2018,,,,,
NV,28,NEVADA,32,65,2019,,,,,
NV,28,NEVADA,32,65,2020,,,,,
NY,32,NEW YORK,36,13,1987,,,2909894,,
NY,32,NEW YORK,36,13,1988,,,2973589,,
NY,32,NEW YORK,36,13,1989,,,3028788,,
NY,32,NEW YORK,36,13,1990,,,3075556,,
NY,32,NEW YORK,36,13,1991,,,3115741,,
NY,32,NEW YORK,36,13,1992,,,3159095,,
NY,32,NEW YORK,36,13,1993,,,3206315,,
NY,32,NEW YORK,36,13,1994,9400000,8700000,3248162,,
NY,32,NEW YORK,36,13,1995,9400000,8700000,3284189,,
NY,32,NEW YORK,36,13,1996,9400000,8800000,3314224,,
NY,32,NEW YORK,36,13,1997,9400000,8700000,3345110,,
NY,32,NEW YORK,36,13,1998,9400000,8700000,3378440,,
NY,32,NEW YORK,36,13,1999,9400000,8800000,3410768,,
NY,32,NEW YORK,36,13,2000,9800000,9100000,3440737,,
NY,32,NEW YORK,36,13,2001,,,3449103,,
NY,32,NEW YORK,36,13,2002,9900000,9300000,3453253,,
NY,32,NEW YORK,36,13,2003,9900000,9300000,3453439,,
NY,32,NEW YORK,36,13,2004,9900000,9300000,3451392,,
NY,32,NEW YORK,36,13,2005,9900000,9300000,3448260,,
NY,32,NEW YORK,36,13,2006,1e+07,9400000,3446969,,
NY,32,NEW YORK,36,13,2007,9900000,9400000,3447808,,
NY,32,NEW YORK,36,13,2008,1e+07,9500000,3452227,,
NY,32,NEW YORK,36,13,2009,1e+07,9500000,3471785,,
NY,32,NEW YORK,36,13,2010,1e+07,9400000,,,
NY,32,NEW YORK,36,13,2011,,,,,
NY,32,NEW YORK,36,13,2012,,,,,
NY,32,NEW YORK,36,13,2013,,,,18.4,56.9
NY,32,NEW YORK,36,13,2014,,,,18.6,56.3
NY,32,NEW YORK,36,13,2015,,,,18.8,55.8
NY,32,NEW YORK,36,13,2016,,,,19,55.5
NY,32,NEW YORK,36,13,2017,,,,19.2,55.1
NY,32,NEW YORK,36,13,2018,,,,,
NY,32,NEW YORK,36,13,2019,,,,,
NY,32,NEW YORK,36,13,2020,,,,,
OH,35,OHIO,39,24,1987,,,1122464,,
OH,35,OHIO,39,24,1988,,,1135182,,
OH,35,OHIO,39,24,1989,,,1148736,,
OH,35,OHIO,39,24,1990,,,1163105,,
OH,35,OHIO,39,24,1991,,,1187439,,
OH,35,OHIO,39,24,1992,,,1214495,,
OH,35,OHIO,39,24,1993,,,1239130,,
OH,35,OHIO,39,24,1994,5700000,5400000,1260858,,
OH,35,OHIO,39,24,1995,5800000,5400000,1279923,,
OH,35,OHIO,39,24,1996,5800000,5400000,1299584,,
OH,35,OHIO,39,24,1997,5800000,5400000,1317777,,
OH,35,OHIO,39,24,1998,5800000,5400000,1333730,,
OH,35,OHIO,39,24,1999,5800000,5400000,1347742,,
OH,35,OHIO,39,24,2000,5800000,5500000,1363714,,
OH,35,OHIO,39,24,2001,,,1377082,,
OH,35,OHIO,39,24,2002,5900000,5600000,1388912,,
OH,35,OHIO,39,24,2003,5900000,5600000,1399179,,
OH,35,OHIO,39,24,2004,5900000,5600000,1408175,,
OH,35,OHIO,39,24,2005,5900000,5600000,1417454,,
OH,35,OHIO,39,24,2006,5900000,5600000,1428430,,
OH,35,OHIO,39,24,2007,5900000,5600000,1440477,,
OH,35,OHIO,39,24,2008,5900000,5600000,1448007,,
OH,35,OHIO,39,24,2009,5900000,5600000,1454838,,
OH,35,OHIO,39,24,2010,5900000,5600000,,,
OH,35,OHIO,39,24,2011,,,,,
OH,35,OHIO,39,24,2012,,,,,
OH,35,OHIO,39,24,2013,,,,3.3,80.3
OH,35,OHIO,39,24,2014,,,,3.4,80
OH,35,OHIO,39,24,2015,,,,3.5,79.7
OH,35,OHIO,39,24,2016,,,,3.6,79.4
OH,35,OHIO,39,24,2017,,,,3.7,78.9
OH,35,OHIO,39,24,2018,,,,,
OH,35,OHIO,39,24,2019,,,,,
OH,35,OHIO,39,24,2020,,,,,
OK,36,OKLAHOMA,40,53,1987,,,232729,,
OK,36,OKLAHOMA,40,53,1988,,,232648,,
OK,36,OKLAHOMA,40,53,1989,,,233827,,
OK,36,OKLAHOMA,40,53,1990,,,236142,,
OK,36,OKLAHOMA,40,53,1991,,,240420,,
OK,36,OKLAHOMA,40,53,1992,,,247526,,
OK,36,OKLAHOMA,40,53,1993,,,250522,,
OK,36,OKLAHOMA,40,53,1994,1700000,1600000,253912,,
OK,36,OKLAHOMA,40,53,1995,1700000,1600000,256587,,
OK,36,OKLAHOMA,40,53,1996,1700000,1600000,260826,,
OK,36,OKLAHOMA,40,53,1997,1700000,1600000,265613,,
OK,36,OKLAHOMA,40,53,1998,1700000,1600000,271627,,
OK,36,OKLAHOMA,40,53,1999,1700000,1600000,277057,,
OK,36,OKLAHOMA,40,53,2000,1800000,1700000,280683,,
OK,36,OKLAHOMA,40,53,2001,,,283838,,
OK,36,OKLAHOMA,40,53,2002,1800000,1700000,287186,,
OK,36,OKLAHOMA,40,53,2003,1800000,1700000,288749,,
OK,36,OKLAHOMA,40,53,2004,1800000,1700000,291242,,
OK,36,OKLAHOMA,40,53,2005,1800000,1800000,294104,,
OK,36,OKLAHOMA,40,53,2006,1800000,1800000,299868,,
OK,36,OKLAHOMA,40,53,2007,1800000,1800000,306521,,
OK,36,OKLAHOMA,40,53,2008,1800000,1800000,310937,,
OK,36,OKLAHOMA,40,53,2009,1900000,1800000,318181,,
OK,36,OKLAHOMA,40,53,2010,1900000,1900000,,,
OK,36,OKLAHOMA,40,53,2011,,,,,
OK,36,OKLAHOMA,40,53,2012,,,,,
OK,36,OKLAHOMA,40,53,2013,,,,9.6,67.4
OK,36,OKLAHOMA,40,53,2014,,,,9.8,67
OK,36,OKLAHOMA,40,53,2015,,,,10.1,66.4
OK,36,OKLAHOMA,40,53,2016,,,,10.3,66.2
OK,36,OKLAHOMA,40,53,2017,,,,10.6,65.6
OK,36,OKLAHOMA,40,53,2018,,,,,
OK,36,OKLAHOMA,40,53,2019,,,,,
OK,36,OKLAHOMA,40,53,2020,,,,,
OR,37,OREGON,41,72,1987,,,42665,,
OR,37,OREGON,41,72,1988,,,44255,,
OR,37,OREGON,41,72,1989,,,45640,,
OR,37,OREGON,41,72,1990,,,47386,,
OR,37,OREGON,41,72,1991,,,49761,,
OR,37,OREGON,41,72,1992,,,51515,,
OR,37,OREGON,41,72,1993,,,53484,,
OR,37,OREGON,41,72,1994,1600000,1500000,55825,,
OR,37,OREGON,41,72,1995,1600000,1500000,58341,,
OR,37,OREGON,41,72,1996,1600000,1600000,60756,,
OR,37,OREGON,41,72,1997,1600000,1600000,62188,,
OR,37,OREGON,41,72,1998,1700000,1600000,64508,,
OR,37,OREGON,41,72,1999,1700000,1600000,66369,,
OR,37,OREGON,41,72,2000,1700000,1700000,69780,,
OR,37,OREGON,41,72,2001,,,72487,,
OR,37,OREGON,41,72,2002,1800000,1700000,75377,,
OR,37,OREGON,41,72,2003,1800000,1800000,77254,,
OR,37,OREGON,41,72,2004,1800000,1800000,78890,,
OR,37,OREGON,41,72,2005,1800000,1800000,81453,,
OR,37,OREGON,41,72,2006,1900000,1800000,84884,,
OR,37,OREGON,41,72,2007,1900000,1900000,88186,,
OR,37,OREGON,41,72,2008,1900000,1900000,91468,,
OR,37,OREGON,41,72,2009,1900000,1900000,94842,,
OR,37,OREGON,41,72,2010,1900000,1900000,,,
OR,37,OREGON,41,72,2011,,,,,
OR,37,OREGON,41,72,2012,,,,,
OR,37,OREGON,41,72,2013,,,,12.3,77.3
OR,37,OREGON,41,72,2014,,,,12.5,76.9
OR,37,OREGON,41,72,2015,,,,12.7,76.5
OR,37,OREGON,41,72,2016,,,,12.8,76.2
OR,37,OREGON,41,72,2017,,,,13.1,75.6
OR,37,OREGON,41,72,2018,,,,,
OR,37,OREGON,41,72,2019,,,,,
OR,37,OREGON,41,72,2020,,,,,
PA,38,PENNSYLVANIA,42,14,1987,,,1087487,,
PA,38,PENNSYLVANIA,42,14,1988,,,1096280,,
PA,38,PENNSYLVANIA,42,14,1989,,,1102048,,
PA,38,PENNSYLVANIA,42,14,1990,,,1110238,,
PA,38,PENNSYLVANIA,42,14,1991,,,1131434,,
PA,38,PENNSYLVANIA,42,14,1992,,,1156140,,
PA,38,PENNSYLVANIA,42,14,1993,,,1179523,,
PA,38,PENNSYLVANIA,42,14,1994,6300000,5800000,1198702,,
PA,38,PENNSYLVANIA,42,14,1995,6300000,5800000,1215312,,
PA,38,PENNSYLVANIA,42,14,1996,6300000,5800000,1230865,,
PA,38,PENNSYLVANIA,42,14,1997,6200000,5800000,1245495,,
PA,38,PENNSYLVANIA,42,14,1998,6200000,5800000,1262645,,
PA,38,PENNSYLVANIA,42,14,1999,6200000,5800000,1279925,,
PA,38,PENNSYLVANIA,42,14,2000,6400000,5900000,1295848,,
PA,38,PENNSYLVANIA,42,14,2001,,,1305698,,
PA,38,PENNSYLVANIA,42,14,2002,6400000,6e+06,1317912,,
PA,38,PENNSYLVANIA,42,14,2003,6400000,6e+06,1330359,,
PA,38,PENNSYLVANIA,42,14,2004,6400000,6e+06,1346667,,
PA,38,PENNSYLVANIA,42,14,2005,6400000,6e+06,1361804,,
PA,38,PENNSYLVANIA,42,14,2006,6400000,6e+06,1380452,,
PA,38,PENNSYLVANIA,42,14,2007,6400000,6e+06,1398500,,
PA,38,PENNSYLVANIA,42,14,2008,6400000,6100000,1412624,,
PA,38,PENNSYLVANIA,42,14,2009,6500000,6100000,1423196,,
PA,38,PENNSYLVANIA,42,14,2010,6500000,6200000,,,
PA,38,PENNSYLVANIA,42,14,2011,,,,,
PA,38,PENNSYLVANIA,42,14,2012,,,,,
PA,38,PENNSYLVANIA,42,14,2013,,,,6.3,78.2
PA,38,PENNSYLVANIA,42,14,2014,,,,6.5,77.7
PA,38,PENNSYLVANIA,42,14,2015,,,,6.8,77.3
PA,38,PENNSYLVANIA,42,14,2016,,,,7,76.9
PA,38,PENNSYLVANIA,42,14,2017,,,,7.3,76.4
PA,38,PENNSYLVANIA,42,14,2018,,,,,
PA,38,PENNSYLVANIA,42,14,2019,,,,,
PA,38,PENNSYLVANIA,42,14,2020,,,,,
RI,39,RHODE ISLAND,44,5,1987,,,39517,,
RI,39,RHODE ISLAND,44,5,1988,,,40855,,
RI,39,RHODE ISLAND,44,5,1989,,,42334,,
RI,39,RHODE ISLAND,44,5,1990,,,43674,,
RI,39,RHODE ISLAND,44,5,1991,,,45425,,
RI,39,RHODE ISLAND,44,5,1992,,,47047,,
RI,39,RHODE ISLAND,44,5,1993,,,48790,,
RI,39,RHODE ISLAND,44,5,1994,517831,478926,50578,,
RI,39,RHODE ISLAND,44,5,1995,514186,475608,52450,,
RI,39,RHODE ISLAND,44,5,1996,513690,476535,54398,,
RI,39,RHODE ISLAND,44,5,1997,512005,475424,56657,,
RI,39,RHODE ISLAND,44,5,1998,513359,475121,59143,,
RI,39,RHODE ISLAND,44,5,1999,514488,476331,62303,,
RI,39,RHODE ISLAND,44,5,2000,544684,503635,65195,,
RI,39,RHODE ISLAND,44,5,2001,,,66933,,
RI,39,RHODE ISLAND,44,5,2002,554996,514729,68729,,
RI,39,RHODE ISLAND,44,5,2003,557749,518415,70214,,
RI,39,RHODE ISLAND,44,5,2004,559417,521215,71334,,
RI,39,RHODE ISLAND,44,5,2005,556342,519847,71802,,
RI,39,RHODE ISLAND,44,5,2006,551397,516213,72448,,
RI,39,RHODE ISLAND,44,5,2007,545975,511857,72897,,
RI,39,RHODE ISLAND,44,5,2008,542083,508705,73465,,
RI,39,RHODE ISLAND,44,5,2009,541719,511490,74245,,
RI,39,RHODE ISLAND,44,5,2010,544167,508400,,,
RI,39,RHODE ISLAND,44,5,2011,,,,,
RI,39,RHODE ISLAND,44,5,2012,,,,,
RI,39,RHODE ISLAND,44,5,2013,,,,13.6,74.6
RI,39,RHODE ISLAND,44,5,2014,,,,14,74.1
RI,39,RHODE ISLAND,44,5,2015,,,,14.4,73.4
RI,39,RHODE ISLAND,44,5,2016,,,,14.9,72.8
RI,39,RHODE ISLAND,44,5,2017,,,,15.4,72.1
RI,39,RHODE ISLAND,44,5,2018,,,,,
RI,39,RHODE ISLAND,44,5,2019,,,,,
RI,39,RHODE ISLAND,44,5,2020,,,,,
SC,40,SOUTH CAROLINA,45,48,1987,,,1008382,,
SC,40,SOUTH CAROLINA,45,48,1988,,,1017794,,
SC,40,SOUTH CAROLINA,45,48,1989,,,1031959,,
SC,40,SOUTH CAROLINA,45,48,1990,,,1046915,,
SC,40,SOUTH CAROLINA,45,48,1991,,,1070158,,
SC,40,SOUTH CAROLINA,45,48,1992,,,1089628,,
SC,40,SOUTH CAROLINA,45,48,1993,,,1107974,,
SC,40,SOUTH CAROLINA,45,48,1994,1900000,1800000,1123727,,
SC,40,SOUTH CAROLINA,45,48,1995,1900000,1800000,1138558,,
SC,40,SOUTH CAROLINA,45,48,1996,1900000,1800000,1152086,,
SC,40,SOUTH CAROLINA,45,48,1997,1900000,1800000,1168026,,
SC,40,SOUTH CAROLINA,45,48,1998,2e+06,1800000,1181039,,
SC,40,SOUTH CAROLINA,45,48,1999,2e+06,1900000,1192652,,
SC,40,SOUTH CAROLINA,45,48,2000,2100000,1900000,1204791,,
SC,40,SOUTH CAROLINA,45,48,2001,,,1213113,,
SC,40,SOUTH CAROLINA,45,48,2002,2100000,2e+06,1219792,,
SC,40,SOUTH CAROLINA,45,48,2003,2100000,2e+06,1227982,,
SC,40,SOUTH CAROLINA,45,48,2004,2200000,2e+06,1237968,,
SC,40,SOUTH CAROLINA,45,48,2005,2200000,2100000,1247233,,
SC,40,SOUTH CAROLINA,45,48,2006,2200000,2100000,1263806,,
SC,40,SOUTH CAROLINA,45,48,2007,2300000,2100000,1278888,,
SC,40,SOUTH CAROLINA,45,48,2008,2300000,2200000,1295568,,
SC,40,SOUTH CAROLINA,45,48,2009,2300000,2200000,1305690,,
SC,40,SOUTH CAROLINA,45,48,2010,2400000,2300000,,,
SC,40,SOUTH CAROLINA,45,48,2011,,,,,
SC,40,SOUTH CAROLINA,45,48,2012,,,,,
SC,40,SOUTH CAROLINA,45,48,2013,,,,5.3,63.8
SC,40,SOUTH CAROLINA,45,48,2014,,,,5.3,63.8
SC,40,SOUTH CAROLINA,45,48,2015,,,,5.4,63.7
SC,40,SOUTH CAROLINA,45,48,2016,,,,5.5,63.7
SC,40,SOUTH CAROLINA,45,48,2017,,,,5.7,63.6
SC,40,SOUTH CAROLINA,45,48,2018,,,,,
SC,40,SOUTH CAROLINA,45,48,2019,,,,,
SC,40,SOUTH CAROLINA,45,48,2020,,,,,
SD,41,SOUTH DAKOTA,46,37,1987,,,3051,,
SD,41,SOUTH DAKOTA,46,37,1988,,,3161,,
SD,41,SOUTH DAKOTA,46,37,1989,,,3237,,
SD,41,SOUTH DAKOTA,46,37,1990,,,3090,,
SD,41,SOUTH DAKOTA,46,37,1991,,,3167,,
SD,41,SOUTH DAKOTA,46,37,1992,,,3487,,
SD,41,SOUTH DAKOTA,46,37,1993,,,3479,,
SD,41,SOUTH DAKOTA,46,37,1994,365967,355197,3657,,
SD,41,SOUTH DAKOTA,46,37,1995,369815,359219,3444,,
SD,41,SOUTH DAKOTA,46,37,1996,371331,361074,4047,,
SD,41,SOUTH DAKOTA,46,37,1997,374190,363783,4162,,
SD,41,SOUTH DAKOTA,46,37,1998,375037,363134,4528,,
SD,41,SOUTH DAKOTA,46,37,1999,372648,360485,4749,,
SD,41,SOUTH DAKOTA,46,37,2000,380286,374558,6243,,
SD,41,SOUTH DAKOTA,46,37,2001,,,6874,,
SD,41,SOUTH DAKOTA,46,37,2002,383102,377961,7508,,
SD,41,SOUTH DAKOTA,46,37,2003,384442,379867,8074,,
SD,41,SOUTH DAKOTA,46,37,2004,387634,383249,8704,,
SD,41,SOUTH DAKOTA,46,37,2005,390313,385620,9327,,
SD,41,SOUTH DAKOTA,46,37,2006,391341,390578,9999,,
SD,41,SOUTH DAKOTA,46,37,2007,399402,396812,10720,,
SD,41,SOUTH DAKOTA,46,37,2008,403333,400861,11228,,
SD,41,SOUTH DAKOTA,46,37,2009,406463,405920,12094,,
SD,41,SOUTH DAKOTA,46,37,2010,406799,407381,,,
SD,41,SOUTH DAKOTA,46,37,2011,,,,,
SD,41,SOUTH DAKOTA,46,37,2012,,,,,
SD,41,SOUTH DAKOTA,46,37,2013,,,,3.2,83.4
SD,41,SOUTH DAKOTA,46,37,2014,,,,3.4,83.2
SD,41,SOUTH DAKOTA,46,37,2015,,,,3.5,82.8
SD,41,SOUTH DAKOTA,46,37,2016,,,,3.7,82.4
SD,41,SOUTH DAKOTA,46,37,2017,,,,3.6,82.3
SD,41,SOUTH DAKOTA,46,37,2018,,,,,
SD,41,SOUTH DAKOTA,46,37,2019,,,,,
SD,41,SOUTH DAKOTA,46,37,2020,,,,,
TN,42,TENNESSEE,47,54,1987,,,755104,,
TN,42,TENNESSEE,47,54,1988,,,765952,,
TN,42,TENNESSEE,47,54,1989,,,774173,,
TN,42,TENNESSEE,47,54,1990,,,782830,,
TN,42,TENNESSEE,47,54,1991,,,798638,,
TN,42,TENNESSEE,47,54,1992,,,818018,,
TN,42,TENNESSEE,47,54,1993,,,839270,,
TN,42,TENNESSEE,47,54,1994,2700000,2500000,858370,,
TN,42,TENNESSEE,47,54,1995,2700000,2500000,875270,,
TN,42,TENNESSEE,47,54,1996,2700000,2600000,892896,,
TN,42,TENNESSEE,47,54,1997,2800000,2600000,908434,,
TN,42,TENNESSEE,47,54,1998,2800000,2600000,924468,,
TN,42,TENNESSEE,47,54,1999,2800000,2600000,939791,,
TN,42,TENNESSEE,47,54,2000,2900000,2800000,953941,,
TN,42,TENNESSEE,47,54,2001,,,967418,,
TN,42,TENNESSEE,47,54,2002,3e+06,2800000,979842,,
TN,42,TENNESSEE,47,54,2003,3e+06,2900000,992216,,
TN,42,TENNESSEE,47,54,2004,3e+06,2900000,1006414,,
TN,42,TENNESSEE,47,54,2005,3e+06,2900000,1022888,,
TN,42,TENNESSEE,47,54,2006,3100000,3e+06,1043173,,
TN,42,TENNESSEE,47,54,2007,3200000,3e+06,1056410,,
TN,42,TENNESSEE,47,54,2008,3200000,3e+06,1068378,,
TN,42,TENNESSEE,47,54,2009,3200000,3100000,1081017,,
TN,42,TENNESSEE,47,54,2010,3300000,3100000,,,
TN,42,TENNESSEE,47,54,2011,,,,,
TN,42,TENNESSEE,47,54,2012,,,,,
TN,42,TENNESSEE,47,54,2013,,,,4.8,74.8
TN,42,TENNESSEE,47,54,2014,,,,4.9,74.5
TN,42,TENNESSEE,47,54,2015,,,,5.1,74.2
TN,42,TENNESSEE,47,54,2016,,,,5.2,74.1
TN,42,TENNESSEE,47,54,2017,,,,5.4,73.9
TN,42,TENNESSEE,47,54,2018,,,,,
TN,42,TENNESSEE,47,54,2019,,,,,
TN,42,TENNESSEE,47,54,2020,,,,,
TX,43,TEXAS,48,49,1987,,,1987269,,
TX,43,TEXAS,48,49,1988,,,1994391,,
TX,43,TEXAS,48,49,1989,,,2016013,,
TX,43,TEXAS,48,49,1990,,,2055356,,
TX,43,TEXAS,48,49,1991,,,2097163,,
TX,43,TEXAS,48,49,1992,,,2140131,,
TX,43,TEXAS,48,49,1993,,,2190589,,
TX,43,TEXAS,48,49,1994,9300000,9100000,2239106,,
TX,43,TEXAS,48,49,1995,9500000,9200000,2292393,,
TX,43,TEXAS,48,49,1996,9700000,9500000,2335740,,
TX,43,TEXAS,48,49,1997,9800000,9600000,2377071,,
TX,43,TEXAS,48,49,1998,1e+07,9700000,2419724,,
TX,43,TEXAS,48,49,1999,1e+07,9900000,2461293,,
TX,43,TEXAS,48,49,2000,1e+07,1e+07,2497213,,
TX,43,TEXAS,48,49,2001,,,2546245,,
TX,43,TEXAS,48,49,2002,1.1e+07,1.1e+07,2591555,,
TX,43,TEXAS,48,49,2003,1.1e+07,1.1e+07,2632020,,
TX,43,TEXAS,48,49,2004,1.1e+07,1.1e+07,2676436,,
TX,43,TEXAS,48,49,2005,1.1e+07,1.1e+07,2727137,,
TX,43,TEXAS,48,49,2006,1.2e+07,1.2e+07,2866761,,
TX,43,TEXAS,48,49,2007,1.2e+07,1.2e+07,2917855,,
TX,43,TEXAS,48,49,2008,1.2e+07,1.2e+07,2976965,,
TX,43,TEXAS,48,49,2009,1.2e+07,1.2e+07,3044549,,
TX,43,TEXAS,48,49,2010,1.3e+07,1.2e+07,,,
TX,43,TEXAS,48,49,2011,,,,,
TX,43,TEXAS,48,49,2012,,,,,
TX,43,TEXAS,48,49,2013,,,,38.4,43.9
TX,43,TEXAS,48,49,2014,,,,38.6,43.4
TX,43,TEXAS,48,49,2015,,,,38.9,42.9
TX,43,TEXAS,48,49,2016,,,,39.1,42.5
TX,43,TEXAS,48,49,2017,,,,39.4,41.9
TX,43,TEXAS,48,49,2018,,,,,
TX,43,TEXAS,48,49,2019,,,,,
TX,43,TEXAS,48,49,2020,,,,,
UT,44,UTAH,49,67,1987,,,11451,,
UT,44,UTAH,49,67,1988,,,11645,,
UT,44,UTAH,49,67,1989,,,11862,,
UT,44,UTAH,49,67,1990,,,12085,,
UT,44,UTAH,49,67,1991,,,12857,,
UT,44,UTAH,49,67,1992,,,13840,,
UT,44,UTAH,49,67,1993,,,14659,,
UT,44,UTAH,49,67,1994,959129,948807,15822,,
UT,44,UTAH,49,67,1995,981043,970365,16794,,
UT,44,UTAH,49,67,1996,1e+06,996638,17828,,
UT,44,UTAH,49,67,1997,1e+06,1e+06,19058,,
UT,44,UTAH,49,67,1998,1100000,1e+06,20190,,
UT,44,UTAH,49,67,1999,1100000,1100000,21374,,
UT,44,UTAH,49,67,2000,1100000,1100000,23363,,
UT,44,UTAH,49,67,2001,,,25371,,
UT,44,UTAH,49,67,2002,1200000,1200000,27186,,
UT,44,UTAH,49,67,2003,1200000,1200000,28762,,
UT,44,UTAH,49,67,2004,1200000,1200000,30856,,
UT,44,UTAH,49,67,2005,1200000,1200000,33144,,
UT,44,UTAH,49,67,2006,1300000,1300000,36435,,
UT,44,UTAH,49,67,2007,1300000,1300000,39756,,
UT,44,UTAH,49,67,2008,1400000,1400000,42469,,
UT,44,UTAH,49,67,2009,1400000,1400000,45505,,
UT,44,UTAH,49,67,2010,1400000,1400000,,,
UT,44,UTAH,49,67,2011,,,,,
UT,44,UTAH,49,67,2012,,,,,
UT,44,UTAH,49,67,2013,,,,13.4,79.5
UT,44,UTAH,49,67,2014,,,,13.5,79.2
UT,44,UTAH,49,67,2015,,,,13.7,78.9
UT,44,UTAH,49,67,2016,,,,13.8,78.7
UT,44,UTAH,49,67,2017,,,,14,78.3
UT,44,UTAH,49,67,2018,,,,,
UT,44,UTAH,49,67,2019,,,,,
UT,44,UTAH,49,67,2020,,,,,
VA,46,VIRGINIA,51,40,1987,,,1114312,,
VA,46,VIRGINIA,51,40,1988,,,1135018,,
VA,46,VIRGINIA,51,40,1989,,,1152465,,
VA,46,VIRGINIA,51,40,1990,,,1174876,,
VA,46,VIRGINIA,51,40,1991,,,1202194,,
VA,46,VIRGINIA,51,40,1992,,,1238551,,
VA,46,VIRGINIA,51,40,1993,,,1268404,,
VA,46,VIRGINIA,51,40,1994,3300000,3200000,1294734,,
VA,46,VIRGINIA,51,40,1995,3400000,3200000,1319225,,
VA,46,VIRGINIA,51,40,1996,3400000,3300000,1342874,,
VA,46,VIRGINIA,51,40,1997,3400000,3300000,1367796,,
VA,46,VIRGINIA,51,40,1998,3500000,3300000,1392692,,
VA,46,VIRGINIA,51,40,1999,3500000,3400000,1422517,,
VA,46,VIRGINIA,51,40,2000,3600000,3500000,1445830,,
VA,46,VIRGINIA,51,40,2001,,,1460102,,
VA,46,VIRGINIA,51,40,2002,3700000,3600000,1478743,,
VA,46,VIRGINIA,51,40,2003,3800000,3600000,1496922,,
VA,46,VIRGINIA,51,40,2004,3800000,3700000,1517095,,
VA,46,VIRGINIA,51,40,2005,3800000,3700000,1537696,,
VA,46,VIRGINIA,51,40,2006,3900000,3800000,1559413,,
VA,46,VIRGINIA,51,40,2007,3900000,3800000,1576171,,
VA,46,VIRGINIA,51,40,2008,4e+06,3800000,1595349,,
VA,46,VIRGINIA,51,40,2009,4e+06,3900000,1616346,,
VA,46,VIRGINIA,51,40,2010,4100000,3900000,,,
VA,46,VIRGINIA,51,40,2011,,,,,
VA,46,VIRGINIA,51,40,2012,,,,,
VA,46,VIRGINIA,51,40,2013,,,,8.6,63.5
VA,46,VIRGINIA,51,40,2014,,,,8.8,63
VA,46,VIRGINIA,51,40,2015,,,,9,62.5
VA,46,VIRGINIA,51,40,2016,,,,9,62.2
VA,46,VIRGINIA,51,40,2017,,,,9.3,61.7
VA,46,VIRGINIA,51,40,2018,,,,,
VA,46,VIRGINIA,51,40,2019,,,,,
VA,46,VIRGINIA,51,40,2020,,,,,
VT,45,VERMONT,50,6,1987,,,1738,,
VT,45,VERMONT,50,6,1988,,,1834,,
VT,45,VERMONT,50,6,1989,,,1922,,
VT,45,VERMONT,50,6,1990,,,1890,,
VT,45,VERMONT,50,6,1991,,,1956,,
VT,45,VERMONT,50,6,1992,,,2220,,
VT,45,VERMONT,50,6,1993,,,2784,,
VT,45,VERMONT,50,6,1994,295274,284935,2742,,
VT,45,VERMONT,50,6,1995,297366,287405,2936,,
VT,45,VERMONT,50,6,1996,298644,290010,3311,,
VT,45,VERMONT,50,6,1997,298769,290209,3249,,
VT,45,VERMONT,50,6,1998,300343,290540,3381,,
VT,45,VERMONT,50,6,1999,301620,292120,3535,,
VT,45,VERMONT,50,6,2000,310490,298337,4141,,
VT,45,VERMONT,50,6,2001,,,4486,,
VT,45,VERMONT,50,6,2002,314348,302244,4789,,
VT,45,VERMONT,50,6,2003,315009,304098,5125,,
VT,45,VERMONT,50,6,2004,315592,305802,5460,,
VT,45,VERMONT,50,6,2005,316174,306876,5801,,
VT,45,VERMONT,50,6,2006,316885,307023,6213,,
VT,45,VERMONT,50,6,2007,315469,305785,6532,,
VT,45,VERMONT,50,6,2008,315547,305723,6876,,
VT,45,VERMONT,50,6,2009,315736,306024,7232,,
VT,45,VERMONT,50,6,2010,317535,308206,,,
VT,45,VERMONT,50,6,2011,,,,,
VT,45,VERMONT,50,6,2012,,,,,
VT,45,VERMONT,50,6,2013,,,,1.5,94
VT,45,VERMONT,50,6,2014,,,,1.7,93.2
VT,45,VERMONT,50,6,2015,,,,1.7,93.4
VT,45,VERMONT,50,6,2016,,,,2,93
VT,45,VERMONT,50,6,2017,,,,1.9,92.8
VT,45,VERMONT,50,6,2018,,,,,
VT,45,VERMONT,50,6,2019,,,,,
VT,45,VERMONT,50,6,2020,,,,,
WA,47,WASHINGTON,53,73,1987,,,135057,,
WA,47,WASHINGTON,53,73,1988,,,141090,,
WA,47,WASHINGTON,53,73,1989,,,146795,,
WA,47,WASHINGTON,53,73,1990,,,154374,,
WA,47,WASHINGTON,53,73,1991,,,161116,,
WA,47,WASHINGTON,53,73,1992,,,169408,,
WA,47,WASHINGTON,53,73,1993,,,175390,,
WA,47,WASHINGTON,53,73,1994,2700000,2700000,182652,,
WA,47,WASHINGTON,53,73,1995,2700000,2700000,190801,,
WA,47,WASHINGTON,53,73,1996,2800000,2800000,199460,,
WA,47,WASHINGTON,53,73,1997,2800000,2800000,208977,,
WA,47,WASHINGTON,53,73,1998,2900000,2800000,215228,,
WA,47,WASHINGTON,53,73,1999,2900000,2900000,222319,,
WA,47,WASHINGTON,53,73,2000,3e+06,2900000,231539,,
WA,47,WASHINGTON,53,73,2001,,,238789,,
WA,47,WASHINGTON,53,73,2002,3e+06,3e+06,245517,,
WA,47,WASHINGTON,53,73,2003,3100000,3100000,250569,,
WA,47,WASHINGTON,53,73,2004,3100000,3100000,256729,,
WA,47,WASHINGTON,53,73,2005,3100000,3100000,263415,,
WA,47,WASHINGTON,53,73,2006,3200000,3200000,273435,,
WA,47,WASHINGTON,53,73,2007,3200000,3200000,281239,,
WA,47,WASHINGTON,53,73,2008,3300000,3300000,292153,,
WA,47,WASHINGTON,53,73,2009,3300000,3300000,302930,,
WA,47,WASHINGTON,53,73,2010,3400000,3300000,,,
WA,47,WASHINGTON,53,73,2011,,,,,
WA,47,WASHINGTON,53,73,2012,,,,,
WA,47,WASHINGTON,53,73,2013,,,,11.9,70.9
WA,47,WASHINGTON,53,73,2014,,,,12.2,70.3
WA,47,WASHINGTON,53,73,2015,,,,12.4,69.7
WA,47,WASHINGTON,53,73,2016,,,,12.4,69.3
WA,47,WASHINGTON,53,73,2017,,,,12.7,68.6
WA,47,WASHINGTON,53,73,2018,,,,,
WA,47,WASHINGTON,53,73,2019,,,,,
WA,47,WASHINGTON,53,73,2020,,,,,
WI,49,WISCONSIN,55,25,1987,,,223610,,
WI,49,WISCONSIN,55,25,1988,,,231313,,
WI,49,WISCONSIN,55,25,1989,,,240079,,
WI,49,WISCONSIN,55,25,1990,,,248027,,
WI,49,WISCONSIN,55,25,1991,,,256644,,
WI,49,WISCONSIN,55,25,1992,,,264916,,
WI,49,WISCONSIN,55,25,1993,,,272844,,
WI,49,WISCONSIN,55,25,1994,2600000,2500000,281134,,
WI,49,WISCONSIN,55,25,1995,2600000,2500000,288815,,
WI,49,WISCONSIN,55,25,1996,2600000,2500000,297086,,
WI,49,WISCONSIN,55,25,1997,2600000,2500000,302926,,
WI,49,WISCONSIN,55,25,1998,2700000,2600000,308347,,
WI,49,WISCONSIN,55,25,1999,2700000,2600000,315230,,
WI,49,WISCONSIN,55,25,2000,2700000,2600000,323526,,
WI,49,WISCONSIN,55,25,2001,,,329588,,
WI,49,WISCONSIN,55,25,2002,2800000,2700000,336614,,
WI,49,WISCONSIN,55,25,2003,2800000,2700000,341239,,
WI,49,WISCONSIN,55,25,2004,2800000,2700000,345649,,
WI,49,WISCONSIN,55,25,2005,2800000,2700000,350659,,
WI,49,WISCONSIN,55,25,2006,2800000,2800000,355587,,
WI,49,WISCONSIN,55,25,2007,2800000,2800000,360437,,
WI,49,WISCONSIN,55,25,2008,2800000,2800000,364850,,
WI,49,WISCONSIN,55,25,2009,2800000,2800000,369084,,
WI,49,WISCONSIN,55,25,2010,2900000,2800000,,,
WI,49,WISCONSIN,55,25,2011,,,,,
WI,49,WISCONSIN,55,25,2012,,,,,
WI,49,WISCONSIN,55,25,2013,,,,6.3,82.5
WI,49,WISCONSIN,55,25,2014,,,,6.4,82.2
WI,49,WISCONSIN,55,25,2015,,,,6.6,81.8
WI,49,WISCONSIN,55,25,2016,,,,6.7,81.6
WI,49,WISCONSIN,55,25,2017,,,,6.9,81.2
WI,49,WISCONSIN,55,25,2018,,,,,
WI,49,WISCONSIN,55,25,2019,,,,,
WI,49,WISCONSIN,55,25,2020,,,,,
WV,48,WEST VIRGINIA,54,56,1987,,,59325,,
WV,48,WEST VIRGINIA,54,56,1988,,,57968,,
WV,48,WEST VIRGINIA,54,56,1989,,,56867,,
WV,48,WEST VIRGINIA,54,56,1990,,,56068,,
WV,48,WEST VIRGINIA,54,56,1991,,,55983,,
WV,48,WEST VIRGINIA,54,56,1992,,,56046,,
WV,48,WEST VIRGINIA,54,56,1993,,,56949,,
WV,48,WEST VIRGINIA,54,56,1994,944931,877090,57638,,
WV,48,WEST VIRGINIA,54,56,1995,947922,880218,58464,,
WV,48,WEST VIRGINIA,54,56,1996,944505,881249,59041,,
WV,48,WEST VIRGINIA,54,56,1997,939122,876665,59365,,
WV,48,WEST VIRGINIA,54,56,1998,938440,872716,59966,,
WV,48,WEST VIRGINIA,54,56,1999,936572,870356,59775,,
WV,48,WEST VIRGINIA,54,56,2000,929174,879170,61050,,
WV,48,WEST VIRGINIA,54,56,2001,,,61390,,
WV,48,WEST VIRGINIA,54,56,2002,924870,877003,62138,,
WV,48,WEST VIRGINIA,54,56,2003,927465,882889,63208,,
WV,48,WEST VIRGINIA,54,56,2004,928052,887302,64237,,
WV,48,WEST VIRGINIA,54,56,2005,927615,889241,65153,,
WV,48,WEST VIRGINIA,54,56,2006,927882,890588,66609,,
WV,48,WEST VIRGINIA,54,56,2007,924817,887218,68090,,
WV,48,WEST VIRGINIA,54,56,2008,925772,888696,69707,,
WV,48,WEST VIRGINIA,54,56,2009,927657,892120,71365,,
WV,48,WEST VIRGINIA,54,56,2010,939408,913586,,,
WV,48,WEST VIRGINIA,54,56,2011,,,,,
WV,48,WEST VIRGINIA,54,56,2012,,,,,
WV,48,WEST VIRGINIA,54,56,2013,,,,1.4,92.6
WV,48,WEST VIRGINIA,54,56,2014,,,,1.3,92.6
WV,48,WEST VIRGINIA,54,56,2015,,,,1.4,92.3
WV,48,WEST VIRGINIA,54,56,2016,,,,1.5,92
WV,48,WEST VIRGINIA,54,56,2017,,,,1.3,92
WV,48,WEST VIRGINIA,54,56,2018,,,,,
WV,48,WEST VIRGINIA,54,56,2019,,,,,
WV,48,WEST VIRGINIA,54,56,2020,,,,,
WY,50,WYOMING,56,68,1987,,,3710,,
WY,50,WYOMING,56,68,1988,,,3706,,
WY,50,WYOMING,56,68,1989,,,3712,,
WY,50,WYOMING,56,68,1990,,,3586,,
WY,50,WYOMING,56,68,1991,,,3629,,
WY,50,WYOMING,56,68,1992,,,3865,,
WY,50,WYOMING,56,68,1993,,,3789,,
WY,50,WYOMING,56,68,1994,236763,239218,3810,,
WY,50,WYOMING,56,68,1995,238777,241407,3936,,
WY,50,WYOMING,56,68,1996,239025,242375,4040,,
WY,50,WYOMING,56,68,1997,238142,241601,3924,,
WY,50,WYOMING,56,68,1998,239167,241740,4164,,
WY,50,WYOMING,56,68,1999,238659,240943,4250,,
WY,50,WYOMING,56,68,2000,245408,248374,4765,,
WY,50,WYOMING,56,68,2001,,,5215,,
WY,50,WYOMING,56,68,2002,247825,250878,5647,,
WY,50,WYOMING,56,68,2003,248900,252342,5964,,
WY,50,WYOMING,56,68,2004,251473,255056,6463,,
WY,50,WYOMING,56,68,2005,252568,256726,6767,,
WY,50,WYOMING,56,68,2006,254002,261002,7193,,
WY,50,WYOMING,56,68,2007,257785,265045,7833,,
WY,50,WYOMING,56,68,2008,262478,270190,8376,,
WY,50,WYOMING,56,68,2009,267230,277040,9085,,
WY,50,WYOMING,56,68,2010,276189,287437,,,
WY,50,WYOMING,56,68,2011,,,,,
WY,50,WYOMING,56,68,2012,,,,,
WY,50,WYOMING,56,68,2013,,,,8.9,84.7
WY,50,WYOMING,56,68,2014,,,,9.8,84
WY,50,WYOMING,56,68,2015,,,,9.9,84.1
WY,50,WYOMING,56,68,2016,,,,9.6,84.4
WY,50,WYOMING,56,68,2017,,,,10,84
WY,50,WYOMING,56,68,2018,,,,,
WY,50,WYOMING,56,68,2019,,,,,
WY,50,WYOMING,56,68,2020,,,,,
