state_name,year,hs_educ,hs_pct,college_educ,college_pct
ALABAMA,2010,2742601.79,57.3118488920782,721674.039,15.0807432647755
ALASKA,2010,437858.603,61.31219708575,128261.765,17.960160107317
ARIZONA,2010,3744437.224,58.3867920297613,1112084.402,17.3406674527588
ARKANSAS,2010,1685793.388,57.7012702680871,390586.314,13.3689731064065
CALIFORNIA,2010,20535242.184,54.9979465639986,7560962.052,20.2499382857202
COLORADO,2010,3127544.937,61.9599004257788,1267043.704,25.1014464432457
CONNECTICUT,2010,2246244.084,62.82325102685,908405.235,25.4063975144162
DELAWARE,2010,550763.88,61.2101330085175,174914.847,19.4394756788236
FLORIDA,2010,11719809.585,62.2116372633166,3508175.91,18.6222622121915
GEORGIA,2010,5574941.721,57.4016845176617,1770113.646,18.2257519725021
HAWAII,2010,887452.296,65.0930749714492,282489.936,20.72014311711
IDAHO,2010,923755.12,58.7966357372087,251392.563,16.0010338603095
ILLINOIS,2010,7700902.528,59.9666291958094,2760134.524,21.493060447065
INDIANA,2010,3879610.2,59.7725487634313,1009921.954,15.5597099014547
IOWA,2010,1903480.242,62.4050552061798,532707.017,17.4646471610733
KANSAS,2010,1722094.502,60.2311427585119,573897.532,20.0723619630078
KENTUCKY,2010,2524955.33,58.0820291482632,624691.68,14.369901889091
LOUISIANA,2010,2565423.375,56.4406993047609,664523.197,14.6198691055879
MAINE,2010,886221.028,66.7647317005919,261173.324,19.6758668021718
MARYLAND,2010,3576826.242,61.822043800894,1472341.266,25.4480201379924
MASSACHUSETTS,2010,4152724.158,63.3475050896458,1848649.055,28.2001165897283
MICHIGAN,2010,6096897.369,61.7273372370938,1733419.132,17.5498029339051
MINNESOTA,2010,3366493.888,63.3912763352488,1178801.718,22.1969051292702
MISSISSIPPI,2010,1628808.372,54.8407032556787,389481.966,13.1135530047756
MISSOURI,2010,3643946.136,60.7758396788373,1075345.767,17.9352381992807
MONTANA,2010,646654.244,65.2554643082754,199435.59,20.1255340791436
NEBRASKA,2010,1119513.508,61.1708883632463,355815.322,19.4419622313254
NEVADA,2010,1606104.289,59.3911321041474,400844.96,14.8225965995423
NEW HAMPSHIRE,2010,868307.265,65.9403591414687,310930.32,23.6124443445395
NEW JERSEY,2010,5487071.644,62.3559708272871,2211224.332,25.1287114301764
NEW MEXICO,2010,1177466.501,56.9949703109473,346659.885,16.7799846847375
NEW YORK,2010,11620723.812,59.915444115417,4546726.484,23.442527416311
NORTH CAROLINA,2010,5634743.941,58.9393935441329,1749570.003,18.3004935130249
NORTH DAKOTA,2010,417821.358,61.9335009316232,131173.656,19.4438211224243
OHIO,2010,7139169.965,61.8754529827089,1995643.71,17.2963186412027
OKLAHOMA,2010,2237901.186,59.5157360916381,585289.937,15.5654600147227
OREGON,2010,2422850.688,63.122488831086,779189.048,20.3001993574292
PENNSYLVANIA,2010,8048262.087,63.2838340624209,2492735.391,19.6004865572624
RHODE ISLAND,2010,622791.233,59.1709895603728,227609.782,21.625057195628
SOUTH CAROLINA,2010,2725367.012,58.7730151521229,792139.99,17.0826371016751
SOUTH DAKOTA,2010,497758.596,60.9551573724158,147314.033,18.0399698505262
TENNESSEE,2010,3760214.988,59.1467218545338,1025053.177,16.1236884964316
TEXAS,2010,13512530.844,53.5076287904401,4271995.638,16.9164725269791
UTAH,2010,1522974.05,54.8724760662934,481205.789,17.3377564377176
VERMONT,2010,414239.829,66.1821173684993,151355.812,24.1817599683021
VIRGINIA,2010,4883672.645,60.8636746127501,1921821.697,23.951058748724
WASHINGTON,2010,4240691.018,62.8907380004301,1458266.599,21.6265373315834
WEST VIRGINIA,2010,1136239.21,61.27366358781,240556.708,12.9724363233188
WISCONSIN,2010,3604292.595,63.3258702778926,1051050.177,18.4664994336449
WYOMING,2010,358857.163,63.5647188754309,93374.561,16.5395269540203
ALABAMA,2011,1127875.836,23.4793683770952,477321.748,9.93656641801749
ALASKA,2011,156248.469,21.5854542314812,81401.86,11.2455253778355
ARIZONA,2011,1233374.548,19.0708902844534,761543.645,11.7752675569382
ARKANSAS,2011,786464.121,26.7633886343822,272440.995,9.27117211634727
CALIFORNIA,2011,6304070.944,16.7288030790204,5019632.952,13.320353138299
COLORADO,2011,901015.596,17.6106804484958,841838.675,16.4540458127765
CONNECTICUT,2011,771249.769,21.5029445869301,543353.737,15.149055166605
DELAWARE,2011,218154.78,24.0222323283822,113914.69,12.543778086346
FLORIDA,2011,4575437.946,23.9774401273811,2327366.712,12.1964928057271
GEORGIA,2011,2166197.733,22.0759904549929,1191013.237,12.1377639959806
HAWAII,2011,317649.441,23.0493256436807,190206.879,13.801819640977
IDAHO,2011,326209.9,20.5973882142569,183627.332,11.5945084559121
ILLINOIS,2011,2706027.619,21.0426112338714,1797311.992,13.976257022686
INDIANA,2011,1715927.599,26.3326372742545,682944.412,10.4804698579098
IOWA,2011,750061.539,24.4790402849518,389628.525,12.7159331117781
KANSAS,2011,592400.631,20.6383612169234,391865.039,13.6519979891206
KENTUCKY,2011,1131141.583,25.9031317340285,386879.505,8.85953706752795
LOUISIANA,2011,1173829.522,25.6587882746353,448051.346,9.7939729813503
MAINE,2011,350674.677,26.3954130988511,181284.984,13.6453880338175
MARYLAND,2011,1175511.506,20.1300969660105,866714.028,14.842081371717
MASSACHUSETTS,2011,1347011.778,20.3876368453291,1102611.949,16.688534105403
MICHIGAN,2011,2308736.41,23.3753460254996,1120912.554,11.3489433876414
MINNESOTA,2011,1088506.411,20.3561912472072,832971.306,15.5774215356201
MISSISSIPPI,2011,671482.853,22.5522267156167,259832.988,8.72667474290981
MISSOURI,2011,1431687.022,23.8257752392085,710950.805,11.8314644372493
MONTANA,2011,239855.765,24.0416657060923,141599.913,14.1931038111915
NEBRASKA,2011,394835.454,21.4324268252567,243911.856,13.2400040385749
NEVADA,2011,610058.754,22.4283997811787,282794.508,10.3967498863982
NEW HAMPSHIRE,2011,306276.913,23.24140887095,205036.86,15.5589445191898
NEW JERSEY,2011,1989076.035,22.5141725203353,1420875.953,16.0827669596038
NEW MEXICO,2011,418041.851,20.1109866674621,205517.034,9.88692955220492
NEW YORK,2011,4138263.576,21.2201059440407,2744284.717,14.0720887797196
NORTH CAROLINA,2011,2035459.257,21.0904313942147,1214581.902,12.5849024924923
NORTH DAKOTA,2011,144044.507,21.0363797937903,93675.25,13.6804115430674
OHIO,2011,3033253.743,26.2824010331161,1286063.156,11.1434223720686
OKLAHOMA,2011,904091.651,23.8914563405435,421752.211,11.145191446563
OREGON,2011,773723.839,20.002017434852,514746.281,13.307027091726
PENNSYLVANIA,2011,3657033.384,28.6962359231221,1586014.08,12.4452334551271
RHODE ISLAND,2011,219108.382,20.8546343868439,149261.144,14.2066066020334
SOUTH CAROLINA,2011,1108725.784,23.7244430331317,518337.572,11.0913540356935
SOUTH DAKOTA,2011,192333.942,23.3530326265522,102750.426,12.4758741271478
TENNESSEE,2011,1661937.504,25.9686377687257,703430.001,10.991459575139
TEXAS,2011,4878539.065,19.033166817378,3032792.375,11.8321576248046
UTAH,2011,474912.166,16.8746841096709,342008.343,12.1523160790052
VERMONT,2011,147992.836,23.618692227159,100523.34,16.0428700015321
VIRGINIA,2011,1629676.162,20.1085753340414,1210647.727,14.9381831734528
WASHINGTON,2011,1287434.538,18.8683007421518,985158.982,14.4382299857238
WEST VIRGINIA,2011,598706.278,32.276871844857,166588.311,8.98094735695787
WISCONSIN,2011,1442766.579,25.2680604177733,716142.368,12.5422427201589
WYOMING,2011,132982.423,23.4389735897743,65825.073,11.6020757690057
ALABAMA,2012,1145478.376,23.7551412757675,506423.504,10.5023037841172
ALASKA,2012,162399.86,22.2024857508863,83823.024,11.4598589922196
ARIZONA,2012,1237420.964,18.8825395013623,781964.228,11.9324553675998
ARKANSAS,2012,784143.264,26.5889600699325,288030.636,9.76662738955984
CALIFORNIA,2012,6251002.404,16.4320910228664,5214825.924,13.7082804826212
COLORADO,2012,894188.452,17.2370952786867,873547.857,16.8392105801894
CONNECTICUT,2012,783500.769,21.8224246570039,548033.88,15.2640923008277
DELAWARE,2012,223305.02,24.3492495845564,120389.172,13.127273163434
FLORIDA,2012,4578848.094,23.7030256293132,2475737.527,12.8159897094707
GEORGIA,2012,2123495.954,21.4063278979873,1213349.084,12.2314093878545
HAWAII,2012,323670.168,23.2469400199524,198579.213,14.262541037827
IDAHO,2012,332902.612,20.8621150973098,185810.708,11.6442594226585
ILLINOIS,2012,2654308.316,20.6155786118411,1835246.086,14.2540562186924
INDIANA,2012,1707813.735,26.1240091909026,698035.23,10.6776742629335
IOWA,2012,739725.759,24.0624919572205,401406.541,13.0573277283808
KANSAS,2012,593053.272,20.5499928791835,387742.404,13.4357300049724
KENTUCKY,2012,1151287.401,26.2826102321355,409416.669,9.34652696148653
LOUISIANA,2012,1179828.683,25.6378990776187,468663.42,10.1841442206501
MAINE,2012,366393.512,27.5651306959416,182447.937,13.7262289420941
MARYLAND,2012,1201880.205,20.424289875051,864474.639,14.6905494766561
MASSACHUSETTS,2012,1372880.131,20.6567918329786,1113432.638,16.7530621966662
MICHIGAN,2012,2302563.39,23.2973744758867,1142919.276,11.5640761441453
MINNESOTA,2012,1077747.546,20.0356887226748,865636.866,16.092479967519
MISSISSIPPI,2012,680371.885,22.7935930404975,265145.579,8.88281917206658
MISSOURI,2012,1450457.497,24.0860243660399,722492.532,11.9975750864997
MONTANA,2012,233734.683,23.2539198978054,145800.172,14.5054447087523
NEBRASKA,2012,380581.451,20.5107153501031,253187.079,13.6450373344471
NEVADA,2012,612865.538,22.2138769690145,287393.169,10.4168306130164
NEW HAMPSHIRE,2012,308063.689,23.325470615226,214790.555,16.2631655660027
NEW JERSEY,2012,1962463.524,22.1382322701896,1466763.2,16.5463174269763
NEW MEXICO,2012,418898.89,20.0858910266799,212738.45,10.2006508632305
NEW YORK,2012,4080198.209,20.8489718609271,2820780.13,14.4136050612713
NORTH CAROLINA,2012,2038520.061,20.9034536656975,1251324.92,12.8313735961575
NORTH DAKOTA,2012,151696.888,21.6825067035625,97197.394,13.8927249909952
OHIO,2012,3023856.52,26.1936727671195,1343537.12,11.6381751048685
OKLAHOMA,2012,913528.176,23.9468225499499,421566.888,11.0507674805102
OREGON,2012,781032.107,20.0297871723848,525562.722,13.4782032301256
PENNSYLVANIA,2012,3632458.751,28.4596584441804,1634596.865,12.8067712975464
RHODE ISLAND,2012,232256.952,22.1135600385417,147479.639,14.0417749540128
SOUTH CAROLINA,2012,1091923.309,23.1157353849919,540602.254,11.4444105634475
SOUTH DAKOTA,2012,201484.164,24.1775000779981,105049.532,12.6056312203457
TENNESSEE,2012,1655567.219,25.6428888906443,735249.372,11.3881923589307
TEXAS,2012,4939357.857,18.9543703888411,3102670.758,11.9062381071286
UTAH,2012,473583.181,16.5861848913962,356391.249,12.4818012690143
VERMONT,2012,150057.206,23.9703784757776,102239.708,16.3319347423608
VIRGINIA,2012,1648084.719,20.1332946039803,1227372.793,14.9938032587141
WASHINGTON,2012,1300905.783,18.8618750119617,1008389.529,14.6206723868249
WEST VIRGINIA,2012,588904.742,31.7398197598055,161416.29,8.69974986701074
WISCONSIN,2012,1416505.436,24.7364125930472,743222.318,12.9788798822576
WYOMING,2012,133876.388,23.2258155624796,68028.518,11.8020648425085
ALABAMA,2013,1150898.922,23.8675535558416,513748.188,10.6542044283074
ALASKA,2013,158855.739,21.717951490808,88325.181,12.0753710785031
ARIZONA,2013,1285929.301,19.6227569505536,793560.327,12.1094071114278
ARKANSAS,2013,786274.903,26.6612403111289,281953.018,9.56054573364154
CALIFORNIA,2013,6385822.496,16.7864943457699,5272731.9,13.8604986721057
COLORADO,2013,894380.394,17.2407953069465,892283.893,17.2003814686688
CONNECTICUT,2013,766986.051,21.3624491170352,552759.88,15.395723031785
DELAWARE,2013,228791.61,24.9475090830582,120316.59,13.1193587993353
FLORIDA,2013,4599386.824,23.8093471393501,2556127.748,13.2321405468846
GEORGIA,2013,2155806.936,21.7320452482348,1235445.35,12.454155239772
HAWAII,2013,308746.372,22.1750692552608,212393.849,15.2547486807923
IDAHO,2013,336488.35,21.0868236942637,196561.102,12.3179578223858
ILLINOIS,2013,2671058.805,20.7456769205736,1857302.415,14.4253641190019
INDIANA,2013,1689178.44,25.8389496391036,714560.768,10.9304613776809
IOWA,2013,748179.57,24.3374854351689,404835.63,13.1688723453948
KANSAS,2013,576623.54,19.9806833558277,403081.15,13.9672355812128
KENTUCKY,2013,1120723.238,25.5848644021172,426146.295,9.72844570662825
LOUISIANA,2013,1169787.35,25.4196990238582,485180.764,10.5430692108661
MAINE,2013,357324.686,26.882849580798,181445.507,13.6508124484649
MARYLAND,2013,1191189.837,20.2426218735359,886503.303,15.0648961188792
MASSACHUSETTS,2013,1389347.847,20.9045703343172,1147290.715,17.2625016099561
MICHIGAN,2013,2249457.727,22.7600504990206,1182434.476,11.9638915915235
MINNESOTA,2013,1087220.812,20.2117999181653,870934.234,16.1909598171752
MISSISSIPPI,2013,679085.073,22.7504826920332,267194.694,8.95146794258886
MISSOURI,2013,1454238.045,24.1488034350118,747956.818,12.4204302300171
MONTANA,2013,231220.079,23.003745643646,141472.693,14.07491018673
NEBRASKA,2013,372540.136,20.0773439323103,255240.808,13.7557191630401
NEVADA,2013,621360.806,22.5217957969953,295330.129,10.704513052338
NEW HAMPSHIRE,2013,309468.656,23.4318496454201,219466.62,16.6172203301538
NEW JERSEY,2013,1986238.455,22.4064334052675,1480763.351,16.7042508564976
NEW MEXICO,2013,424204.148,20.3402742122177,214398.679,10.2802576121845
NEW YORK,2013,4106469.16,20.9832110057193,2876854.75,14.7001348116921
NORTH CAROLINA,2013,2031317.494,20.8295968867337,1302135.748,13.3523995154671
NORTH DAKOTA,2013,154457.845,22.0771388509322,103525.925,14.7972815553408
OHIO,2013,3010011.108,26.0737391033179,1386154.616,12.0073423378356
OKLAHOMA,2013,936394.831,24.5462389051122,432069.885,11.3260883868702
OREGON,2013,768130.131,19.6989123836698,549367.349,14.0886795578651
PENNSYLVANIA,2013,3603537.724,28.2330674195615,1681444.506,13.1738141060596
RHODE ISLAND,2013,224983.952,21.4210859456227,157864.62,15.0305457910752
SOUTH CAROLINA,2013,1088966.101,23.0531320528321,569249.587,12.0508672290903
SOUTH DAKOTA,2013,198764.763,23.8511800507347,110624.463,13.2746063497625
TENNESSEE,2013,1661494.801,25.7347005216501,734969.868,11.3838631538497
TEXAS,2013,5054650.44,19.3967959802915,3267234.949,12.5377393506624
UTAH,2013,477606.541,16.72709401892,369472.953,12.939958505047
VERMONT,2013,153566.022,24.5308823646869,101764.638,16.2560462995059
VIRGINIA,2013,1642996.152,20.0711317689379,1276939.664,15.5993209271541
WASHINGTON,2013,1291904.688,18.7313678445101,1048480.182,15.2019480609864
WEST VIRGINIA,2013,584820.036,31.5196689901386,159220.431,8.58140106811799
WISCONSIN,2013,1413083.12,24.6766487414951,770097.044,13.4481928081143
WYOMING,2013,127606.811,22.1381253339625,72405.553,12.5614235997863
ALABAMA,2014,1186441.631,24.6046447932745,511657.35,10.6108442452473
ALASKA,2014,163737.938,22.3854209931246,91524.396,12.5127515383848
ARIZONA,2014,1291403.197,19.7062863721921,813917.001,12.4200416586872
ARKANSAS,2014,782399.991,26.5298486571129,293235.442,9.94311347986916
CALIFORNIA,2014,6512776.18,17.1202191400271,5510538.155,14.4856230562311
COLORADO,2014,930741.121,17.9417139044742,922572.479,17.784248595974
CONNECTICUT,2014,784394.867,21.8473274867304,575844.837,16.0386958976389
DELAWARE,2014,228130.006,24.8753675748998,124954.234,13.6250489591012
FLORIDA,2014,4699213.572,24.3261137840954,2590610.5,13.4106451702409
GEORGIA,2014,2197144.352,22.1487553812042,1281326.404,12.9166684291092
HAWAII,2014,331585.684,23.8154555764401,211011.291,15.1554493134805
IDAHO,2014,349888.52,21.9265764591459,184282.754,11.5485066377227
ILLINOIS,2014,2659785.662,20.6581202624725,1898577.606,14.7459417774638
INDIANA,2014,1699413.133,25.9955072358243,742161.662,11.3526655055409
IOWA,2014,742832.157,24.1635397793107,414911.022,13.4966141280977
KANSAS,2014,580206.601,20.1048406305821,412850.102,14.3057412492788
KENTUCKY,2014,1148576.052,26.2207131516078,421935.262,9.6323125092029
LOUISIANA,2014,1186257.824,25.7776055201631,499367.264,10.8513445227866
MAINE,2014,343250.621,25.8240059374417,198410.348,14.927139796207
MARYLAND,2014,1215118.317,20.6492532580584,912429.504,15.5054760056099
MASSACHUSETTS,2014,1352236.071,20.3461747292866,1200273.416,18.0596962088092
MICHIGAN,2014,2271750.701,22.9856111787894,1199841.077,12.1400118684334
MINNESOTA,2014,1080256.935,20.082339106686,897866.037,16.6916310770181
MISSISSIPPI,2014,675660.456,22.6357523101075,271308.812,9.08929775813538
MISSOURI,2014,1453646.278,24.1389766635204,751804.597,12.4843257243289
MONTANA,2014,248914.443,24.7641318979128,142598.919,14.1869567553209
NEBRASKA,2014,385450.897,20.7731449050808,267982.427,14.4424045485779
NEVADA,2014,634349.776,22.9925930006948,305655.276,11.078757533262
NEW HAMPSHIRE,2014,304050.506,23.0216068835285,217479.728,16.4667800393422
NEW JERSEY,2014,1951529.702,22.014889600083,1530470.829,17.2649928423086
NEW MEXICO,2014,425767.264,20.4152244648623,218030.722,10.4544113797015
NEW YORK,2014,4112723.028,21.0151669821879,2952946.594,15.0889484509174
NORTH CAROLINA,2014,2078436.073,21.3127616353979,1333308.887,13.6720560541333
NORTH DAKOTA,2014,155292.848,22.1964884195601,106822.974,15.2685389950088
OHIO,2014,3022625.478,26.1830090629731,1408939.345,12.2047114033207
OKLAHOMA,2014,933799.254,24.4781996005054,432888.583,11.3475493732339
OREGON,2014,773234.981,19.8298276919274,555122.836,14.2362806342488
PENNSYLVANIA,2014,3621324.478,28.3724234256087,1698909.461,13.3106488750453
RHODE ISLAND,2014,242415.101,23.0807338340195,145509.038,13.8541508456696
SOUTH CAROLINA,2014,1138813.008,24.1083782431781,585556.139,12.396072737542
SOUTH DAKOTA,2014,196538.292,23.5840101565481,117259.974,14.0708479229715
TENNESSEE,2014,1700416.487,26.337554007803,772472.722,11.9647405154979
TEXAS,2014,5176169.72,19.86311599783,3324747.868,12.7584403406351
UTAH,2014,489213.568,17.1336040124863,376537.526,13.1873792722063
VERMONT,2014,155889.486,24.9020362262005,100042.382,15.9809303670383
VIRGINIA,2014,1634803.127,19.971044325543,1276358.952,15.5922268465882
WASHINGTON,2014,1303970.54,18.9063110228023,1076227.298,15.6042543930618
WEST VIRGINIA,2014,593083.778,31.9650545727555,164752.844,8.87957796997218
WISCONSIN,2014,1422681.678,24.8442682118847,795542.118,13.8925397431335
WYOMING,2014,125526.498,21.7772180315469,73414.38,12.7364419894104
ALABAMA,2015,11676.75,0.240641281425257,5396.57,0.11121566532649
ALASKA,2015,1594.68,0.216228382992225,926.62,0.125643730559269
ARIZONA,2015,13141.83,0.19242245166535,8382.4,0.122734958437267
ARKANSAS,2015,7686.05,0.258090198680478,2994.49,0.100552106614803
CALIFORNIA,2015,65965.82,0.169499315805817,56672.62,0.145620418497383
COLORADO,2015,9547.14,0.175156858216024,9677.86,0.177555116176628
CONNECTICUT,2015,7764.81,0.216463504726073,5879.35,0.163901590188458
DELAWARE,2015,2221.5,0.23601543476136,1273.66,0.135315515929847
FLORIDA,2015,47287.86,0.233993575746935,27760.92,0.137368807487262
GEORGIA,2015,22070.57,0.216836320904358,13271.22,0.130385509695143
HAWAII,2015,3191.79,0.224449598186283,2159.34,0.151846767910034
IDAHO,2015,3466.53,0.209957972428605,1977.6,0.119777669968184
ILLINOIS,2015,26714.41,0.207750141866579,19128.71,0.148758374833083
INDIANA,2015,17081.82,0.258485611239718,7606.47,0.115102667474928
IOWA,2015,7485.59,0.239848956731262,4088.63,0.131005523941351
KANSAS,2015,5911.06,0.203198269102454,4115.27,0.141466292152213
KENTUCKY,2015,11508.1,0.260012706801844,4387.86,0.099138811416962
LOUISIANA,2015,12069.66,0.258748607606008,5048.42,0.108227708618994
MAINE,2015,3491.81,0.26288563551468,1982.68,0.149268743666536
MARYLAND,2015,11888.98,0.198627630955957,9438.68,0.15769078993752
MASSACHUSETTS,2015,13769.96,0.20267144405516,12079.53,0.17779106029412
MICHIGAN,2015,22643.88,0.227995668421818,12412.95,0.124982946047083
MINNESOTA,2015,10801.66,0.197037521853211,9126.54,0.166480969100509
MISSISSIPPI,2015,6959.01,0.232861888236493,2722.91,0.09111381706565
MISSOURI,2015,14486.25,0.238585135180538,7635.54,0.125755550475548
MONTANA,2015,2580.49,0.250417525898251,1501.37,0.145696887357772
NEBRASKA,2015,3823.88,0.202185084469382,2686.89,0.14206750253929
NEVADA,2015,6379.47,0.22251851190416,3177.09,0.110818193201878
NEW HAMPSHIRE,2015,3084.41,0.230808545665432,2214.03,0.165677404871478
NEW JERSEY,2015,19730.55,0.222492822184701,15580.58,0.175695417283072
NEW MEXICO,2015,4319.8,0.206759135036718,2078.05,0.0994619705919376
NEW YORK,2015,41232.46,0.209784587537636,30328.48,0.154306768682816
NORTH CAROLINA,2015,20913.61,0.208476355724674,13713.79,0.136705282463117
NORTH DAKOTA,2015,1602.6,0.212527815867577,1178.45,0.156279423817013
OHIO,2015,30200.89,0.259959714317858,14349.69,0.123517595440062
OKLAHOMA,2015,9355.72,0.239307328302852,4515.53,0.115501470776314
OREGON,2015,7646.34,0.190406774056027,6015.12,0.149786642336057
PENNSYLVANIA,2015,35728.83,0.279462778766015,17542.73,0.137215242507016
RHODE ISLAND,2015,2369.16,0.224338464014999,1560.14,0.147731436985413
SOUTH CAROLINA,2015,11415.64,0.233356187261572,6179.97,0.126329687743385
SOUTH DAKOTA,2015,2018.01,0.236304257202677,1188.56,0.139177599685241
TENNESSEE,2015,17122.93,0.259785895372142,7778.32,0.118011218038679
TEXAS,2015,53220.49,0.193740012761532,34871.65,0.126944226105691
UTAH,2015,5277.05,0.176973239632642,3916.58,0.131347978677559
VERMONT,2015,1448.42,0.231667135837854,1075.82,0.172071732009418
VIRGINIA,2015,16518.76,0.197550099212993,13079.65,0.15642131462478
WASHINGTON,2015,13376.45,0.186726556003449,11293.3,0.157647134696706
WEST VIRGINIA,2015,5904.84,0.320558073885074,1653.59,0.089769007355935
WISCONSIN,2015,13997.73,0.242976493419477,8049.13,0.139719038906845
WYOMING,2015,1315.87,0.224699588294659,697.92,0.119177682189432
ALABAMA,2016,1159941,23.8498002991657,539584,11.0945045003367
ALASKA,2016,163646,22.0708983405624,96461,13.0096728598865
ARIZONA,2016,1327642,19.1273336452928,887464,12.7856907405657
ARKANSAS,2016,778206,26.0276703240691,304649,10.1892092023928
CALIFORNIA,2016,6542555,16.7042036818794,5812839,14.8411204225218
COLORADO,2016,993572,17.9370542576881,996502,17.9899498394628
CONNECTICUT,2016,784043,21.9120207951559,596654,16.6749717241439
DELAWARE,2016,242049,25.5078136114598,129787,13.6773240343506
FLORIDA,2016,4789274,23.2337028828276,2833823,13.7474284420818
GEORGIA,2016,2215818,21.5088493470616,1363948,13.2397841561112
HAWAII,2016,331330,23.2095486070978,224514,15.7271258140644
IDAHO,2016,360382,21.4209631593338,213101,12.6666389281851
ILLINOIS,2016,2600193,20.2814829686798,1981792,15.4579605034957
INDIANA,2016,1685045,25.3989717685533,781330,11.7771208554808
IOWA,2016,737226,23.5432339381057,432782,13.8208471624729
KANSAS,2016,582406,20.0081488393057,421882,14.4934596288911
KENTUCKY,2016,1112624,25.0693639873263,456215,10.2793215780696
LOUISIANA,2016,1218718,26.0513644860612,506576,10.8285887431637
MAINE,2016,353629,26.5623439045697,193462,14.5316254505877
MARYLAND,2016,1207726,20.1176248554342,938159,15.6273283979556
MASSACHUSETTS,2016,1347389,19.7459906841073,1248434,18.2958048000413
MICHIGAN,2016,2263857,22.751026046646,1258413,12.6466410822052
MINNESOTA,2016,1075597,19.4757714643301,928070,16.8045087731751
MISSISSIPPI,2016,697430,23.3415151184529,281487,9.4207778073039
MISSOURI,2016,1444627,23.7324619874539,786568,12.9218096855089
MONTANA,2016,242362,23.2848061072633,157470,15.1288503053728
NEBRASKA,2016,382764,20.0861033912394,281024,14.7471473791152
NEVADA,2016,677285,23.214065985893,322083,11.0394531326316
NEW HAMPSHIRE,2016,296574,22.094349504249,233253,17.3770232890092
NEW JERSEY,2016,1931478,21.7733701716875,1589314,17.916187521186
NEW MEXICO,2016,430532,20.583564014668,228188,10.9095776977764
NEW YORK,2016,4077153,20.766383741036,3060390,15.5876497980893
NORTH CAROLINA,2016,2085876,20.5408128658127,1445510,14.2347629512305
NORTH DAKOTA,2016,161820,21.4491923746809,118400,15.693884421964
OHIO,2016,3005269,25.830956038015,1471283,12.6460048975578
OKLAHOMA,2016,938540,23.9037411771957,458937,11.6886986858724
OREGON,2016,768922,18.8001592185382,609282,14.8969578305594
PENNSYLVANIA,2016,3532542,27.6362541096949,1821585,14.2508669231416
RHODE ISLAND,2016,237998,22.5212676362879,166688,15.7733470859317
SOUTH CAROLINA,2016,1137410,22.9410516566464,633783,12.7831200201373
SOUTH DAKOTA,2016,188825,21.8801709393786,119363,13.8312344437286
TENNESSEE,2016,1686578,25.3773015689113,817496,12.3005532642894
TEXAS,2016,5380396,19.2746183781065,3610535,12.9343052566757
UTAH,2016,510685,16.7885325727481,403907,13.2782553352085
VERMONT,2016,149707,24.0047013021581,100566,16.1252098509277
VIRGINIA,2016,1624765,19.3191976415042,1348122,16.0297860692838
WASHINGTON,2016,1313535,18.0065282378295,1177729,16.144838542567
WEST VIRGINIA,2016,568935,31.0719745191622,175390,9.5787983001852
WISCONSIN,2016,1399957,24.2516406738837,823119,14.2589995405905
WYOMING,2016,132074,22.6070881439196,71428,12.2263207894354
ALABAMA,2017,1191293,24.4393562726409,559226,11.47251217872
ALASKA,2017,161024,21.7688251994052,91223,12.3324320670542
ARIZONA,2017,1362624,19.3444414032466,914224,12.978747326806
ARKANSAS,2017,781894,26.0514535983034,323875,10.7909953704089
CALIFORNIA,2017,6715274,17.061815139943,6019477,15.2939707021841
COLORADO,2017,984589,17.5447109126434,1060068,18.8896957083048
CONNECTICUT,2017,776073,21.7186816545056,593869,16.6196372705655
DELAWARE,2017,246615,25.7743595210399,129029,13.4851482458093
FLORIDA,2017,4877816,23.2680120549831,3002459,14.3222401596519
GEORGIA,2017,2285888,21.9578822189114,1404811,13.4943945100684
HAWAII,2017,330712,23.2177495957927,227409,15.9653269848981
IDAHO,2017,371054,21.601604457084,213630,12.4368710758188
ILLINOIS,2017,2623056,20.5265772416688,1982539,15.5142474724599
INDIANA,2017,1671151,25.0996008157309,820158,12.3182395880613
IOWA,2017,730351,23.2481100093903,443597,14.1203227706069
KANSAS,2017,576905,19.8336518012403,435038,14.9563484669191
KENTUCKY,2017,1155278,25.9480785972453,461183,10.3583836372833
LOUISIANA,2017,1209711,25.9007699290877,518126,11.0934448973999
MAINE,2017,337497,25.28802378519,204720,15.3392896212532
MARYLAND,2017,1188077,19.7228259317767,961651,15.9640118276164
MASSACHUSETTS,2017,1348863,19.6633307525931,1273522,18.5650316649681
MICHIGAN,2017,2274943,22.8107590066653,1303579,13.0709325091441
MINNESOTA,2017,1077318,19.3545361941565,960610,17.2578208230706
MISSISSIPPI,2017,690982,23.1212878658596,287553,9.62195207645281
MISSOURI,2017,1467405,24.0295447436983,804322,13.1712046008709
MONTANA,2017,240365,22.8379202684702,166406,15.8108167170555
NEBRASKA,2017,385732,20.1327072199805,284120,14.8292202237327
NEVADA,2017,694148,23.3727341446949,354485,11.9359036736865
NEW HAMPSHIRE,2017,309713,22.9623357876373,233006,17.2752258140092
NEW JERSEY,2017,1923882,21.6518663781825,1636942,18.4225692910661
NEW MEXICO,2017,438159,20.946665621307,224290,10.7224264073155
NEW YORK,2017,4126195,21.0632217998433,3112339,15.8877335349644
NORTH CAROLINA,2017,2104201,20.4923378735173,1504189,14.6489566413228
NORTH DAKOTA,2017,158422,20.9846584240909,120154,15.9156597460467
OHIO,2017,3026657,25.958386400964,1489556,12.7753062913552
OKLAHOMA,2017,935144,23.7870473907465,465207,11.8333657228267
OREGON,2017,790634,19.080732450451,640640,15.4608585477692
PENNSYLVANIA,2017,3533950,27.6356679077869,1850776,14.4731620163563
RHODE ISLAND,2017,257892,24.4291556192116,162053,15.3506815083838
SOUTH CAROLINA,2017,1175967,23.4197218710493,650040,12.9457340257481
SOUTH DAKOTA,2017,200158,22.9310731977802,119507,13.6913026941072
TENNESSEE,2017,1707816,25.45635962562,849892,12.6683181296682
TEXAS,2017,5479278,19.3646408712862,3750603,13.2552281789259
UTAH,2017,518613,16.7238302480263,440100,14.1920038490288
VERMONT,2017,149905,24.0100008969414,106780,17.1027510474995
VIRGINIA,2017,1650344,19.4993446632025,1380247,16.3080618182338
WASHINGTON,2017,1334874,17.9820679632759,1203800,16.2163720427483
WEST VIRGINIA,2017,591072,32.5300329553485,167371,9.21137212686378
WISCONSIN,2017,1396984,24.1267551681414,843840,14.5736250959814
WYOMING,2017,135210,23.3551148582474,70814,12.2318549188073
ALABAMA,2018,1188262,24.3113656558192,572758,11.7183997891843
ALASKA,2018,168648,22.9409676265305,93495,12.7180029899108
ARIZONA,2018,1390019,19.419032403356,956992,13.3694997390341
ARKANSAS,2018,794237,26.3889521097054,318678,10.5882481934444
CALIFORNIA,2018,6705620,16.9927778882087,6137386,15.5528104951073
COLORADO,2018,982647,17.2658135145882,1089765,19.1479537053745
CONNECTICUT,2018,771807,21.6100427829048,599826,16.7946980557298
DELAWARE,2018,255127,26.4249144725054,131631,13.6337507081977
FLORIDA,2018,4956955,23.3330871498481,3089119,14.5409193432766
GEORGIA,2018,2280236,21.6935361189961,1467034,13.9569566776401
HAWAII,2018,313238,22.0498059613133,229444,16.151283302114
IDAHO,2018,377716,21.5771626518963,225192,12.864174172939
ILLINOIS,2018,2624737,20.6297441867612,2008407,15.7855520887999
INDIANA,2018,1692780,25.2823651478001,839399,12.5367691151232
IOWA,2018,736938,23.4051256773607,452666,14.3766566792161
KANSAS,2018,574712,19.7403343249665,435143,14.9463875805079
KENTUCKY,2018,1149525,25.7674417353541,479467,10.7476026937431
LOUISIANA,2018,1226585,26.3233176455945,528930,11.3511843062521
MAINE,2018,347225,25.9305615817699,209838,15.6705801172019
MARYLAND,2018,1177365,19.5063555762764,989322,16.390895526394
MASSACHUSETTS,2018,1316299,19.1249281706788,1310554,19.0414572325861
MICHIGAN,2018,2272315,22.7594011741903,1346458,13.4860605973194
MINNESOTA,2018,1063902,18.977073619099,991736,17.6898314719878
MISSISSIPPI,2018,676607,22.6971640579399,305428,10.2457548087567
MISSOURI,2018,1447406,23.6441544995502,814553,13.3061608008203
MONTANA,2018,237813,22.4211225976156,163324,15.3982642964555
NEBRASKA,2018,382756,19.8770885546117,294516,15.2946540687801
NEVADA,2018,684482,22.6100066031544,353577,11.6794573191457
NEW HAMPSHIRE,2018,313831,23.1872268584707,235324,17.3867813353134
NEW JERSEY,2018,1849594,20.8146387164114,1672612,18.8229495190482
NEW MEXICO,2018,432942,20.6877965309611,234053,11.1840404522108
NEW YORK,2018,4037055,20.6706730462755,3151763,16.1377693621584
NORTH CAROLINA,2018,2113256,20.3557538976354,1565519,15.0797250716772
NORTH DAKOTA,2018,152642,20.1353419164204,118965,15.6929347826087
OHIO,2018,2996731,25.6649835766187,1547359,13.2520881327464
OKLAHOMA,2018,948383,24.0691989183386,462168,11.7294526849287
OREGON,2018,772703,18.4773807798682,658523,15.7470337546265
PENNSYLVANIA,2018,3527606,27.5574368783749,1877475,14.6667169755429
RHODE ISLAND,2018,247546,23.3911972839126,164050,15.5014660484349
SOUTH CAROLINA,2018,1206118,23.7230722267373,670146,13.1810668280045
SOUTH DAKOTA,2018,205817,23.4229507748965,127157,14.4710696963007
TENNESSEE,2018,1692234,24.9900504029236,865066,12.7748543888466
TEXAS,2018,5595769,19.5460347331587,3883285,13.5643239541794
UTAH,2018,534232,16.9406541833806,452902,14.3616559115917
VERMONT,2018,149917,24.0113844941524,111830,17.911198382979
VIRGINIA,2018,1663235,19.564510592868,1407465,16.5559069533715
WASHINGTON,2018,1340605,17.8180268688889,1264490,16.8063798027318
WEST VIRGINIA,2018,569033,31.5377619242129,178145,9.87340733839497
WISCONSIN,2018,1394503,24.0124937020074,843595,14.5261929336437
WYOMING,2018,132187,22.8855213200808,70404,12.1890370688416
ALABAMA,2019,1198002,24.4331388678991,582971,11.8896390815358
ALASKA,2019,166329,22.7366737521274,92704,12.6723578180426
ARIZONA,2019,1417433,19.4736654825294,1000971,13.7520252539012
ARKANSAS,2019,807708,26.7647600705679,332650,11.0229160011717
CALIFORNIA,2019,6697925,16.9515266200031,6317134,15.987796991326
COLORADO,2019,1004545,17.4438453160555,1130223,19.6262339513393
CONNECTICUT,2019,770536,21.6121731574485,605597,16.9859256772316
DELAWARE,2019,234506,24.0824265427763,142549,14.6389679634901
FLORIDA,2019,4962087,23.1033977182978,3170175,14.760284102557
GEORGIA,2019,2295358,21.6187864041962,1513758,14.2573014186211
HAWAII,2019,324892,22.9464245355512,229765,16.2278087284726
IDAHO,2019,367812,20.5819038479294,233046,13.0407120054391
ILLINOIS,2019,2598102,20.5029884812925,2057551,16.2372164190135
INDIANA,2019,1762261,26.1765251546333,848980,12.6107008699509
IOWA,2019,749892,23.767840333178,451628,14.3143575261405
KANSAS,2019,596325,20.4689573454835,446385,15.322241268878
KENTUCKY,2019,1166967,26.1202420141313,493466,11.0452577885624
LOUISIANA,2019,1214637,26.1280022302559,540091,11.6178733667269
MAINE,2019,348059,25.8931626856478,219403,16.3220533665821
MARYLAND,2019,1192618,19.7267801140649,996756,16.487078376626
MASSACHUSETTS,2019,1344885,19.5122874810501,1331944,19.3245327568229
MICHIGAN,2019,2314008,23.1705330315634,1362726,13.6451938783143
MINNESOTA,2019,1084741,19.2342514547048,1016899,18.0313006238705
MISSISSIPPI,2019,683183,22.9552687046247,290975,9.77689625082615
MISSOURI,2019,1497453,24.398705777078,841163,13.705464243328
MONTANA,2019,246395,23.053898938788,180814,16.9178257785995
NEBRASKA,2019,380874,19.6894347004355,304133,15.7222778234995
NEVADA,2019,700143,22.7307642859647,372376,12.0895175439166
NEW HAMPSHIRE,2019,314830,23.1541849701885,240067,17.6557371382595
NEW JERSEY,2019,1886994,21.2446930317861,1696360,19.0984430641542
NEW MEXICO,2019,448196,21.3749428303405,236399,11.2741191580239
NEW YORK,2019,4022614,20.6780342169745,3223120,16.5682776536388
NORTH CAROLINA,2019,2159746,20.5923789321291,1579934,15.0640860618584
NORTH DAKOTA,2019,155899,20.4575218289326,118869,15.5983371431721
OHIO,2019,3007573,25.729722562045,1572961,13.4566476460976
OKLAHOMA,2019,961643,24.3025031014885,480570,12.1448956790434
OREGON,2019,801689,19.0075625862874,667099,15.816514875157
PENNSYLVANIA,2019,3501253,27.3492892393518,1915429,14.9619641135452
RHODE ISLAND,2019,247427,23.3562496637124,169720,16.0209786843201
SOUTH CAROLINA,2019,1181404,22.9456132152611,701072,13.6164486899059
SOUTH DAKOTA,2019,204526,23.1191905581699,129758,14.6675724770787
TENNESSEE,2019,1697448,24.8558317594485,916577,13.4214913838775
TEXAS,2019,5711518,19.6976874060147,4018336,13.8582993908687
UTAH,2019,562247,17.5375659943143,473762,14.7775485517901
VERMONT,2019,150511,24.1207777701209,108845,17.4434164704827
VIRGINIA,2019,1661552,19.4663265350355,1418594,16.6198915379369
WASHINGTON,2019,1384425,18.1804918335688,1282125,16.8370717750072
WEST VIRGINIA,2019,574786,32.0724806614636,176875,9.86944709334669
WISCONSIN,2019,1404879,24.128723485745,893970,15.3538880818572
WYOMING,2019,135933,23.4869781722617,78053,13.4862697599519
