state_name,year,population_total
ALABAMA,1987,4083000
ALASKA,1987,525000
ARIZONA,1987,3386000
ARKANSAS,1987,2388000
CALIFORNIA,1987,27663000
COLORADO,1987,3296000
CONNECTICUT,1987,3211000
DELAWARE,1987,644000
FLORIDA,1987,12023000
GEORGIA,1987,6222000
HAWAII,1987,1083000
IDAHO,1987,998000
ILLINOIS,1987,11582000
INDIANA,1987,5531000
IOWA,1987,2834000
KANSAS,1987,2476000
KENTUCKY,1987,3727000
LOUISIANA,1987,4461000
MAINE,1987,1187000
MARYLAND,1987,4535000
MASSACHUSETTS,1987,5855000
MICHIGAN,1987,9200000
MINNESOTA,1987,4246000
MISSISSIPPI,1987,2625000
MISSOURI,1987,5103000
MONTANA,1987,809000
NEBRASKA,1987,1594000
NEVADA,1987,1007000
NEW HAMPSHIRE,1987,1057000
NEW JERSEY,1987,7672000
NEW MEXICO,1987,1500000
NEW YORK,1987,17825000
NORTH CAROLINA,1987,6413000
NORTH DAKOTA,1987,672000
OHIO,1987,10784000
OKLAHOMA,1987,3272000
OREGON,1987,2724000
PENNSYLVANIA,1987,11936000
RHODE ISLAND,1987,986000
SOUTH CAROLINA,1987,3425000
SOUTH DAKOTA,1987,709000
TENNESSEE,1987,4855000
TEXAS,1987,16789000
UTAH,1987,1680000
VERMONT,1987,548000
VIRGINIA,1987,5904000
WASHINGTON,1987,4538000
WEST VIRGINIA,1987,1897000
WISCONSIN,1987,4807000
WYOMING,1987,490000
ALABAMA,1988,4127000
ALASKA,1988,513000
ARIZONA,1988,3466000
ARKANSAS,1988,2422000
CALIFORNIA,1988,28168000
COLORADO,1988,3290000
CONNECTICUT,1988,3241000
DELAWARE,1988,660000
FLORIDA,1988,12377000
GEORGIA,1988,6401000
HAWAII,1988,1093000
IDAHO,1988,999000
ILLINOIS,1988,11544000
INDIANA,1988,5575000
IOWA,1988,2834000
KANSAS,1988,2487000
KENTUCKY,1988,3721000
LOUISIANA,1988,4420000
MAINE,1988,1206000
MARYLAND,1988,4644000
MASSACHUSETTS,1988,5871000
MICHIGAN,1988,9300000
MINNESOTA,1988,4306000
MISSISSIPPI,1988,2627000
MISSOURI,1988,5139000
MONTANA,1988,804000
NEBRASKA,1988,1601000
NEVADA,1988,1060000
NEW HAMPSHIRE,1988,1097000
NEW JERSEY,1988,7720000
NEW MEXICO,1988,1510000
NEW YORK,1988,17898000
NORTH CAROLINA,1988,6526000
NORTH DAKOTA,1988,663000
OHIO,1988,10872000
OKLAHOMA,1988,3263000
OREGON,1988,2741000
PENNSYLVANIA,1988,12027000
RHODE ISLAND,1988,995000
SOUTH CAROLINA,1988,3493000
SOUTH DAKOTA,1988,715000
TENNESSEE,1988,4919000
TEXAS,1988,16780000
UTAH,1988,1691000
VERMONT,1988,556000
VIRGINIA,1988,5996000
WASHINGTON,1988,4619000
WEST VIRGINIA,1988,1884000
WISCONSIN,1988,4858000
WYOMING,1988,471000
ALABAMA,1989,4118000
ALASKA,1989,527000
ARIZONA,1989,3556000
ARKANSAS,1989,2406000
CALIFORNIA,1989,29063000
COLORADO,1989,3317000
CONNECTICUT,1989,3239000
DELAWARE,1989,673000
FLORIDA,1989,12671000
GEORGIA,1989,6436000
HAWAII,1989,1112000
IDAHO,1989,1014000
ILLINOIS,1989,11658000
INDIANA,1989,5593000
IOWA,1989,2840000
KANSAS,1989,2513000
KENTUCKY,1989,3727000
LOUISIANA,1989,4382000
MAINE,1989,1222000
MARYLAND,1989,4694000
MASSACHUSETTS,1989,5913000
MICHIGAN,1989,9273000
MINNESOTA,1989,4353000
MISSISSIPPI,1989,2621000
MISSOURI,1989,5159000
MONTANA,1989,806000
NEBRASKA,1989,1611000
NEVADA,1989,1111000
NEW HAMPSHIRE,1989,1107000
NEW JERSEY,1989,7736000
NEW MEXICO,1989,1528000
NEW YORK,1989,17950000
NORTH CAROLINA,1989,6571000
NORTH DAKOTA,1989,660000
OHIO,1989,10907000
OKLAHOMA,1989,3224000
OREGON,1989,2820000
PENNSYLVANIA,1989,12040000
RHODE ISLAND,1989,998000
SOUTH CAROLINA,1989,3512000
SOUTH DAKOTA,1989,715000
TENNESSEE,1989,4940000
TEXAS,1989,16991000
UTAH,1989,1707000
VERMONT,1989,567000
VIRGINIA,1989,6098000
WASHINGTON,1989,4761000
WEST VIRGINIA,1989,1857000
WISCONSIN,1989,4867000
WYOMING,1989,475000
ALABAMA,1990,4040587
ALASKA,1990,550043
ARIZONA,1990,3665228
ARKANSAS,1990,2350725
CALIFORNIA,1990,29760021
COLORADO,1990,3294394
CONNECTICUT,1990,3287116
DELAWARE,1990,666168
FLORIDA,1990,12937926
GEORGIA,1990,6478216
HAWAII,1990,1108229
IDAHO,1990,1006749
ILLINOIS,1990,11430602
INDIANA,1990,5544159
IOWA,1990,2776755
KANSAS,1990,2477574
KENTUCKY,1990,3685296
LOUISIANA,1990,4219973
MAINE,1990,1227928
MARYLAND,1990,4781468
MASSACHUSETTS,1990,6016425
MICHIGAN,1990,9295297
MINNESOTA,1990,4375099
MISSISSIPPI,1990,2573216
MISSOURI,1990,5117073
MONTANA,1990,799065
NEBRASKA,1990,1578385
NEVADA,1990,1201833
NEW HAMPSHIRE,1990,1109252
NEW JERSEY,1990,7730188
NEW MEXICO,1990,1515069
NEW YORK,1990,17990455
NORTH CAROLINA,1990,6628637
NORTH DAKOTA,1990,638800
OHIO,1990,10847115
OKLAHOMA,1990,3145585
OREGON,1990,2842321
PENNSYLVANIA,1990,11881643
RHODE ISLAND,1990,1003464
SOUTH CAROLINA,1990,3486703
SOUTH DAKOTA,1990,696004
TENNESSEE,1990,4877185
TEXAS,1990,16986510
UTAH,1990,1722850
VERMONT,1990,562758
VIRGINIA,1990,6187358
WASHINGTON,1990,4866692
WEST VIRGINIA,1990,1793477
WISCONSIN,1990,4891769
WYOMING,1990,453588
ALABAMA,1991,4089000
ALASKA,1991,570000
ARIZONA,1991,3750000
ARKANSAS,1991,2372000
CALIFORNIA,1991,30380000
COLORADO,1991,3377000
CONNECTICUT,1991,3291000
DELAWARE,1991,680000
FLORIDA,1991,13277000
GEORGIA,1991,6623000
HAWAII,1991,1135000
IDAHO,1991,1039000
ILLINOIS,1991,11543000
INDIANA,1991,5610000
IOWA,1991,2795000
KANSAS,1991,2495000
KENTUCKY,1991,3713000
LOUISIANA,1991,4252000
MAINE,1991,1235000
MARYLAND,1991,4860000
MASSACHUSETTS,1991,5996000
MICHIGAN,1991,9368000
MINNESOTA,1991,4432000
MISSISSIPPI,1991,2592000
MISSOURI,1991,5158000
MONTANA,1991,808000
NEBRASKA,1991,1593000
NEVADA,1991,1284000
NEW HAMPSHIRE,1991,1105000
NEW JERSEY,1991,7760000
NEW MEXICO,1991,1548000
NEW YORK,1991,18058000
NORTH CAROLINA,1991,6737000
NORTH DAKOTA,1991,635000
OHIO,1991,10939000
OKLAHOMA,1991,3175000
OREGON,1991,2922000
PENNSYLVANIA,1991,11961000
RHODE ISLAND,1991,1004000
SOUTH CAROLINA,1991,3560000
SOUTH DAKOTA,1991,703000
TENNESSEE,1991,4953000
TEXAS,1991,17349000
UTAH,1991,1770000
VERMONT,1991,567000
VIRGINIA,1991,6286000
WASHINGTON,1991,5018000
WEST VIRGINIA,1991,1801000
WISCONSIN,1991,4955000
WYOMING,1991,460000
ALABAMA,1992,4136000
ALASKA,1992,587000
ARIZONA,1992,3832000
ARKANSAS,1992,2399000
CALIFORNIA,1992,30867000
COLORADO,1992,3470000
CONNECTICUT,1992,3281000
DELAWARE,1992,689000
FLORIDA,1992,13488000
GEORGIA,1992,6751000
HAWAII,1992,1160000
IDAHO,1992,1067000
ILLINOIS,1992,11631000
INDIANA,1992,5662000
IOWA,1992,2812000
KANSAS,1992,2523000
KENTUCKY,1992,3755000
LOUISIANA,1992,4287000
MAINE,1992,1235000
MARYLAND,1992,4908000
MASSACHUSETTS,1992,5998000
MICHIGAN,1992,9437000
MINNESOTA,1992,4480000
MISSISSIPPI,1992,2614000
MISSOURI,1992,5193000
MONTANA,1992,824000
NEBRASKA,1992,1606000
NEVADA,1992,1327000
NEW HAMPSHIRE,1992,1111000
NEW JERSEY,1992,7789000
NEW MEXICO,1992,1581000
NEW YORK,1992,18119000
NORTH CAROLINA,1992,6843000
NORTH DAKOTA,1992,636000
OHIO,1992,11016000
OKLAHOMA,1992,3212000
OREGON,1992,2977000
PENNSYLVANIA,1992,12009000
RHODE ISLAND,1992,1005000
SOUTH CAROLINA,1992,3603000
SOUTH DAKOTA,1992,711000
TENNESSEE,1992,5024000
TEXAS,1992,17656000
UTAH,1992,1813000
VERMONT,1992,570000
VIRGINIA,1992,6377000
WASHINGTON,1992,5136000
WEST VIRGINIA,1992,1812000
WISCONSIN,1992,5007000
WYOMING,1992,466000
ALABAMA,1993,4187000
ALASKA,1993,599000
ARIZONA,1993,3936000
ARKANSAS,1993,2424000
CALIFORNIA,1993,31211000
COLORADO,1993,3566000
CONNECTICUT,1993,3277000
DELAWARE,1993,7e+05
FLORIDA,1993,13679000
GEORGIA,1993,6917000
HAWAII,1993,1172000
IDAHO,1993,1099000
ILLINOIS,1993,11697000
INDIANA,1993,5713000
IOWA,1993,2814000
KANSAS,1993,2531000
KENTUCKY,1993,3789000
LOUISIANA,1993,4295000
MAINE,1993,1239000
MARYLAND,1993,4965000
MASSACHUSETTS,1993,6012000
MICHIGAN,1993,9478000
MINNESOTA,1993,4517000
MISSISSIPPI,1993,2643000
MISSOURI,1993,5234000
MONTANA,1993,839000
NEBRASKA,1993,1607000
NEVADA,1993,1389000
NEW HAMPSHIRE,1993,1125000
NEW JERSEY,1993,7879000
NEW MEXICO,1993,1616000
NEW YORK,1993,18197000
NORTH CAROLINA,1993,6945000
NORTH DAKOTA,1993,635000
OHIO,1993,11091000
OKLAHOMA,1993,3231000
OREGON,1993,3032000
PENNSYLVANIA,1993,12048000
RHODE ISLAND,1993,1e+06
SOUTH CAROLINA,1993,3643000
SOUTH DAKOTA,1993,715000
TENNESSEE,1993,5099000
TEXAS,1993,18031000
UTAH,1993,1860000
VERMONT,1993,576000
VIRGINIA,1993,6491000
WASHINGTON,1993,5255000
WEST VIRGINIA,1993,1820000
WISCONSIN,1993,5038000
WYOMING,1993,470000
ALABAMA,1994,4219000
ALASKA,1994,606000
ARIZONA,1994,4075000
ARKANSAS,1994,2453000
CALIFORNIA,1994,31431000
COLORADO,1994,3656000
CONNECTICUT,1994,3275000
DELAWARE,1994,706000
FLORIDA,1994,13953000
GEORGIA,1994,7055000
HAWAII,1994,1179000
IDAHO,1994,1133000
ILLINOIS,1994,11752000
INDIANA,1994,5752000
IOWA,1994,2829000
KANSAS,1994,2554000
KENTUCKY,1994,3827000
LOUISIANA,1994,4315000
MAINE,1994,1240000
MARYLAND,1994,5006000
MASSACHUSETTS,1994,6041000
MICHIGAN,1994,9496000
MINNESOTA,1994,4567000
MISSISSIPPI,1994,2669000
MISSOURI,1994,5278000
MONTANA,1994,856000
NEBRASKA,1994,1623000
NEVADA,1994,1457000
NEW HAMPSHIRE,1994,1137000
NEW JERSEY,1994,7904000
NEW MEXICO,1994,1654000
NEW YORK,1994,18169000
NORTH CAROLINA,1994,7070000
NORTH DAKOTA,1994,638000
OHIO,1994,11102000
OKLAHOMA,1994,3258000
OREGON,1994,3086000
PENNSYLVANIA,1994,12052000
RHODE ISLAND,1994,997000
SOUTH CAROLINA,1994,3664000
SOUTH DAKOTA,1994,721000
TENNESSEE,1994,5175000
TEXAS,1994,18378000
UTAH,1994,1908000
VERMONT,1994,580000
VIRGINIA,1994,6552000
WASHINGTON,1994,5343000
WEST VIRGINIA,1994,1822000
WISCONSIN,1994,5082000
WYOMING,1994,476000
ALABAMA,1995,4253000
ALASKA,1995,604000
ARIZONA,1995,4218000
ARKANSAS,1995,2484000
CALIFORNIA,1995,31589000
COLORADO,1995,3747000
CONNECTICUT,1995,3275000
DELAWARE,1995,717000
FLORIDA,1995,14166000
GEORGIA,1995,7201000
HAWAII,1995,1187000
IDAHO,1995,1163000
ILLINOIS,1995,11830000
INDIANA,1995,5803000
IOWA,1995,2842000
KANSAS,1995,2565000
KENTUCKY,1995,3860000
LOUISIANA,1995,4342000
MAINE,1995,1241000
MARYLAND,1995,5042000
MASSACHUSETTS,1995,6074000
MICHIGAN,1995,9549000
MINNESOTA,1995,4610000
MISSISSIPPI,1995,2697000
MISSOURI,1995,5324000
MONTANA,1995,870000
NEBRASKA,1995,1637000
NEVADA,1995,1530000
NEW HAMPSHIRE,1995,1148000
NEW JERSEY,1995,7945000
NEW MEXICO,1995,1685000
NEW YORK,1995,18136000
NORTH CAROLINA,1995,7195000
NORTH DAKOTA,1995,641000
OHIO,1995,11151000
OKLAHOMA,1995,3278000
OREGON,1995,3141000
PENNSYLVANIA,1995,12072000
RHODE ISLAND,1995,990000
SOUTH CAROLINA,1995,3673000
SOUTH DAKOTA,1995,729000
TENNESSEE,1995,5256000
TEXAS,1995,18724000
UTAH,1995,1951000
VERMONT,1995,585000
VIRGINIA,1995,6618000
WASHINGTON,1995,5431000
WEST VIRGINIA,1995,1828000
WISCONSIN,1995,5123000
WYOMING,1995,480000
ALABAMA,1996,4273000
ALASKA,1996,607000
ARIZONA,1996,4428000
ARKANSAS,1996,2510000
CALIFORNIA,1996,31878000
COLORADO,1996,3823000
CONNECTICUT,1996,3274000
DELAWARE,1996,725000
FLORIDA,1996,14400000
GEORGIA,1996,7353000
HAWAII,1996,1184000
IDAHO,1996,1189000
ILLINOIS,1996,11847000
INDIANA,1996,5841000
IOWA,1996,2852000
KANSAS,1996,2572000
KENTUCKY,1996,3884000
LOUISIANA,1996,4351000
MAINE,1996,1243000
MARYLAND,1996,5072000
MASSACHUSETTS,1996,6092000
MICHIGAN,1996,9594000
MINNESOTA,1996,4658000
MISSISSIPPI,1996,2716000
MISSOURI,1996,5359000
MONTANA,1996,879000
NEBRASKA,1996,1652000
NEVADA,1996,1603000
NEW HAMPSHIRE,1996,1162000
NEW JERSEY,1996,7988000
NEW MEXICO,1996,1713000
NEW YORK,1996,18185000
NORTH CAROLINA,1996,7323000
NORTH DAKOTA,1996,644000
OHIO,1996,11173000
OKLAHOMA,1996,3301000
OREGON,1996,3204000
PENNSYLVANIA,1996,12056000
RHODE ISLAND,1996,990000
SOUTH CAROLINA,1996,3699000
SOUTH DAKOTA,1996,732000
TENNESSEE,1996,5320000
TEXAS,1996,19128000
UTAH,1996,2e+06
VERMONT,1996,589000
VIRGINIA,1996,6675000
WASHINGTON,1996,5533000
WEST VIRGINIA,1996,1826000
WISCONSIN,1996,5160000
WYOMING,1996,481000
ALABAMA,1997,4319000
ALASKA,1997,609000
ARIZONA,1997,4555000
ARKANSAS,1997,2523000
CALIFORNIA,1997,32268000
COLORADO,1997,3893000
CONNECTICUT,1997,3270000
DELAWARE,1997,732000
FLORIDA,1997,14654000
GEORGIA,1997,7486000
HAWAII,1997,1187000
IDAHO,1997,1210000
ILLINOIS,1997,11896000
INDIANA,1997,5864000
IOWA,1997,2852000
KANSAS,1997,2595000
KENTUCKY,1997,3908000
LOUISIANA,1997,4352000
MAINE,1997,1242000
MARYLAND,1997,5094000
MASSACHUSETTS,1997,6118000
MICHIGAN,1997,9774000
MINNESOTA,1997,4686000
MISSISSIPPI,1997,2731000
MISSOURI,1997,5402000
MONTANA,1997,879000
NEBRASKA,1997,1657000
NEVADA,1997,1677000
NEW HAMPSHIRE,1997,1173000
NEW JERSEY,1997,8053000
NEW MEXICO,1997,1730000
NEW YORK,1997,18137000
NORTH CAROLINA,1997,7425000
NORTH DAKOTA,1997,641000
OHIO,1997,11186000
OKLAHOMA,1997,3317000
OREGON,1997,3243000
PENNSYLVANIA,1997,12020000
RHODE ISLAND,1997,987000
SOUTH CAROLINA,1997,3760000
SOUTH DAKOTA,1997,738000
TENNESSEE,1997,5368000
TEXAS,1997,19439000
UTAH,1997,2059000
VERMONT,1997,589000
VIRGINIA,1997,6734000
WASHINGTON,1997,5610000
WEST VIRGINIA,1997,1816000
WISCONSIN,1997,5170000
WYOMING,1997,480000
ALABAMA,1998,4352000
ALASKA,1998,614000
ARIZONA,1998,4669000
ARKANSAS,1998,2538000
CALIFORNIA,1998,32667000
COLORADO,1998,3971000
CONNECTICUT,1998,3274000
DELAWARE,1998,744000
FLORIDA,1998,14916000
GEORGIA,1998,7642000
HAWAII,1998,1193000
IDAHO,1998,1229000
ILLINOIS,1998,12045000
INDIANA,1998,5899000
IOWA,1998,2862000
KANSAS,1998,2629000
KENTUCKY,1998,3936000
LOUISIANA,1998,4369000
MAINE,1998,1244000
MARYLAND,1998,5135000
MASSACHUSETTS,1998,6147000
MICHIGAN,1998,9817000
MINNESOTA,1998,4725000
MISSISSIPPI,1998,2752000
MISSOURI,1998,5439000
MONTANA,1998,880000
NEBRASKA,1998,1663000
NEVADA,1998,1747000
NEW HAMPSHIRE,1998,1185000
NEW JERSEY,1998,8115000
NEW MEXICO,1998,1737000
NEW YORK,1998,18175000
NORTH CAROLINA,1998,7546000
NORTH DAKOTA,1998,638000
OHIO,1998,11209000
OKLAHOMA,1998,3347000
OREGON,1998,3282000
PENNSYLVANIA,1998,12001000
RHODE ISLAND,1998,988000
SOUTH CAROLINA,1998,3836000
SOUTH DAKOTA,1998,738000
TENNESSEE,1998,5431000
TEXAS,1998,19760000
UTAH,1998,2100000
VERMONT,1998,591000
VIRGINIA,1998,6791000
WASHINGTON,1998,5689000
WEST VIRGINIA,1998,1811000
WISCONSIN,1998,5224000
WYOMING,1998,481000
ALABAMA,1999,4369862
ALASKA,1999,619500
ARIZONA,1999,4778332
ARKANSAS,1999,2551373
CALIFORNIA,1999,33145121
COLORADO,1999,4056133
CONNECTICUT,1999,3282031
DELAWARE,1999,753538
FLORIDA,1999,15111244
GEORGIA,1999,7788240
HAWAII,1999,1185497
IDAHO,1999,1251700
ILLINOIS,1999,12128370
INDIANA,1999,5942901
IOWA,1999,2869413
KANSAS,1999,2654052
KENTUCKY,1999,3960825
LOUISIANA,1999,4372035
MAINE,1999,1253040
MARYLAND,1999,5171634
MASSACHUSETTS,1999,6175169
MICHIGAN,1999,9863775
MINNESOTA,1999,4775508
MISSISSIPPI,1999,2768619
MISSOURI,1999,5468338
MONTANA,1999,882779
NEBRASKA,1999,1666028
NEVADA,1999,1809253
NEW HAMPSHIRE,1999,1201134
NEW JERSEY,1999,8143412
NEW MEXICO,1999,1739844
NEW YORK,1999,18196601
NORTH CAROLINA,1999,7650789
NORTH DAKOTA,1999,633666
OHIO,1999,11256654
OKLAHOMA,1999,3358044
OREGON,1999,3316154
PENNSYLVANIA,1999,11994016
RHODE ISLAND,1999,990819
SOUTH CAROLINA,1999,3885736
SOUTH DAKOTA,1999,733133
TENNESSEE,1999,5483535
TEXAS,1999,20044141
UTAH,1999,2129836
VERMONT,1999,593740
VIRGINIA,1999,6872912
WASHINGTON,1999,5756361
WEST VIRGINIA,1999,1806928
WISCONSIN,1999,5250446
WYOMING,1999,479602
ALABAMA,2000,4447100
ALASKA,2000,626932
ARIZONA,2000,5130632
ARKANSAS,2000,2673400
CALIFORNIA,2000,33871648
COLORADO,2000,4301261
CONNECTICUT,2000,3405565
DELAWARE,2000,783600
FLORIDA,2000,15982378
GEORGIA,2000,8186453
HAWAII,2000,1211537
IDAHO,2000,1293953
ILLINOIS,2000,12419293
INDIANA,2000,6080485
IOWA,2000,2926324
KANSAS,2000,2688418
KENTUCKY,2000,4041769
LOUISIANA,2000,4468976
MAINE,2000,1274923
MARYLAND,2000,5296486
MASSACHUSETTS,2000,6349097
MICHIGAN,2000,9938444
MINNESOTA,2000,4919479
MISSISSIPPI,2000,2844658
MISSOURI,2000,5595211
MONTANA,2000,902195
NEBRASKA,2000,1711263
NEVADA,2000,1998257
NEW HAMPSHIRE,2000,1235786
NEW JERSEY,2000,8414350
NEW MEXICO,2000,1819046
NEW YORK,2000,18976457
NORTH CAROLINA,2000,8049313
NORTH DAKOTA,2000,642200
OHIO,2000,11353140
OKLAHOMA,2000,3450654
OREGON,2000,3421399
PENNSYLVANIA,2000,12281054
RHODE ISLAND,2000,1048319
SOUTH CAROLINA,2000,4012012
SOUTH DAKOTA,2000,754844
TENNESSEE,2000,5689283
TEXAS,2000,20851820
UTAH,2000,2233169
VERMONT,2000,608827
VIRGINIA,2000,7078515
WASHINGTON,2000,5894121
WEST VIRGINIA,2000,1808344
WISCONSIN,2000,5363675
WYOMING,2000,493782
ALABAMA,2001,4468912
ALASKA,2001,633630
ARIZONA,2001,5306966
ARKANSAS,2001,2694698
CALIFORNIA,2001,34600463
COLORADO,2001,4430989
CONNECTICUT,2001,3434602
DELAWARE,2001,796599
FLORIDA,2001,16373330
GEORGIA,2001,8405677
HAWAII,2001,1227024
IDAHO,2001,1320585
ILLINOIS,2001,12520227
INDIANA,2001,6126743
IOWA,2001,2931967
KANSAS,2001,2702125
KENTUCKY,2001,4068816
LOUISIANA,2001,4470368
MAINE,2001,1284470
MARYLAND,2001,5386079
MASSACHUSETTS,2001,6401164
MICHIGAN,2001,10006266
MINNESOTA,2001,4984535
MISSISSIPPI,2001,2859733
MISSOURI,2001,5637309
MONTANA,2001,905382
NEBRASKA,2001,1720039
NEVADA,2001,2097722
NEW HAMPSHIRE,2001,1259359
NEW JERSEY,2001,8511116
NEW MEXICO,2001,1830935
NEW YORK,2001,19084350
NORTH CAROLINA,2001,8206105
NORTH DAKOTA,2001,636550
OHIO,2001,11389785
OKLAHOMA,2001,3469577
OREGON,2001,3473441
PENNSYLVANIA,2001,12303104
RHODE ISLAND,2001,1059659
SOUTH CAROLINA,2001,4062125
SOUTH DAKOTA,2001,758324
TENNESSEE,2001,5749398
TEXAS,2001,21370983
UTAH,2001,2278712
VERMONT,2001,612978
VIRGINIA,2001,7196750
WASHINGTON,2001,5993390
WEST VIRGINIA,2001,1800975
WISCONSIN,2001,5405947
WYOMING,2001,493754
ALABAMA,2002,4478896
ALASKA,2002,641482
ARIZONA,2002,5441125
ARKANSAS,2002,2706268
CALIFORNIA,2002,35001986
COLORADO,2002,4501051
CONNECTICUT,2002,3458587
DELAWARE,2002,805945
FLORIDA,2002,16691701
GEORGIA,2002,8544005
HAWAII,2002,1240663
IDAHO,2002,1343124
ILLINOIS,2002,12586447
INDIANA,2002,6156913
IOWA,2002,2935840
KANSAS,2002,2711769
KENTUCKY,2002,4089822
LOUISIANA,2002,4476192
MAINE,2002,1294894
MARYLAND,2002,5450525
MASSACHUSETTS,2002,6421800
MICHIGAN,2002,10043221
MINNESOTA,2002,5024791
MISSISSIPPI,2002,2866733
MISSOURI,2002,5669544
MONTANA,2002,910372
NEBRASKA,2002,1727564
NEVADA,2002,2167455
NEW HAMPSHIRE,2002,1274405
NEW JERSEY,2002,8575252
NEW MEXICO,2002,1852044
NEW YORK,2002,19134293
NORTH CAROLINA,2002,8305820
NORTH DAKOTA,2002,633911
OHIO,2002,11408699
OKLAHOMA,2002,3489700
OREGON,2002,3520355
PENNSYLVANIA,2002,12328827
RHODE ISLAND,2002,1068326
SOUTH CAROLINA,2002,4103770
SOUTH DAKOTA,2002,760437
TENNESSEE,2002,5789796
TEXAS,2002,21736925
UTAH,2002,2318789
VERMONT,2002,616408
VIRGINIA,2002,7287829
WASHINGTON,2002,6067060
WEST VIRGINIA,2002,1804884
WISCONSIN,2002,5439692
WYOMING,2002,498830
ALABAMA,2003,4503726
ALASKA,2003,648280
ARIZONA,2003,5579222
ARKANSAS,2003,2727774
CALIFORNIA,2003,35462712
COLORADO,2003,4547633
CONNECTICUT,2003,3486960
DELAWARE,2003,818166
FLORIDA,2003,16999181
GEORGIA,2003,8676460
HAWAII,2003,1248755
IDAHO,2003,1367034
ILLINOIS,2003,12649087
INDIANA,2003,6199571
IOWA,2003,2941976
KANSAS,2003,2724786
KENTUCKY,2003,4118189
LOUISIANA,2003,4493665
MAINE,2003,1309205
MARYLAND,2003,5512310
MASSACHUSETTS,2003,6420357
MICHIGAN,2003,10082364
MINNESOTA,2003,5064172
MISSISSIPPI,2003,2882594
MISSOURI,2003,5719204
MONTANA,2003,918157
NEBRASKA,2003,1737475
NEVADA,2003,2242207
NEW HAMPSHIRE,2003,1288705
NEW MEXICO,2003,1878562
NEW YORK,2003,19212425
NORTH CAROLINA,2003,8421190
NORTH DAKOTA,2003,633400
OHIO,2003,11437680
OKLAHOMA,2003,3506469
OREGON,2003,3564330
PENNSYLVANIA,2003,12370761
RHODE ISLAND,2003,1076084
SOUTH CAROLINA,2003,4148744
SOUTH DAKOTA,2003,764905
TENNESSEE,2003,5845208
TEXAS,2003,22103374
UTAH,2003,2352119
VERMONT,2003,619343
VIRGINIA,2003,7365284
WEST VIRGINIA,2003,1811440
WISCONSIN,2003,5474290
WYOMING,2003,502111
NEW JERSEY,2003,8642412
WASHINGTON,2003,6131298
ALABAMA,2004,4525375
ALASKA,2004,657755
ARIZONA,2004,5739879
ARKANSAS,2004,2750000
CALIFORNIA,2004,35842038
COLORADO,2004,4601821
CONNECTICUT,2004,3498966
DELAWARE,2004,830069
FLORIDA,2004,17385430
GEORGIA,2004,8918129
HAWAII,2004,1262124
IDAHO,2004,1395140
ILLINOIS,2004,12712016
INDIANA,2004,6226537
IOWA,2004,2952904
KANSAS,2004,2733697
KENTUCKY,2004,4141835
LOUISIANA,2004,4506685
MAINE,2004,1314985
MARYLAND,2004,5561332
MASSACHUSETTS,2004,6407382
MICHIGAN,2004,10104206
MINNESOTA,2004,5096546
MISSISSIPPI,2004,2900768
MISSOURI,2004,5759532
MONTANA,2004,926920
NEBRASKA,2004,1747704
NEVADA,2004,2332898
NEW HAMPSHIRE,2004,1299169
NEW MEXICO,2004,1903006
NEW YORK,2004,19280727
NORTH CAROLINA,2004,8540468
NORTH DAKOTA,2004,636308
OHIO,2004,11450143
OKLAHOMA,2004,3523546
OREGON,2004,3591363
PENNSYLVANIA,2004,12394471
RHODE ISLAND,2004,1079916
SOUTH CAROLINA,2004,4197892
SOUTH DAKOTA,2004,770621
TENNESSEE,2004,5893298
TEXAS,2004,22471549
UTAH,2004,2420708
VERMONT,2004,621233
VIRGINIA,2004,7481332
WEST VIRGINIA,2004,1812548
WISCONSIN,2004,5503533
WYOMING,2004,505887
NEW JERSEY,2004,8685166
WASHINGTON,2004,6207046
ALABAMA,2005,4548327
ALASKA,2005,663253
ARIZONA,2005,5953007
ARKANSAS,2005,2775708
CALIFORNIA,2005,36154147
COLORADO,2005,4663295
CONNECTICUT,2005,3500701
DELAWARE,2005,841741
FLORIDA,2005,17768191
GEORGIA,2005,9132553
HAWAII,2005,1273278
IDAHO,2005,1429367
ILLINOIS,2005,12765427
INDIANA,2005,6266019
IOWA,2005,2965524
KANSAS,2005,2748172
KENTUCKY,2005,4172608
LOUISIANA,2005,4507331
MAINE,2005,1318220
MARYLAND,2005,5589599
MASSACHUSETTS,2005,6433367
MICHIGAN,2005,10100833
MINNESOTA,2005,5126739
MISSISSIPPI,2005,2908496
MISSOURI,2005,5797703
MONTANA,2005,934737
NEBRASKA,2005,1758163
NEVADA,2005,2412301
NEW HAMPSHIRE,2005,1306819
NEW MEXICO,2005,1925985
NEW YORK,2005,19315721
NORTH CAROLINA,2005,8672459
NORTH DAKOTA,2005,634605
OHIO,2005,11470685
OKLAHOMA,2005,3543442
OREGON,2005,3638871
PENNSYLVANIA,2005,12405348
RHODE ISLAND,2005,1073579
SOUTH CAROLINA,2005,4246933
SOUTH DAKOTA,2005,774883
TENNESSEE,2005,5955745
TEXAS,2005,22928508
UTAH,2005,2490334
VERMONT,2005,622387
VIRGINIA,2005,7564327
WEST VIRGINIA,2005,1814083
WISCONSIN,2005,5527644
WYOMING,2005,508798
NEW JERSEY,2005,8703150
WASHINGTON,2005,6291899
ALABAMA,2006,4599030
ALASKA,2006,670053
ARIZONA,2006,6166318
ARKANSAS,2006,2810872
CALIFORNIA,2006,36457549
COLORADO,2006,4753377
CONNECTICUT,2006,3504809
DELAWARE,2006,853476
FLORIDA,2006,18089888
GEORGIA,2006,9363941
HAWAII,2006,1285498
IDAHO,2006,1466465
ILLINOIS,2006,12831970
INDIANA,2006,6313520
IOWA,2006,2982085
KANSAS,2006,2764075
KENTUCKY,2006,4206074
LOUISIANA,2006,4287768
MAINE,2006,1321574
MARYLAND,2006,5615727
MASSACHUSETTS,2006,6437193
MICHIGAN,2006,10095643
MINNESOTA,2006,5167101
MISSISSIPPI,2006,2910540
MISSOURI,2006,5842713
MONTANA,2006,944632
NEBRASKA,2006,1768331
NEVADA,2006,2495529
NEW HAMPSHIRE,2006,1314895
NEW MEXICO,2006,1954599
NEW YORK,2006,19306183
NORTH CAROLINA,2006,8856505
NORTH DAKOTA,2006,635867
OHIO,2006,11478006
OKLAHOMA,2006,3579212
OREGON,2006,3700758
PENNSYLVANIA,2006,12440621
RHODE ISLAND,2006,1067610
SOUTH CAROLINA,2006,4321249
SOUTH DAKOTA,2006,781919
TENNESSEE,2006,6038803
TEXAS,2006,23507783
UTAH,2006,2550063
VERMONT,2006,623908
VIRGINIA,2006,7642884
WEST VIRGINIA,2006,1818470
WISCONSIN,2006,5556506
WYOMING,2006,515004
NEW JERSEY,2006,8724560
WASHINGTON,2006,6395798
ALABAMA,2007,4627851
ALASKA,2007,683478
ARIZONA,2007,6338755
ARKANSAS,2007,2834797
CALIFORNIA,2007,36553215
COLORADO,2007,4861515
CONNECTICUT,2007,3502309
DELAWARE,2007,864764
FLORIDA,2007,18251243
GEORGIA,2007,9544750
HAWAII,2007,1283388
IDAHO,2007,1499402
ILLINOIS,2007,12852548
INDIANA,2007,6345289
IOWA,2007,2988046
KANSAS,2007,2775997
KENTUCKY,2007,4241474
LOUISIANA,2007,4293204
MAINE,2007,1317207
MARYLAND,2007,5618344
MASSACHUSETTS,2007,6449755
MICHIGAN,2007,10071822
MINNESOTA,2007,5197621
MISSISSIPPI,2007,2918785
MONTANA,2007,957861
NEBRASKA,2007,1774571
NEVADA,2007,2565382
NEW HAMPSHIRE,2007,1315828
NEW MEXICO,2007,1969915
NEW YORK,2007,19297729
NORTH CAROLINA,2007,9061032
NORTH DAKOTA,2007,639715
OHIO,2007,11466917
OKLAHOMA,2007,3617316
OREGON,2007,3747455
PENNSYLVANIA,2007,12432792
RHODE ISLAND,2007,1057832
SOUTH CAROLINA,2007,4407709
SOUTH DAKOTA,2007,796214
TENNESSEE,2007,6156719
TEXAS,2007,23904380
UTAH,2007,2645330
VERMONT,2007,621254
VIRGINIA,2007,7712091
WEST VIRGINIA,2007,1812035
WISCONSIN,2007,5601640
WYOMING,2007,522830
MISSOURI,2007,5878415
NEW JERSEY,2007,8685920
WASHINGTON,2007,6468424
ALABAMA,2008,4661900
ALASKA,2008,686293
ARIZONA,2008,6500180
ARKANSAS,2008,2855390
CALIFORNIA,2008,36756666
COLORADO,2008,4939456
CONNECTICUT,2008,3501252
DELAWARE,2008,873092
FLORIDA,2008,18328340
GEORGIA,2008,9685744
HAWAII,2008,1288198
IDAHO,2008,1523816
ILLINOIS,2008,12901563
INDIANA,2008,6376792
KANSAS,2008,2802134
KENTUCKY,2008,4269245
LOUISIANA,2008,4410796
MAINE,2008,1316456
MARYLAND,2008,5633597
MASSACHUSETTS,2008,6497967
MICHIGAN,2008,10003422
MINNESOTA,2008,5220393
MISSISSIPPI,2008,2938618
MONTANA,2008,967440
NEBRASKA,2008,1783432
NEVADA,2008,2600167
NEW HAMPSHIRE,2008,1315809
NEW MEXICO,2008,1984356
NEW YORK,2008,19490297
NORTH CAROLINA,2008,9222414
NORTH DAKOTA,2008,641481
OHIO,2008,11485910
OKLAHOMA,2008,3642361
PENNSYLVANIA,2008,12448279
RHODE ISLAND,2008,1050788
SOUTH CAROLINA,2008,4479800
SOUTH DAKOTA,2008,804194
TENNESSEE,2008,6214888
TEXAS,2008,24326974
UTAH,2008,2736424
VIRGINIA,2008,7769089
WEST VIRGINIA,2008,1814468
WISCONSIN,2008,5627967
WYOMING,2008,532668
IOWA,2008,3002555
MISSOURI,2008,5911605
NEW JERSEY,2008,8682661
OREGON,2008,3790060
VERMONT,2008,621270
WASHINGTON,2008,6549224
ALABAMA,2009,4708708
ALASKA,2009,698473
ARIZONA,2009,6595778
ARKANSAS,2009,2889450
CALIFORNIA,2009,36961664
COLORADO,2009,5024748
CONNECTICUT,2009,3518288
DELAWARE,2009,885122
FLORIDA,2009,18537969
GEORGIA,2009,9829211
HAWAII,2009,1295178
IDAHO,2009,1545801
ILLINOIS,2009,12910409
INDIANA,2009,6423113
KANSAS,2009,2818747
KENTUCKY,2009,4314113
LOUISIANA,2009,4492076
MAINE,2009,1318301
MASSACHUSETTS,2009,6593587
MICHIGAN,2009,9969727
MINNESOTA,2009,5266214
MISSISSIPPI,2009,2951996
MONTANA,2009,974989
NEBRASKA,2009,1796619
NEVADA,2009,2643085
NEW HAMPSHIRE,2009,1324575
NEW MEXICO,2009,2009671
NEW YORK,2009,19541453
NORTH CAROLINA,2009,9380884
NORTH DAKOTA,2009,646844
OHIO,2009,11542645
OKLAHOMA,2009,3687050
PENNSYLVANIA,2009,12604767
RHODE ISLAND,2009,1053209
SOUTH CAROLINA,2009,4561242
SOUTH DAKOTA,2009,812383
TENNESSEE,2009,6296254
TEXAS,2009,24782302
UTAH,2009,2784572
VIRGINIA,2009,7882590
WEST VIRGINIA,2009,1819777
WISCONSIN,2009,5654774
WYOMING,2009,544270
IOWA,2009,3007856
MARYLAND,2009,5699478
MISSOURI,2009,5987580
NEW JERSEY,2009,8707739
OREGON,2009,3825657
VERMONT,2009,621760
WASHINGTON,2009,6664195
ALABAMA,2010,4785401
ALASKA,2010,714146
ARIZONA,2010,6413158
ARKANSAS,2010,2921588
CALIFORNIA,2010,37338198
COLORADO,2010,5047692
CONNECTICUT,2010,3575498
DELAWARE,2010,899792
FLORIDA,2010,18838613
GEORGIA,2010,9712157
HAWAII,2010,1363359
IDAHO,2010,1571102
ILLINOIS,2010,12841980
INDIANA,2010,6490622
KANSAS,2010,2859143
KENTUCKY,2010,4347223
LOUISIANA,2010,4545343
MAINE,2010,1327379
MASSACHUSETTS,2010,6555466
MICHIGAN,2010,9877143
MINNESOTA,2010,5310658
MISSISSIPPI,2010,2970072
MONTANA,2010,990958
NEBRASKA,2010,1830141
NEVADA,2010,2704283
NEW HAMPSHIRE,2010,1316807
NEW MEXICO,2010,2065913
NEW YORK,2010,19395206
NORTH DAKOTA,2010,674629
OHIO,2010,11537968
OKLAHOMA,2010,3760184
PENNSYLVANIA,2010,12717722
RHODE ISLAND,2010,1052528
SOUTH CAROLINA,2010,4637106
SOUTH DAKOTA,2010,816598
TENNESSEE,2010,6357436
TEXAS,2010,25253466
UTAH,2010,2775479
VIRGINIA,2010,8023953
WEST VIRGINIA,2010,1854368
WISCONSIN,2010,5691659
WYOMING,2010,564554
IOWA,2010,3050202
MARYLAND,2010,5785681
MISSOURI,2010,5995715
NEW JERSEY,2010,8799593
NORTH CAROLINA,2010,9560234
OREGON,2010,3838332
VERMONT,2010,625909
WASHINGTON,2010,6742950
ALABAMA,2011,4803689
ALASKA,2011,723860
ARIZONA,2011,6467315
ARKANSAS,2011,2938582
CALIFORNIA,2011,37683933
COLORADO,2011,5116302
CONNECTICUT,2011,3586717
DELAWARE,2011,908137
FLORIDA,2011,19082262
GEORGIA,2011,9812460
HAWAII,2011,1378129
IDAHO,2011,1583744
INDIANA,2011,6516353
KANSAS,2011,2870386
KENTUCKY,2011,4366814
LOUISIANA,2011,4574766
MAINE,2011,1328544
MASSACHUSETTS,2011,6607003
MICHIGAN,2011,9876801
MINNESOTA,2011,5347299
MISSISSIPPI,2011,2977457
MONTANA,2011,997667
NEBRASKA,2011,1842234
NEVADA,2011,2720028
NEW MEXICO,2011,2078674
NORTH DAKOTA,2011,684740
OHIO,2011,11541007
OKLAHOMA,2011,3784163
PENNSYLVANIA,2011,12743948
RHODE ISLAND,2011,1050646
SOUTH CAROLINA,2011,4673348
SOUTH DAKOTA,2011,823593
TENNESSEE,2011,6399787
TEXAS,2011,25631778
UTAH,2011,2814347
VIRGINIA,2011,8104384
WEST VIRGINIA,2011,1854908
WISCONSIN,2011,5709843
WYOMING,2011,567356
ILLINOIS,2011,12859752
IOWA,2011,3064097
MARYLAND,2011,5839572
MISSOURI,2011,6008984
NEW HAMPSHIRE,2011,1317807
NEW JERSEY,2011,8834773
NEW YORK,2011,19501616
NORTH CAROLINA,2011,9651103
OREGON,2011,3868229
VERMONT,2011,626592
WASHINGTON,2011,6823267
ALABAMA,2012,4822023
ALASKA,2012,731449
ARIZONA,2012,6553255
CALIFORNIA,2012,38041430
DELAWARE,2012,917092
FLORIDA,2012,19317568
GEORGIA,2012,9919945
HAWAII,2012,1392313
IDAHO,2012,1595728
INDIANA,2012,6537334
KANSAS,2012,2885905
KENTUCKY,2012,4380415
LOUISIANA,2012,4601893
MAINE,2012,1329192
MASSACHUSETTS,2012,6646144
MICHIGAN,2012,9883360
MINNESOTA,2012,5379139
MISSISSIPPI,2012,2984926
MONTANA,2012,1005141
NEBRASKA,2012,1855525
NEVADA,2012,2758931
NEW MEXICO,2012,2085538
NORTH DAKOTA,2012,699628
OHIO,2012,11544225
OKLAHOMA,2012,3814820
PENNSYLVANIA,2012,12763536
SOUTH CAROLINA,2012,4723723
SOUTH DAKOTA,2012,833354
TENNESSEE,2012,6456243
TEXAS,2012,26059203
UTAH,2012,2855287
VIRGINIA,2012,8185867
WEST VIRGINIA,2012,1855413
WISCONSIN,2012,5726398
WYOMING,2012,576412
ARKANSAS,2012,2949131
COLORADO,2012,5187582
CONNECTICUT,2012,3590347
ILLINOIS,2012,12875255
IOWA,2012,3074186
MARYLAND,2012,5884563
MISSOURI,2012,6021988
NEW HAMPSHIRE,2012,1320718
NEW JERSEY,2012,8864590
NEW YORK,2012,19570261
NORTH CAROLINA,2012,9752073
OREGON,2012,3899353
RHODE ISLAND,2012,1050292
VERMONT,2012,626011
WASHINGTON,2012,6897012
ALABAMA,2013,4822023
ALASKA,2013,731449
ARIZONA,2013,6553255
DELAWARE,2013,917092
FLORIDA,2013,19317568
GEORGIA,2013,9919945
HAWAII,2013,1392313
IDAHO,2013,1595728
INDIANA,2013,6537334
KANSAS,2013,2885905
KENTUCKY,2013,4380415
LOUISIANA,2013,4601893
MASSACHUSETTS,2013,6646144
MICHIGAN,2013,9883360
MINNESOTA,2013,5379139
MISSISSIPPI,2013,2984926
MONTANA,2013,1005141
NEBRASKA,2013,1855525
NEVADA,2013,2758931
NEW MEXICO,2013,2085538
NORTH DAKOTA,2013,699628
OHIO,2013,11544225
OKLAHOMA,2013,3814820
PENNSYLVANIA,2013,12763536
SOUTH CAROLINA,2013,4723723
TENNESSEE,2013,6456243
TEXAS,2013,26059203
UTAH,2013,2855287
VIRGINIA,2013,8185867
WEST VIRGINIA,2013,1855413
WISCONSIN,2013,5726398
WYOMING,2013,576412
ARKANSAS,2013,2949131
CALIFORNIA,2013,38041430
COLORADO,2013,5187582
CONNECTICUT,2013,3590347
ILLINOIS,2013,12875255
IOWA,2013,3074186
MAINE,2013,1329192
MARYLAND,2013,5884563
MISSOURI,2013,6021988
NEW HAMPSHIRE,2013,1320718
NEW JERSEY,2013,8864590
NEW YORK,2013,19570261
NORTH CAROLINA,2013,9752073
OREGON,2013,3899353
RHODE ISLAND,2013,1050292
SOUTH DAKOTA,2013,833354
VERMONT,2013,626011
WASHINGTON,2013,6897012
ALABAMA,2014,4822023
ALASKA,2014,731449
ARIZONA,2014,6553255
DELAWARE,2014,917092
FLORIDA,2014,19317568
GEORGIA,2014,9919945
HAWAII,2014,1392313
IDAHO,2014,1595728
INDIANA,2014,6537334
KANSAS,2014,2885905
KENTUCKY,2014,4380415
LOUISIANA,2014,4601893
MASSACHUSETTS,2014,6646144
MICHIGAN,2014,9883360
MINNESOTA,2014,5379139
MISSISSIPPI,2014,2984926
MONTANA,2014,1005141
NEBRASKA,2014,1855525
NEVADA,2014,2758931
NEW MEXICO,2014,2085538
NORTH DAKOTA,2014,699628
OHIO,2014,11544225
OKLAHOMA,2014,3814820
PENNSYLVANIA,2014,12763536
SOUTH CAROLINA,2014,4723723
TENNESSEE,2014,6456243
TEXAS,2014,26059203
UTAH,2014,2855287
VIRGINIA,2014,8185867
WEST VIRGINIA,2014,1855413
WISCONSIN,2014,5726398
WYOMING,2014,576412
ARKANSAS,2014,2949131
CALIFORNIA,2014,38041430
COLORADO,2014,5187582
CONNECTICUT,2014,3590347
ILLINOIS,2014,12875255
IOWA,2014,3074186
MAINE,2014,1329192
MARYLAND,2014,5884563
MISSOURI,2014,6021988
NEW HAMPSHIRE,2014,1320718
NEW JERSEY,2014,8864590
NEW YORK,2014,19570261
NORTH CAROLINA,2014,9752073
OREGON,2014,3899353
RHODE ISLAND,2014,1050292
SOUTH DAKOTA,2014,833354
VERMONT,2014,626011
WASHINGTON,2014,6897012
ALABAMA,2015,4852347
ALASKA,2015,737498
ARIZONA,2015,6829676
ARKANSAS,2015,2978048
CALIFORNIA,2015,38918045
COLORADO,2015,5450623
CONNECTICUT,2015,3587122
DELAWARE,2015,941252
FLORIDA,2015,20209042
GEORGIA,2015,10178447
HAWAII,2015,1422052
IDAHO,2015,1651059
ILLINOIS,2015,12858913
INDIANA,2015,6608422
IOWA,2015,3120960
KANSAS,2015,2909011
KENTUCKY,2015,4425976
LOUISIANA,2015,4664628
MAINE,2015,1328262
MARYLAND,2015,5985562
MASSACHUSETTS,2015,6794228
MICHIGAN,2015,9931715
MINNESOTA,2015,5482032
MISSISSIPPI,2015,2988471
MISSOURI,2015,6071732
MONTANA,2015,1030475
NEBRASKA,2015,1891277
NEVADA,2015,2866939
NEW HAMPSHIRE,2015,1336350
NEW JERSEY,2015,8867949
NEW MEXICO,2015,2089291
NEW YORK,2015,19654666
NORTH CAROLINA,2015,10031646
NORTH DAKOTA,2015,754066
OHIO,2015,11617527
OKLAHOMA,2015,3909500
OREGON,2015,4015792
PENNSYLVANIA,2015,12784826
RHODE ISLAND,2015,1056065
SOUTH CAROLINA,2015,4891938
SOUTH DAKOTA,2015,853988
TENNESSEE,2015,6591170
TEXAS,2015,27470056
UTAH,2015,2981835
VERMONT,2015,625216
VIRGINIA,2015,8361808
WASHINGTON,2015,7163657
WEST VIRGINIA,2015,1842050
WISCONSIN,2015,5760940
WYOMING,2015,585613
ALABAMA,2016,4863525
ALASKA,2016,741456
ARIZONA,2016,6941072
ARKANSAS,2016,2989918
CALIFORNIA,2016,39167117
COLORADO,2016,5539215
CONNECTICUT,2016,3578141
DELAWARE,2016,948921
FLORIDA,2016,20613477
GEORGIA,2016,10301890
HAWAII,2016,1427559
IDAHO,2016,1682380
ILLINOIS,2016,12820527
INDIANA,2016,6634304
IOWA,2016,3131371
KANSAS,2016,2910844
KENTUCKY,2016,4438182
LOUISIANA,2016,4678135
MAINE,2016,1331317
MARYLAND,2016,6003323
MASSACHUSETTS,2016,6823608
MICHIGAN,2016,9950571
MINNESOTA,2016,5522744
MISSISSIPPI,2016,2987938
MISSOURI,2016,6087135
MONTANA,2016,1040859
NEBRASKA,2016,1905616
NEVADA,2016,2917563
NEW HAMPSHIRE,2016,1342307
NEW JERSEY,2016,8870827
NEW MEXICO,2016,2091630
NEW YORK,2016,19633428
NORTH CAROLINA,2016,10154788
NORTH DAKOTA,2016,754434
OHIO,2016,11634370
OKLAHOMA,2016,3926331
OREGON,2016,4089976
PENNSYLVANIA,2016,12782275
RHODE ISLAND,2016,1056770
SOUTH CAROLINA,2016,4957968
SOUTH DAKOTA,2016,862996
TENNESSEE,2016,6646010
TEXAS,2016,27914410
UTAH,2016,3041868
VERMONT,2016,623657
VIRGINIA,2016,8410106
WASHINGTON,2016,7294771
WEST VIRGINIA,2016,1831023
WISCONSIN,2016,5772628
WYOMING,2016,584215
ALABAMA,2017,4874486
ALASKA,2017,739700
ARIZONA,2017,7044008
ARKANSAS,2017,3001345
CALIFORNIA,2017,39358497
COLORADO,2017,5611885
CONNECTICUT,2017,3573297
DELAWARE,2017,956823
FLORIDA,2017,20963613
GEORGIA,2017,10410330
HAWAII,2017,1424393
IDAHO,2017,1717715
ILLINOIS,2017,12778828
INDIANA,2017,6658078
IOWA,2017,3141550
KANSAS,2017,2908718
KENTUCKY,2017,4452268
LOUISIANA,2017,4670560
MAINE,2017,1334612
MARYLAND,2017,6023868
MASSACHUSETTS,2017,6859789
MICHIGAN,2017,9973114
MINNESOTA,2017,5566230
MISSISSIPPI,2017,2988510
MISSOURI,2017,6106670
MONTANA,2017,1052482
NEBRASKA,2017,1915947
NEVADA,2017,2969905
NEW HAMPSHIRE,2017,1348787
NEW JERSEY,2017,8885525
NEW MEXICO,2017,2091784
NEW YORK,2017,19589572
NORTH CAROLINA,2017,10268233
NORTH DAKOTA,2017,754942
OHIO,2017,11659650
OKLAHOMA,2017,3931316
OREGON,2017,4143625
PENNSYLVANIA,2017,12787641
RHODE ISLAND,2017,1055673
SOUTH CAROLINA,2017,5021268
SOUTH DAKOTA,2017,872868
TENNESSEE,2017,6708799
TEXAS,2017,28295273
UTAH,2017,3101042
VERMONT,2017,624344
VIRGINIA,2017,8463587
WASHINGTON,2017,7423362
WEST VIRGINIA,2017,1817004
WISCONSIN,2017,5790186
WYOMING,2017,578931
ALABAMA,2018,4887681
ALASKA,2018,735139
ARIZONA,2018,7158024
ARKANSAS,2018,3009733
CALIFORNIA,2018,39461588
COLORADO,2018,5691287
CONNECTICUT,2018,3571520
DELAWARE,2018,965479
FLORIDA,2018,21244317
GEORGIA,2018,10511131
HAWAII,2018,1420593
IDAHO,2018,1750536
ILLINOIS,2018,12723071
INDIANA,2018,6695497
IOWA,2018,3148618
KANSAS,2018,2911359
KENTUCKY,2018,4461153
LOUISIANA,2018,4659690
MAINE,2018,1339057
MARYLAND,2018,6035802
MASSACHUSETTS,2018,6882635
MICHIGAN,2018,9984072
MINNESOTA,2018,5606249
MISSISSIPPI,2018,2981020
MISSOURI,2018,6121623
MONTANA,2018,1060665
NEBRASKA,2018,1925614
NEVADA,2018,3027341
NEW HAMPSHIRE,2018,1353465
NEW JERSEY,2018,8886025
NEW MEXICO,2018,2092741
NEW YORK,2018,19530351
NORTH CAROLINA,2018,10381615
NORTH DAKOTA,2018,758080
OHIO,2018,11676341
OKLAHOMA,2018,3940235
OREGON,2018,4181886
PENNSYLVANIA,2018,12800922
RHODE ISLAND,2018,1058287
SOUTH CAROLINA,2018,5084156
SOUTH DAKOTA,2018,878698
TENNESSEE,2018,6771631
TEXAS,2018,28628666
UTAH,2018,3153550
VERMONT,2018,624358
VIRGINIA,2018,8501286
WASHINGTON,2018,7523869
WEST VIRGINIA,2018,1804291
WISCONSIN,2018,5807406
WYOMING,2018,577601
ALABAMA,2019,4903185
ALASKA,2019,731545
ARIZONA,2019,7278717
ARKANSAS,2019,3017804
CALIFORNIA,2019,39512223
COLORADO,2019,5758736
CONNECTICUT,2019,3565287
DELAWARE,2019,973764
FLORIDA,2019,21477737
GEORGIA,2019,10617423
HAWAII,2019,1415872
IDAHO,2019,1787065
ILLINOIS,2019,12671821
INDIANA,2019,6732219
IOWA,2019,3155070
KANSAS,2019,2913314
KENTUCKY,2019,4467673
LOUISIANA,2019,4648794
MAINE,2019,1344212
MARYLAND,2019,6045680
MASSACHUSETTS,2019,6892503
MICHIGAN,2019,9986857
MINNESOTA,2019,5639632
MISSISSIPPI,2019,2976149
MISSOURI,2019,6137428
MONTANA,2019,1068778
NEBRASKA,2019,1934408
NEVADA,2019,3080156
NEW HAMPSHIRE,2019,1359711
NEW JERSEY,2019,8882190
NEW MEXICO,2019,2096829
NEW YORK,2019,19453561
NORTH CAROLINA,2019,10488084
NORTH DAKOTA,2019,762062
OHIO,2019,11689100
OKLAHOMA,2019,3956971
OREGON,2019,4217737
PENNSYLVANIA,2019,12801989
RHODE ISLAND,2019,1059361
SOUTH CAROLINA,2019,5148714
SOUTH DAKOTA,2019,884659
TENNESSEE,2019,6829174
TEXAS,2019,28995881
UTAH,2019,3205958
VERMONT,2019,623989
VIRGINIA,2019,8535519
WASHINGTON,2019,7614893
WEST VIRGINIA,2019,1792147
WISCONSIN,2019,5822434
WYOMING,2019,578759
ALABAMA,2020,5031362
ALASKA,2020,732923
ARIZONA,2020,7179943
ARKANSAS,2020,3014195
CALIFORNIA,2020,39501653
COLORADO,2020,5784865
CONNECTICUT,2020,3597362
DELAWARE,2020,992114
FLORIDA,2020,21589602
GEORGIA,2020,10729828
HAWAII,2020,1451043
IDAHO,2020,1849202
ILLINOIS,2020,12786580
INDIANA,2020,6788799
IOWA,2020,3190571
KANSAS,2020,2937919
KENTUCKY,2020,4507445
LOUISIANA,2020,4651664
MAINE,2020,1363557
MARYLAND,2020,6173205
MASSACHUSETTS,2020,6995729
MICHIGAN,2020,10069577
MINNESOTA,2020,5709852
MISSISSIPPI,2020,2958141
MISSOURI,2020,6153998
MONTANA,2020,1087075
NEBRASKA,2020,1962642
NEVADA,2020,3115648
NEW HAMPSHIRE,2020,1378587
NEW JERSEY,2020,9271689
NEW MEXICO,2020,2118390
NEW YORK,2020,20108296
NORTH CAROLINA,2020,10449445
NORTH DAKOTA,2020,779518
OHIO,2020,11797517
OKLAHOMA,2020,3964912
OREGON,2020,4244795
PENNSYLVANIA,2020,12994440
RHODE ISLAND,2020,1096345
SOUTH CAROLINA,2020,5131848
SOUTH DAKOTA,2020,887799
TENNESSEE,2020,6925619
TEXAS,2020,29232474
UTAH,2020,3283785
VERMONT,2020,642893
VIRGINIA,2020,8636471
WASHINGTON,2020,7724031
WEST VIRGINIA,2020,1791420
WISCONSIN,2020,5896271
WYOMING,2020,577605
ALABAMA,2021,5049846
ALASKA,2021,734182
ARIZONA,2021,7264877
ARKANSAS,2021,3028122
CALIFORNIA,2021,39142991
COLORADO,2021,5811297
CONNECTICUT,2021,3623355
DELAWARE,2021,1004807
FLORIDA,2021,21828069
GEORGIA,2021,10788029
HAWAII,2021,1447154
IDAHO,2021,1904314
ILLINOIS,2021,12686469
INDIANA,2021,6813532
IOWA,2021,3197689
KANSAS,2021,2937922
KENTUCKY,2021,4506589
LOUISIANA,2021,4627098
MAINE,2021,1377238
MARYLAND,2021,6174610
MASSACHUSETTS,2021,6989690
MICHIGAN,2021,10037504
MINNESOTA,2021,5711471
MISSISSIPPI,2021,2949586
MISSOURI,2021,6169823
MONTANA,2021,1106227
NEBRASKA,2021,1963554
NEVADA,2021,3146402
NEW HAMPSHIRE,2021,1387505
NEW JERSEY,2021,9267961
NEW MEXICO,2021,2116677
NEW YORK,2021,19857492
NORTH CAROLINA,2021,10565885
NORTH DAKOTA,2021,777934
OHIO,2021,11764342
OKLAHOMA,2021,3991225
OREGON,2021,4256301
PENNSYLVANIA,2021,13012059
RHODE ISLAND,2021,1096985
SOUTH CAROLINA,2021,5193266
SOUTH DAKOTA,2021,896164
TENNESSEE,2021,6968351
TEXAS,2021,29558864
UTAH,2021,3339113
VERMONT,2021,646972
VIRGINIA,2021,8657365
WASHINGTON,2021,7740745
WEST VIRGINIA,2021,1785526
WISCONSIN,2021,5880101
WYOMING,2021,579483
ALABAMA,2022,5074296
ALASKA,2022,733583
ARIZONA,2022,7359197
ARKANSAS,2022,3045637
CALIFORNIA,2022,39029342
COLORADO,2022,5839926
CONNECTICUT,2022,3626205
DELAWARE,2022,1018396
FLORIDA,2022,22244823
GEORGIA,2022,10912876
HAWAII,2022,1440196
IDAHO,2022,1939033
ILLINOIS,2022,12582032
INDIANA,2022,6833037
IOWA,2022,3200517
KANSAS,2022,2937150
KENTUCKY,2022,4512310
LOUISIANA,2022,4590241
MAINE,2022,1385340
MARYLAND,2022,6164660
MASSACHUSETTS,2022,6981974
MICHIGAN,2022,10034113
MINNESOTA,2022,5717184
MISSISSIPPI,2022,2940057
MISSOURI,2022,6177957
MONTANA,2022,1122867
NEBRASKA,2022,1967923
NEVADA,2022,3177772
NEW HAMPSHIRE,2022,1395231
NEW JERSEY,2022,9261699
NEW MEXICO,2022,2113344
NEW YORK,2022,19677151
NORTH CAROLINA,2022,10698973
NORTH DAKOTA,2022,779261
OHIO,2022,11756058
OKLAHOMA,2022,4019800
OREGON,2022,4240137
PENNSYLVANIA,2022,12972008
RHODE ISLAND,2022,1093734
SOUTH CAROLINA,2022,5282634
SOUTH DAKOTA,2022,909824
TENNESSEE,2022,7051339
TEXAS,2022,30029572
UTAH,2022,3380800
VERMONT,2022,647064
VIRGINIA,2022,8683619
WASHINGTON,2022,7785786
WEST VIRGINIA,2022,1775156
WISCONSIN,2022,5892539
WYOMING,2022,581381
